Année,Pays,Code Pays,"Espérance de vie à la naissance, hommes (années)","Espérance de vie à la naissance, femmes (années)","Espérance de vie à la naissance à 60 ans, femmes (années)","Espérance de vie à la naissance à 60 ans, hommes (années)","Taux de mortalité infantile, filles (pour 1 000 naissances vivantes)","Taux de mortalité infantile, garçons (pour 1 000 naissances vivantes)",PIB par habitant ($ US courants),Gini index,"Taux de mortalité, adultes, hommes (pour 1 000 hommes adultes)","Taux de mortalité, adultes, femmes (pour 1 000 femmes adultes)","Chômage, femmes (% de la population active féminine)","Chômage, hommes (% de la population active masculine)",Émissions de CO2 par habitant (tonnes),"Taux de naissance, brut (pour 1 000 personnes)","Population âgée de 15 à 64 ans, hommes","Population âgée de 15 à 64 ans, femmes",Dépenses de santé actuelles (% du PIB),"Mortalité prématurée par maladies cardiovasculaires, cancer, diabète ou maladies respiratoires chroniques (femmes, 30-70 ans)","Mortalité prématurée par maladies cardiovasculaires, cancer, diabète ou maladies respiratoires chroniques (hommes, 30-70 ans)",Incidence du VIH (% de la population de 15 à 49 ans),"Prévalence du VIH, total (% de la population âgée de 15 à 49 ans)","Population âgée de 0 à 4 ans, filles (% de la population féminine)","Population âgée de 0 à 4 ans, garçons (% de la population masculine)","Population âgée de 5 à 9 ans, filles (% de la population féminine)","Population âgée de 5 à 9 ans, garçons (% de la population masculine)","Population âgée de 10 à 14 ans, filles (% de la population féminine)","Population âgée de 10 à 14 ans, garçons (% de la population masculine)","Population âgée de 15 à 19 ans, filles (% de la population féminine)","Population âgée de 15 à 19 ans, garçons (% de la population masculine)","Population âgée de 20 à 24 ans, femmes (% de la population féminine)","Population âgée de 20 à 24 ans, hommes (% de la population masculine)","Population âgée de 25 à 29 ans, femmes (% de la population féminine)","Population âgée de 25 à 29 ans, hommes (% de la population masculine)","Population âgée de 30 à 34 ans, femmes (% de la population féminine)","Population âgée de 30 à 34 ans, hommes (% de la population masculine)","Population âgée de 35 à 39 ans, femmes (% de la population féminine)","Population âgée de 35 à 39 ans, hommes (% de la population masculine)","Population âgée de 40 à 44 ans, femmes (% de la population féminine)","Population âgée de 40 à 44 ans, hommes (% de la population masculine)","Population âgée de 45 à 49 ans, femmes (% de la population féminine)","Population âgée de 45 à 49 ans, hommes (% de la population masculine)","Population âgée de 50 à 54 ans, femmes (% de la population féminine)","Population âgée de 50 à 54 ans, hommes (% de la population masculine)","Population âgée de 55 à 59 ans, femmes (% de la population féminine)","Population âgée de 55 à 59 ans, hommes (% de la population masculine)","Population âgée de 60 à 64 ans, femmes (% de la population féminine)","Population âgée de 60 à 64 ans, hommes (% de la population masculine)","Population âgée de 65 à 69 ans, femmes (% de la population féminine)","Population âgée de 65 à 69 ans, hommes (% de la population masculine)","Population âgée de 70 à 74 ans, femmes (% de la population féminine)","Population âgée de 70 à 74 ans, hommes (% de la population masculine)","Population âgée de 75 à 79 ans, femmes (% de la population féminine)","Population âgée de 75 à 79 ans, hommes (% de la population masculine)","Population âgée de 80 ans et plus, femmes (% de la population féminine)","Population âgée de 80 ans et plus, hommes (% de la population masculine)"
2000,Afrique du Sud,ZAF,55.415,61.082,18.9311,16.1083,43.1,50.5,3217.84693448467,57.8,473.064,342.502,26.044,19.934,7.36427840038657,21.567,13196113,15264326,7.3366189,17.7,26.9,21.9,13.8,10.2101250304674,11.6271030476596,10.9168821462024,12.3842674559873,11.6753798116034,13.213378018836,10.8912129330642,12.2554893042244,9.41739231751954,9.45747647686406,8.5958461502586,8.02876704142981,7.57493771432015,6.70345887355497,6.70499528990247,5.98768664595727,5.5206934110648,5.134559829947,4.29857172642564,4.0144660507945,3.31753412764625,3.09027191408378,2.80373359644731,2.37852135495922,2.56495919417544,1.81828933033956,2.21120377192547,1.5375889158445,1.5257571751038,1.10763842876201,0.889005902080166,0.66180647771457,0.881769701792973,0.599230833041448
2000,Allemagne,DEU,75,81,23.6537,19.2954,3.9,4.8,23925.8559901991,28.9,125.456,63.354,8.271,7.641,10.6035726774407,9.3,28242796,27567037,9.88843536,11.2,21.1,,,4.6124810605923,5.1278251603405,4.81577047715405,5.34155471724578,5.43217897109263,6.02072152865866,5.32999420440519,5.87976195257705,5.38903384194133,5.82816950435807,5.89023186059029,6.43871342382528,7.83947353939477,8.68624720583293,8.27399845989871,9.17313076248487,7.32600244039711,8.03570686225654,6.69441753116997,7.13020846795359,5.6758864302543,6.06560980957578,6.11594293024783,6.45986960557869,6.79156016490609,6.88720438207886,5.14241352089988,4.83888660183594,4.91118158956016,3.82735988007754,4.53975001952725,2.35867877817568,5.21968295796813,1.90035135714425
2000,Brésil,BRA,66.347,72.96,19.4932,16.5902,25.7,32.3,3766.54811466032,,229.109,122.93,14.229,8.66,2.00781892560001,19.879,56191793,56856984,8.33457184,17.2,24.8,0.26,0.3,9.63846898435843,10.1234435426427,9.58559475762123,10.0316129258071,9.98952582450335,10.406356609867,10.1542115363412,10.5032066110456,9.38617366465169,9.58333777688708,8.38344884641973,8.47557023595189,7.72078141662648,7.75395985413238,7.34578993402105,7.33328119820633,6.41522364315556,6.3561281125012,5.34959016093192,5.23598647922789,4.20432128789161,4.07072879887584,3.25348569643874,3.19351634575032,2.71929480900854,2.48983845042959,2.2710296077797,1.84401215497212,1.71359500539583,1.29598606791482,1.04649992941405,0.751320695504031,0.822964895440884,0.551714140284083
2000,Canada,CAN,76.64,81.82,24.4753,20.5342,4.8,5.7,24271.0020563821,33.4,100.915,61.046,6.695,6.942,17.6969816263129,10.7,10526057,10419051,8.24814415,11.3,17.7,0.14,0.2,5.65493596375612,6.04752992182336,6.42307733353382,6.87956761430348,6.47822819625272,6.94363214253188,6.5715991292131,7.09365124809088,6.52697913609117,6.97771639436817,6.61831824576351,6.92543403627947,7.27343383679927,7.54882627119822,8.60169184220706,8.91355997633102,8.38077432400935,8.54529766984123,7.50354263132204,7.55126903586499,6.5756948234751,6.65731527082723,5.0549488020591,5.06763138975487,4.12278737568582,4.02413922385159,3.81822219243924,3.60867629460396,3.52355653937678,3.01359985519997,3.02509965147821,2.1936419119555,3.84710997653757,2.0085117431742
2000,Chine,CHN,69.85,74.895,20.9973,17.7616,28.2,31.6,969.199513696287,,148.896,86.709,2.834,3.613,2.90418209393773,14.03,440805428,423328959,4.50828123,19.7,28.3,,,6.35504705613466,7.04799188664959,7.66095592986161,8.28605196512596,9.61522043744026,10.0844008985268,8.27013467585805,8.46457287343539,7.55213286034719,7.64589883217845,9.54945273233868,9.58684078237585,9.92299649828525,9.88257157340466,8.26575668816411,8.18610692524061,6.63068519032566,6.51381109859992,6.82902210450446,6.592920219016,4.79611530422691,4.75217782935542,3.54499817333084,3.56625253979766,3.17025888121402,3.15807990681482,2.7976915166491,2.58809027599078,2.12286356359986,1.80127580523665,1.51764556658343,1.11434461397955,1.3990228211359,0.728611974271865
2000,Chili,CHL,74.021,80.149,23.5846,19.6948,8.3,10,5052.99245766325,52.8,139.187,71.847,12.487,9.453,3.47348218659688,16.322,5040515,5038306,7.00020742,11.8,16.4,0.21,0.2,8.26197475295546,8.72430308515629,8.96473356057937,9.45755752416142,8.87536831951819,9.35054653130825,8.26427900645981,8.64592947593783,8.01965586006005,8.33342678186527,8.00875719028185,8.24464959620187,7.95014956145691,8.08578925258049,7.5677590133379,7.60004270327827,6.87406317492885,6.86046833465706,5.94757354724679,5.892332901223,4.90314336763633,4.81238332842756,3.8453562199408,3.75595037578302,3.29633412523059,3.11404646814137,2.97955382591769,2.67295427281367,2.68350538961044,2.24632337284337,1.82415362169279,1.34907486277488,1.73363946314616,0.854221132846412
2000,Corée du Sud,KOR,72.3,79.7,23.1109,17.6953,5.5,6.2,12257.0206622345,,161.467,64.232,3.231,4.623,10.0867252462027,13.5,17446283,16366112,3.85544205,10.9,23.1,,,6.62000423740342,7.19091763546605,7.01841194401426,7.82236140297328,6.34912073878987,6.9175146476128,7.96069770082074,8.45907161500063,8.09474737896712,8.85666933763597,9.12078686767708,9.30436945138154,8.88505043416995,9.07117229275813,9.08352219353701,9.27246099340675,8.49365116117201,8.71647223069321,6.12169521049941,6.27490375708696,4.960012919819,5.01787713012348,4.36217408297859,4.12912066054443,4.0817821045865,3.55921224120977,3.30960219872941,2.47887943289519,2.42190879617423,1.46945314609044,1.65540862806579,0.897750870255885,1.46142340259561,0.561793154865474
2000,Côte d'Ivoire,CIV,50.313,52.548,14.9459,13.9837,81.9,100.4,936.636541348798,,428.367,415.409,4.895,4.767,0.39364361972007,44.278,4602899,4517805,4.00220871,16.2,26.5,5.2,6.7,18.1580639670624,18.085261080194,15.0441346525899,14.8979548818844,13.0214731792131,12.8712849025725,11.1976350203006,10.9633698820404,10.0668103811804,9.73230247860997,8.31345317897796,8.2013263883951,6.39187309702127,6.31251154062454,4.96482398247165,4.85721665289989,3.54823058438482,3.67670456254112,2.4216086775745,2.72326980567907,1.6849889703834,2.07216638847379,1.45814365427461,1.77592821752612,1.26898094475491,1.43103463297512,0.995916931973609,1.04772148373155,0.693195259567847,0.689022712511203,0.432801916763978,0.399642166863449,0.337865601504987,0.263282222477666
2000,Espagne,ESP,75.6,82.5,25.1265,20.4525,4,4.7,14743.2671031455,34.1,118.721,47.685,20.367,9.497,7.72138015449864,9.8,14008501,13835777,6.7992177,8.2,19.3,0.16,0.5,4.38569837026001,4.81515602042802,4.63478236114806,5.08467939416759,5.11323345823407,5.62339589816741,6.09883587059432,6.73348824814922,7.75746522316245,8.49856267112447,8.07052673388093,8.81625689824002,8.03248882895424,8.62019904196615,7.86442962189097,8.25455991753945,7.08075827666814,7.32028373327888,6.0797007956164,6.28352529997778,5.91895371555295,5.98393983748445,5.25782634023997,5.2497936847316,4.830461966728,4.58150255121778,5.36659123651396,4.86067251080095,4.77672956524473,3.95718842719581,3.86265862185848,2.82210186019944,4.86885901345233,2.49469400533097
2000,France,FRA,75.3,83,25.5799,20.3812,3.6,4.6,22340.5939516217,32.6,138.639,60.936,12.205,8.543,6.58601475170309,13.3,19704733,19932120,9.58447742,8.7,19.7,0.17,0.2,5.94934791133436,6.65032698679319,5.816406258928,6.45941495864754,6.17236050448347,6.8650480053252,6.22300051229358,6.87142779592287,6.16597071143505,6.75540466767451,6.81614276567352,7.21406864075962,7.00965031800403,7.28146016045156,7.2411766492082,7.50750262161398,7.14675007028119,7.4040623394602,7.03024980923676,7.29034889640106,6.74785001585204,7.09311945475212,4.59046716015329,4.77521435065454,4.57605829110748,4.48360489981086,4.81760030456816,4.33854523412749,4.59759323237003,3.71778918319846,4.15284959628719,2.91731605986836,4.94652588878364,2.37534574453846
2000,Inde,IND,61.76,63.794,17.7182,15.778,66.5,66.1,442.750218937263,,247.673,187.191,7.686,7.601,0.941139242916713,27.518,328969862,306168114,4.10568476,20,25.7,,,12.3030569384259,12.6113771218266,11.691983390002,11.9168281693837,11.2024270352748,11.3567207668601,10.2330145369342,10.4124316734531,9.02211375942166,9.1637549063534,8.04791391629735,8.12096857829682,7.11173750649094,7.16144796788713,6.34467641326657,6.41603473900534,5.56279447604465,5.65209608962984,4.70188634680756,4.75644460778944,3.57155405101326,3.49349310160109,2.88468144799259,2.70818592486313,2.47391013117064,2.22803352527152,1.92859175959311,1.68441957792371,1.34585004951678,1.1584616184273,0.848984659344059,0.680055393348056,0.724823582403812,0.479246238079803
2000,Indonésie,IDN,64.61,67.98,17.4624,15.3564,37.2,45.1,763.711124950924,30.3,220.596,177.125,6.706,5.683,1.38418807411905,21.688,69226388,69462029,1.85297656,25,26.9,0.14,0.1,10.3056884261805,10.8225278895608,9.93247843587549,10.4399041560431,9.81304218909149,10.2897186260155,10.0472084635539,10.4475193401492,9.56989603502547,9.79704384041255,8.91479320997964,9.00533818215383,8.16889433963218,8.18350625685266,7.08393952775032,7.05560620461954,5.86521700962313,5.80008067456931,4.56806322439803,4.46439013284833,3.71705956672788,3.46507831284127,3.45143381008354,3.08277934724558,3.02163699417388,2.66028030335911,2.36178622411177,2.00345311918454,1.61865934509839,1.33172634038547,0.90953444709216,0.713270740283531,0.650668751602246,0.437776533475708
2000,Iran,IRN,67.839,72.716,19.2338,16.9019,30.3,32.5,1650.01385832603,,188.289,108.984,19.38,10.313,5.32876311158285,15.966,21134435,20209459,4.72250843,15.6,22,,,7.8664073564697,7.92305629917841,11.4158303128199,11.4264992384642,14.3620421961927,14.1178163240984,13.8485279143127,13.4852507529098,10.1230969389923,10.2239010480822,7.33391405040836,7.54220236265528,6.5634867235482,6.73513195439336,5.94893133894364,6.18543088875353,5.43220268258885,5.70146099701631,4.46256973266737,4.71938584408241,3.29615990007468,3.42918811831487,2.5329591840166,2.53320981115983,2.2372963427052,2.14670410030146,1.84392599388061,1.6704686839931,1.33549387801518,1.12151080442728,0.869787111504709,0.671791258523758,0.527368342859274,0.366991513645742
2000,Japon,JPN,77.72,84.6,26.7716,21.4031,3,3.5,39169.3595701504,,98.382,47.678,4.505,4.912,9.84529536513643,9.5,43758317,42720289,7.03456163,7.5,15.3,,,4.46271872248796,4.85341258118048,4.47542733393432,4.85433612000102,4.85492194792534,5.2796713635925,5.54723259974248,6.02392120802143,6.43119332591162,6.90144954859879,7.58512161255029,8.08016758724307,6.55911056977623,7.11608509237001,6.06006422686062,6.61217782290224,5.93941336222307,6.42068116814152,6.80216750801929,7.25041517431583,8.34262596163047,8.66467322599576,6.78049617681638,6.92652274725333,6.22995544193672,6.14494400789806,5.81392676519937,5.41262574083079,5.0227016450638,4.30196146920813,3.97268157441191,2.68294909890181,5.12024122551014,2.47400604354521
2000,Maroc,MAR,65.13,68.54,17.7111,15.9048,40.7,49.4,1499.107421875,40.6,215.36,167.633,13.016,13.765,1.18059270457635,22.689,8698140,8822566,3.69304585,23.4,24.6,0.1,0.1,10.8526990666714,11.4166079240269,11.1173202253288,11.6539081898415,11.3028704311679,11.7225082252853,11.0271575366581,11.1621646665399,9.85244604526698,9.67970639240968,8.61723449721768,8.32159269970998,7.53851732279364,7.23063741018306,6.72688731318504,6.5112562897254,5.55681854583392,5.6441142295848,4.40610386973165,4.51017515148268,3.33765995701317,3.20057128335572,2.82331598591491,2.52572475014686,2.36421901973045,2.25054920903478,1.87511368676458,1.85640425293554,1.39876173328552,1.32310493893239,0.773496875757177,0.65914206519298,0.429377887679099,0.331832321612629
2000,Mexique,MEX,70.139,74.972,20.6577,19.2044,21.2,26.1,7524.0271380091,53.4,196.857,111.048,3.377,2.269,4.02242412797852,24.192,28699190,31132808,4.24436522,16.2,17.9,0.26,0.2,11.1181949089788,12.0333762722893,11.2032556363519,12.0606489946541,10.7495227947848,11.5349641304886,10.2767334493065,10.4247383120568,9.60188016774162,9.19795999330729,8.77300051856994,8.27517665028884,7.68866820659018,7.27011625162724,6.71258959796662,6.38738391209838,5.56259388800831,5.36177008221912,4.40721630588374,4.28438801771816,3.53000383824977,3.44452645837169,2.82469324220347,2.74271352468308,2.31363434696549,2.2027626253425,1.82125546237237,1.70548628461032,1.34442773122582,1.25628422950391,0.925839545307101,0.859833593307885,1.1464903594936,0.957870667432838
2000,Nigeria,NGA,46.255,48.038,14.6081,14.0024,89.2,104.6,547.318298903379,,420.766,386.687,3.868,4.048,0.793658969888662,43.892,33514546,33752995,3.1973834,19.2,22.7,2.5,2.2,17.384387447193,17.7982937342635,13.9113130558228,14.2615771389652,11.9316829124986,12.1859628772877,10.6857158094712,10.8900851810313,9.22023374646486,9.34821136172714,7.42515354893547,7.44092745179974,6.00230260502946,5.98741440649968,5.03787902951423,4.93359992914136,4.24423588986785,4.0924135140117,3.54399180517633,3.34824689849464,2.93756122374142,2.77849012396651,2.46238792511609,2.34581457346086,1.93526674126472,1.79160533223113,1.42240400539322,1.27610335757431,0.952070163323932,0.823199185564918,0.550885792113921,0.449340224516683,0.352528299072868,0.248714709463658
2000,Pérou,PER,68.148,71.558,18.723,16.5353,27.1,32.6,1945.41338451698,49.1,173.246,134.292,5.019,4.915,1.08969619184001,23.836,8088945,8129262,4.41482639,11.1,10.9,0.4,0.4,11.4379351974997,11.7997581919328,11.5472142937976,11.8740786236403,11.2460823968977,11.5305963899155,10.4436260126626,10.6414328744869,9.59916584037138,9.74111077796869,8.63376742516478,8.71322179935294,7.41608660405075,7.4299586832033,6.30456498493324,6.25680533541677,5.38949133040083,5.24896875142839,4.58110375989414,4.36766995118055,3.70002905001702,3.4928199169142,2.81945111462458,2.67663224482896,2.30074328376891,2.19283958621382,1.80128922763724,1.68241055698672,1.26062546993643,1.1289547001044,0.805384342940287,0.686096869929742,0.713439665402815,0.53664474649608
2000,Royaume-Uni,GBR,75.4,80.2,23.0194,19.4471,4.9,6.1,28280.926786099,38.8,108.445,67.6,4.863,6.141,9.36756919563665,11.5,18931889,19451702,7.15692902,13,20,,,5.72587752648648,6.39216422334673,6.13784331612167,6.85419655748894,6.08219975370128,6.73901026484115,6.02215899749897,6.64030735020512,5.90435824180934,6.29585400079336,6.82910321155357,7.19564245013695,7.66927285844462,7.68439085054807,7.47824798118934,7.48612574791494,6.89853812203511,7.01936566379627,6.39630497693815,6.46651931292851,6.60352519870559,6.98449348655947,5.46901469584556,5.51553947845006,4.83432183925611,5.02557028112962,4.44965447275206,4.34780968513203,4.25567184183182,3.76661080633007,3.91192006769312,2.93728102610373,5.33198689813718,2.64911881429498
2000,Russie,RUS,59.03,72.26,18.4034,13.0408,13.3,17.7,1771.59411621094,37.1,454.196,153.419,10.368,10.781,11.467802221615,8.7,49354938,52756706,5.01989794,24.4,50.8,,,3.97880338128088,4.77109349469966,5.0313263831283,6.01018690126163,7.53188343869418,8.91243834051296,7.58318810590393,8.86989360696954,7.03887054182257,8.15845650397776,6.60716159877629,7.71344423274244,6.10209425883243,7.07040422686582,7.66936962943167,8.5989394364504,8.33622981746434,8.92660655532934,7.65183711594128,7.87856319432352,6.10025735474316,5.95627071389835,3.92108875084672,3.46975848922834,6.57801370709352,5.36590704903237,4.74239865086499,3.39908506044987,5.22727732680609,3.02808819067195,3.07645720929364,1.12712310841157,2.82374272907599,0.74374089517446
2000,Sénégal,SEN,56.091,59.122,16.1064,14.7842,66.2,81,603.233162455158,,289.478,230.179,2.901,2.55,0.400250394752946,39.3,2569691,2696039,3.55015373,23.1,26.1,1.2,0.7,16.2694036544933,17.0171829192379,14.0147190738382,14.5956921352171,12.7832727885459,13.233325581844,11.4055278299526,11.7508989527366,9.54798071157058,9.6663339280655,7.59522051353213,7.53972807504796,5.99315092254397,5.82592456819297,4.79799186238409,4.50003401854468,3.90191248841554,3.53062735273778,3.25863444659751,2.9530940120253,2.75971235857051,2.57543739216883,2.27510295917811,2.08823090366456,1.9101492226644,1.75904309388001,1.49495239841609,1.34384421740592,1.04589674842278,0.901867161137215,0.605186862854905,0.484728719877086,0.341185158019417,0.234006968216525
2000,Suède,SWE,77.4,82,24.3102,20.6767,3,3.7,29632.7736101599,27,87.232,56.208,5,5.892,6.53533449600315,10.2,2898338,2806816,7.32689953,10.6,15.8,,0.1,5.02991934784494,5.41804911476967,6.48539011525654,6.97727275835955,6.23703756878463,6.73065480736306,5.49249268597292,5.93334111470949,5.67072019340287,6.02268255951955,6.5035260934033,6.88316674045296,6.91154658761595,7.39923383840848,6.76353827917546,7.26024052659247,6.40611348552098,6.79597961218655,6.44642061335053,6.76716420360275,7.1556410248979,7.46005623564074,6.30715146094389,6.61923446760569,4.91729124508227,4.93224503492728,4.4384657519832,4.1180501634317,4.42982691789362,3.76893689835866,4.37736968792518,3.35305121893282,6.42754894094582,3.56064070513858
2000,Suisse,CHE,76.9,82.6,25.0217,20.8866,4.2,5.1,38865.021939688,33.4,99.439,53.915,3.119,2.293,6.23584925357553,10.9,2421654,2412867,9.13442421,9,16.3,0.13,0.2,5.28929036936364,5.84008386950657,5.60977671160707,6.2327378807281,5.60746302559631,6.20802429480815,5.49313971682933,6.10122172003709,5.59492829138507,5.9401774535178,6.5656420621584,6.70654076744587,7.98282918341991,8.20063728290148,8.29094411046463,8.84393121219071,7.41745959181407,7.98576440474444,6.77230866259013,7.14443417283557,6.67638596256755,7.05146265969463,5.95609467766475,6.1907461508768,4.92587834666175,4.8214995377776,4.59067968337343,4.12578716688294,4.22329356470012,3.34284367196881,3.7344389304619,2.59608029707582,5.26944710934194,2.66802745700762
2000,Togo,TGO,53.842,55.295,14.6316,13.9603,63.8,77.5,409.889802792768,,341.453,309.035,4.11,4.233,0.243344551799919,37.948,1396037,1409466,2.7167244,25.2,31.4,4.1,3.7,16.0755747630407,16.3244856554383,13.9128508215778,14.1402539916782,12.2801132686335,12.5255165199164,10.8292372138213,11.0214782617687,9.43000563394272,9.56190308219465,7.89578447608213,7.95350633028205,6.44246394199057,6.4476341408549,5.25592146004479,5.23255711866764,4.30424299520882,4.25419380088306,3.58915520348156,3.49800930661595,2.89878381335664,2.780356879125,2.26178355416423,2.12390703060968,1.78163738206358,1.59957827384535,1.33348284751571,1.1587909398332,0.905233358528284,0.757628227402016,0.514368882011581,0.408537457363537,0.289360384535991,0.211662983521347
2000,Turquie,TUR,68.679,75.365,20.9026,16.4813,28.9,32.7,4192.44316738494,,171.658,78.887,6.269,6.577,3.47027993979332,21.42,21139298,20715313,4.59957218,15.6,29.6,,,10.0386536427954,10.4840017437614,9.77882362209701,10.1713117193622,9.78945187979511,10.1621771664705,9.97532194763944,10.2551300239052,9.54833730218409,9.72639497411334,8.5600291691749,8.73886571449965,7.74547261648147,7.97940527080885,6.85940193143926,7.10408183586174,5.85447235870244,6.00032310800706,4.92749409665425,4.9539248711841,3.9765262069744,3.8613946331833,3.33396675782725,3.0962211022253,2.86965262327846,2.57526722558918,2.44178459416072,2.03489311006846,1.89229383872465,1.42059404793933,1.20176281591125,0.848461128166399,1.20655459615993,0.587552324853958
2000,États-Unis,USA,74.1,79.3,23.0344,19.6905,6.4,7.8,36329.9702595751,40.1,143.926,83.359,4.101,3.903,21.0126181548683,14.4,95178435,92884913,12.49002552,14.6,21,,,6.56796518864678,6.97347111542925,6.90282923548748,7.37579642069441,6.98526896449004,7.53114716416274,6.89084751071957,7.49946325234389,6.60776735334082,7.21694157621359,6.63433718265915,7.20718181257907,7.10856385538012,7.62270302503564,7.90728304661956,8.33929651064325,7.93874910115891,8.1598040599136,7.15485162175612,7.20883282107898,6.30185825915314,6.25710510846244,4.91254491311806,4.74727357281305,3.94027279939007,3.6628281684755,3.54205318615425,3.15013566328975,3.36819784456556,2.74144810949852,2.990829622471,2.12632011247145,4.24578031488935,2.18025150689488
2001,Afrique du Sud,ZAF,54.583,59.491,18.6864,16.0578,43.9,51.2,2847.15191945908,,489.812,370.566,25.899,19.819,7.51370914167024,21.266,13515088,15569953,7.12327909,17.5,26.4,20.7,14.5,9.84940946942555,11.2285295082073,10.7138868072181,12.1566430717298,11.4156014750818,12.9243645505762,11.1813746934301,12.6008758517941,9.40054592811335,9.70491527326274,8.5841300586729,8.06303371334147,7.62406872014628,6.78648255403818,6.70736468024017,5.87251524952126,5.71737736927722,5.2665591282667,4.38146729424992,4.03682750869541,3.46543842691602,3.21604594878298,2.75019426237547,2.3574319363042,2.57620209017,1.86956180608254,2.18884536775017,1.4772944692528,1.61939640573784,1.15163639731382,0.908636028190158,0.666223120891625,0.916060923004983,0.62105991193893
2001,Allemagne,DEU,75.5,81.3,23.8804,19.6112,3.8,4.7,23878.3641471651,29.9,121.87,62.08,7.78,7.768,10.7567590377283,8.9,28159870,27561551,9.92069149,10.8,20.2,,,4.58503227556798,5.09832916107582,4.68187176002678,5.19185638928151,5.42785821612358,6.01813665645444,5.32496017084761,5.87782011055203,5.55342949792709,5.96120507676322,5.64381927821925,6.13462910541563,7.53554188244692,8.29558165001124,8.32106829452048,9.2134105955781,7.53582602609592,8.24716861748168,6.75087384574816,7.19999793368182,6.04355945916882,6.42233507395564,5.56295366015361,5.86210330327041,6.93193992775261,7.04458522825243,5.33692511513019,5.05704918930614,4.84639449945451,3.94414626603766,4.45765626548338,2.41517864173283,5.46028982533309,2.01646700114941
2001,Brésil,BRA,66.699,73.4,19.6649,16.7358,24,30.3,3176.28935747524,58.4,227.021,119.158,13.774,8.499,1.99268521156943,19.185,57334334,58032216,8.54963303,16.7,24.3,0.24,0.3,9.43462253707199,9.92052382813807,9.44688851616624,9.89828485201704,9.74899240905988,10.1696959569395,10.0481243190532,10.4122934168125,9.45702086507216,9.66835018279984,8.43436295760628,8.53378835318957,7.68458322379487,7.71973149744227,7.35359841801942,7.34140335825729,6.51831853917806,6.45964791377269,5.46534640612926,5.35256629292703,4.36961096045208,4.21404127367344,3.3158996346895,3.2379287939199,2.74488960215978,2.54348831123744,2.27735753501361,1.86567038246533,1.75196504551469,1.31770230779674,1.09254429664453,0.775602494911256,0.855874734374451,0.569280783700079
2001,Canada,CAN,76.92,82,24.6037,20.7959,4.8,5.7,23822.096210932,33.6,99.426,59.364,6.855,7.527,17.2242093262742,10.8,10679245,10560773,8.62482357,11.1,17.1,0.14,0.2,5.48761481925908,5.8638386426986,6.29179347413753,6.7313222492573,6.49678392317932,6.95467515341278,6.56044957392658,7.08029741352329,6.57632156281403,7.02285465935075,6.53942125118425,6.8552591078403,7.11267230444874,7.39059568592203,8.38534434743168,8.69459181823284,8.43148798245793,8.62761247345937,7.65124106292317,7.69316893174172,6.72236480322684,6.78529391736648,5.26213230619586,5.28026917253417,4.19632603121362,4.09264985395074,3.77475369462427,3.56569822934174,3.51181239931068,3.04808262931696,3.02893204646894,2.22520878679719,3.97054841719748,2.08858127525373
2001,Chine,CHN,70.235,75.287,21.1331,17.8839,26.2,29.4,1065.40597574519,,146.095,84.386,3.303,4.211,3.02302606439439,13.38,447512011,429811588,4.25330067,19.3,28,,,6.19932621162165,6.895128850479,7.12073190535851,7.74656680931624,9.5469770581983,10.0639378930075,8.4285403176133,8.6515767005032,7.49868651085251,7.59884107658722,8.99247980275497,9.03312060612808,9.98832185120447,9.95015269940118,9.0774382848771,8.98946677428791,6.17923634078813,6.07108179084665,6.97068936004286,6.73758259942835,5.15446601675585,5.04504503621938,3.63490339790534,3.62986352714669,3.16933869293038,3.16426163603665,2.85657559677468,2.64463503122496,2.17091929607183,1.85353715222111,1.55101827718722,1.15238372241764,1.46035107906293,0.772818094748222
2001,Chili,CHL,74.491,80.567,23.9224,20.0125,7.8,9.4,4563.5952986689,,134.987,70.049,11.936,9.598,3.29366216162882,15.914,5121706,5118279,7.09733105,12,16.9,0.22,0.2,7.99967569396701,8.44425587009748,8.76121756614539,9.24226627829921,8.88004730604904,9.37243768892013,8.27356584189612,8.66032387836339,7.95458878128242,8.27459663235865,7.91273097209528,8.15524239995504,7.89449192974714,8.0439626015288,7.5794037501628,7.62004840943584,6.9483709490056,6.9359708279672,6.04969051041341,5.99129409401935,5.07427286964972,4.98692422316736,3.9408194779523,3.8370158840137,3.3129396521158,3.13728928050321,2.9601616810218,2.66540269733516,2.70043137396958,2.26587201419767,1.92039035483914,1.44008170814523,1.83720128968744,0.927015511692581
2001,Corée du Sud,KOR,72.9,80.1,23.6085,18.0907,5.2,5.9,11561.2071745115,,152.119,59.482,2.995,4.179,10.1855779937768,11.7,17551494,16458651,4.32142305,10.3,22.2,,,6.39336435209184,6.91462191632665,7.01750328096388,7.81113571430653,6.36304795919139,6.97639841690302,7.4288866771105,7.92176267116601,8.20512011928661,9.02922285124808,8.73504780038813,8.91156878882757,8.99705579806064,9.17077032146926,8.84907904970672,9.04398684998753,8.71418098306686,8.92179097941116,6.56922940198846,6.71249271999357,5.0599686441755,5.10792726612706,4.29790630764274,4.11095458316733,4.1408339898736,3.63207690517612,3.45056975011682,2.66033394570728,2.51975940785498,1.54463731517942,1.71566589775659,0.926000165686494,1.54278058072474,0.604318589316885
2001,Côte d'Ivoire,CIV,50.432,52.495,14.9513,13.953,79.8,98.5,924.727294962066,,432.247,425.035,5.241,5.12,0.38434091191261,43.902,4720287,4640674,3.98514533,17,26.5,4.6,6.4,18.2274494006389,18.1735719277385,15.01352472443,14.8730123405897,13.0290435698043,12.8919867875789,11.1160593645223,10.9339874396048,9.88124873526125,9.55533310394722,8.37981832644518,8.24026087606334,6.43110499239954,6.37721861947335,5.01038018523541,4.89790264995707,3.64874330914855,3.72135445108971,2.49277001954655,2.76184712209391,1.69375637344037,2.04613507666779,1.41778422911613,1.74304977870262,1.23007364545064,1.40636133130444,0.978549201702152,1.03761357418328,0.685408945691669,0.683291411515676,0.426289851119971,0.394314180687824,0.33799512604716,0.262759328802
2001,Espagne,ESP,76.1,82.8,25.399,20.6555,3.8,4.6,15368.2337984435,,116.551,47.367,15.059,7.356,7.68451245975194,9.9,14093396,13901170,6.76895761,8.1,18.8,0.15,0.5,4.46650857975297,4.89223180301675,4.53174098289965,4.96150884488508,4.99836472488443,5.49460081808443,5.8017832238157,6.40499043601004,7.49826863729026,8.21603098305569,8.1045230133241,8.86579955956138,7.9941830213626,8.602032704364,7.97127916806194,8.4168790934624,7.28605912604249,7.51465772669521,6.21206891616575,6.41672921049828,5.89924009596472,5.97785855764438,5.37019632874426,5.35015512392938,4.71007336615251,4.50817584407628,5.34845457571505,4.84032340644717,4.8451032261761,4.03760506777266,3.94969067891279,2.90154158455924,5.0124623347347,2.59887923593764
2001,France,FRA,75.5,83,25.7372,20.5938,3.5,4.4,22331.7948343036,32.5,138.186,60.998,10.517,7.004,6.60551805162138,13.1,19816012,20075967,9.7056284,8.6,19.2,0.17,0.2,5.98522071184756,6.69878136374453,5.75787621422169,6.39462320267126,6.13138417177331,6.83927685197018,6.15246003367957,6.77875884343025,6.21285039066015,6.78596599121331,6.597989203656,7.01078183800136,6.96225793889737,7.2438944252514,7.20349367694166,7.46181812498348,7.12375636899924,7.38731098579323,6.9934253259787,7.21524829355672,6.94670098109296,7.27010489558638,4.87984384904122,5.0669484987926,4.44018033756411,4.37612436325099,4.71260452720921,4.26880895161148,4.60645879323863,3.74777709322975,4.11726125404765,2.89954898781144,5.17623622115094,2.55422728910168
2001,Inde,IND,62.102,64.277,17.82,15.8828,64.9,63.8,450.357900514128,,245.842,182.968,7.711,7.631,0.938682658523786,27.206,337083397,313666863,4.33754253,19.7,25.5,,,12.1611759056838,12.4691569614427,11.5377790346352,11.7917843591704,11.0993325794938,11.2492596242867,10.2531405682911,10.4262186521231,9.05414035436938,9.2088233544296,8.07113657565473,8.15294118217736,7.13078815683147,7.17403225226869,6.35502873369941,6.40943965718453,5.59221501892711,5.66750170466625,4.78078606117039,4.83009352966023,3.68919925378646,3.63261600828806,2.90057360277966,2.72470393877221,2.46415106485008,2.22128866745864,1.94746544263234,1.69068961832133,1.36542754421696,1.16824028690012,0.860664475288141,0.692056673326904,0.7369956276901,0.49115352952324
2001,Indonésie,IDN,64.899,68.269,17.5363,15.3964,35.5,43.2,732.307093405708,31.2,218.488,175.426,7.374,5.305,1.45863468834129,21.386,70567423,70682959,2.11850214,25,26.9,0.27,0.1,10.1265432600003,10.6304865524881,9.86544975293191,10.3601608885707,9.6779675854088,10.1527642839887,9.87248087158651,10.2813431003694,9.54707508413801,9.79425986441041,8.89953850863516,9.00140673691032,8.20893621703837,8.23065626061968,7.19410761340678,7.16775577931446,6.01271686700926,5.95236322044137,4.7346191981306,4.63256929600669,3.71743210100989,3.50764574360394,3.4333006356284,3.06000556419805,3.03183766353485,2.65882677556818,2.4032367220098,2.02983316780031,1.66704466437405,1.35766778567374,0.944318017597362,0.736649516295658,0.66339523756,0.445605463740397
2001,Iran,IRN,68.309,73.138,19.4359,17.128,28.7,30.8,1881.02266634748,,182.482,105.021,20.79,10.73,5.45801418356652,15.935,22018687,21125113,5.16087341,15.3,21.5,,,7.63560354954196,7.70579280134905,10.2579099209717,10.2965568074424,13.8730530061345,13.7077019370541,14.1038571901255,13.7269426714251,10.8367673679156,10.8336515883903,7.59929551585406,7.81692543559165,6.67104769568598,6.82302983773984,5.96178965998038,6.19103076300225,5.51956412671817,5.77521808906154,4.57695853979015,4.83468468895761,3.47625658397083,3.63576506408528,2.57194589537454,2.57907691159086,2.22943660144291,2.14947826024298,1.8668300437939,1.69901794058165,1.36239353748285,1.14693719415925,0.89703554530929,0.691698846492835,0.560255219907788,0.386491162833309
2001,Japon,JPN,78.07,84.93,27.0422,21.6747,2.9,3.4,34406.1824638092,,96.695,46.442,4.735,5.214,9.71476063516032,9.3,43590968,42549925,7.23947906,7.3,14.8,,,4.45684152562222,4.85468201396449,4.45344956204255,4.83958525782342,4.71914642028672,5.1317614346819,5.41420836894869,5.88593351394989,6.15766202221403,6.63093245573841,7.47555000160054,7.95607599999546,6.85495436661328,7.39822648519593,6.04008863527742,6.59479854174127,5.8829446584101,6.37564383189461,6.4773165275771,6.90905162657438,8.42177877723276,8.76626591558933,6.7165685897928,6.89273130592023,6.38438259902436,6.32644231283327,5.8981594196297,5.51903438814078,5.1187875846992,4.41813641326552,4.14074282441272,2.92851095363563,5.38741811661582,2.57218754905547
2001,Maroc,MAR,65.551,68.927,17.7872,15.9844,39.2,47.6,1506.24523925781,,210.407,163.485,12.505,12.445,1.28342384807613,22.087,8884813,9007825,3.81601191,23.3,24.4,0.1,0.1,10.6458103730218,11.2339548778804,10.8789283003158,11.424118647637,11.169833873749,11.6339328234904,10.9803352428629,11.0894529653469,9.87610928968446,9.71562981056192,8.66059093195672,8.33827850682095,7.52400306125494,7.22250139949909,6.79761137431913,6.51749422282903,5.70832329785419,5.76212790826702,4.54246554564808,4.70346530639691,3.41585366953468,3.36133668973292,2.83516373392738,2.5262480446445,2.39044329663827,2.22805373744429,1.87042412183653,1.83823132647609,1.43024772396726,1.3535708879839,0.818153427036185,0.70120922808805,0.455702736392683,0.350393616900581
2001,Mexique,MEX,70.562,75.24,20.7768,19.3531,20.3,25,7952.76479510706,,191.13,108.631,3.383,2.241,3.94369283983265,23.779,29280436,31757673,4.58201361,15.8,17.7,0.26,0.2,10.9616012438278,11.8724070311049,11.003421496453,11.8533747524832,10.6772814944499,11.4510518239942,10.1575228864951,10.3624167424786,9.50646178187808,9.11704777679042,8.74473066329567,8.23389786346096,7.7454790909423,7.32904808278034,6.78266958503776,6.45569263025558,5.68479841477889,5.47586488097233,4.51957256233468,4.38777825651803,3.60957194566332,3.51683662900772,2.88624054939436,2.80469685529865,2.34759436835692,2.23859196010245,1.86296328923894,1.74475958487039,1.37931884525512,1.28521600838108,0.956434925591657,0.886406888751665,1.17433685700654,0.98491223274946
2001,Nigeria,NGA,46.869,48.231,14.5701,14.1145,86.7,102.1,566.428231812933,,413.918,388.716,3.819,3.991,0.821769347824907,43.934,34468688,34656394,3.18946862,19.4,22.9,2.3,2.2,17.4521909524147,17.8403457715515,13.9277297777689,14.2673556052692,11.867526241803,12.1251671120542,10.5925174685413,10.788072436368,9.24370865267164,9.37039622806015,7.52232966216881,7.54490394610159,6.03020919095178,6.02401741831083,5.02901400238334,4.94193341876334,4.23304298726113,4.09013824175617,3.53931363483164,3.35077547930518,2.91579507049887,2.73014968815726,2.45531015426571,2.34118350921894,1.92859727997943,1.7885209166406,1.41807270753867,1.27548213665508,0.947164213433202,0.821930557009394,0.547082337375014,0.449310891201308,0.350395666112929,0.250316643577236
2001,Pérou,PER,68.59,72.113,19.1158,16.9056,25.1,30.2,1929.57273038846,51.3,173.277,133.021,5.109,5.029,0.998950438762287,23.028,8257922,8286399,4.72161007,9.6,9.1,0.38,0.4,11.1970758377987,11.5454366990147,11.3197439653731,11.6177050151863,11.1482402882812,11.4117786502704,10.4139432920203,10.6049929624417,9.54890946007198,9.68299874064745,8.64545922032961,8.73567671679384,7.47924684086684,7.50750425957478,6.35199670449157,6.33250611156382,5.43705050510001,5.32129787391659,4.63173179688496,4.43640269649604,3.80004961531422,3.58760278539151,2.89644713579613,2.7431439365879,2.33269953315487,2.22219423661012,1.84916372648958,1.73538780650419,1.31431197591225,1.18612860211868,0.848862997235066,0.730083709904437,0.785067104879578,0.599159196977554
2001,Royaume-Uni,GBR,75.7,80.4,23.2025,19.7423,4.9,6,27906.5695029641,37.1,107.221,65.765,4.116,5.185,9.52150902458476,11.3,19077106,19592944,7.45211363,12.6,19.6,,,5.62292853366298,6.25934329677009,6.0270260747357,6.72244558670641,6.06829057118132,6.7210254221109,6.0672487618153,6.72742572326228,6.01113192964373,6.36816406075155,6.5752373019778,7.04884703928622,7.63664284008241,7.61345372504915,7.54627898210049,7.50476159286704,7.00273951635507,7.13254636050838,6.44875902403888,6.47803995314117,6.53590899841054,6.88797037672239,5.72079636759732,5.75678928632001,4.82714670839758,4.9931648712188,4.42363231847942,4.35252983897054,4.21896428194264,3.74803338926905,3.80386549605515,2.91624281185081,5.46340229352366,2.76921666519522
2001,Russie,RUS,58.92,72.17,18.4064,12.9713,12.6,16.8,2100.3525390625,36.9,458.645,158.212,8.597,9.335,11.5379030712632,9,49481851,53053600,5.24284792,24.6,51.3,,,3.9527928645192,4.75338653215492,4.68692025999695,5.6098205888742,7.18938355828067,8.55095127245135,7.82767226704509,9.20648067664869,7.11375704353114,8.22754571368936,6.74760029399756,7.80723707651976,6.14172102311717,7.15723108622493,7.2573385620962,8.15719328132988,8.44681429147544,9.03196249226696,7.79218767781528,8.01547036699435,6.65076223123636,6.47638163735185,3.56502147888271,3.17716354489948,6.62878622794336,5.3474650249384,4.69033367157217,3.37456768988447,5.16819588746166,3.08616793942902,3.38724294228375,1.28921655020614,2.75346971874529,0.731758526136222
2001,Sénégal,SEN,56.559,59.736,16.1887,14.8119,63,77.5,637.213530563724,41.2,287.972,226.077,2.932,2.581,0.441890299582628,38.858,2638296,2776347,3.68148756,23.3,25.9,0.98,0.7,16.2626451186359,17.0484666486472,13.8917726817005,14.4993961816861,12.6715150476948,13.1465059129559,11.3820882776054,11.7381784276918,9.60140113178301,9.72017050738097,7.69244898280767,7.62077730139089,6.05977702113327,5.88421070903396,4.83863966785667,4.54915477834784,3.92225253762757,3.54576000515787,3.25810315704178,2.92312537351184,2.75524208762603,2.5472255354393,2.2759594281206,2.07854349599645,1.89333954872722,1.7312996104318,1.49149151955456,1.33750592039517,1.04847069505266,0.903351873572596,0.609307101200295,0.489144908956101,0.345545995832064,0.237182809404191
2001,Suède,SWE,77.6,82.1,24.3392,20.8751,3,3.7,27259.4806735435,26.5,87.822,54.738,4.397,5.033,6.52615344493455,10.3,2915674,2823242,7.90032959,10.4,15.5,,0.1,4.94406702724756,5.3300498207702,6.20231838231785,6.65453244030881,6.4634831482545,6.96530724701899,5.55086356220955,6.00564673267777,5.63639835991196,5.97194812277383,6.41024913761681,6.78012395543966,6.7936430182416,7.22757923320324,6.95532491933423,7.47431986411484,6.37645788723711,6.75440121342263,6.41525442486858,6.73088262862791,6.97668081160844,7.2536655475456,6.66795469391945,6.98832591986639,5.0226500371003,5.06722111446279,4.3988911397851,4.12481892393953,4.36752467300736,3.7248439195369,4.22984590500209,3.25906232424971,6.58839287233748,3.68727099204117
2001,Suisse,CHE,77.4,83.1,25.3554,21.1783,4.1,5.1,39638.7911061864,,94.505,51.67,3.459,1.703,6.39342094598314,10,2442421,2433669,9.46040058,8.6,15.6,0.12,0.2,5.0957266858415,5.62981929788017,5.51981358793701,6.09706276392721,5.65035182273211,6.25074785718119,5.50530933962644,6.06653249017289,5.65549325403623,6.00612333069427,6.40652106674417,6.59504891286878,7.80206788367052,8.0191389131704,8.37501275210264,8.90574882505884,7.56825453007453,8.10162446262258,6.81878267684021,7.21161600449061,6.62933446336581,6.98361603337826,6.09568095416306,6.37533289822501,4.96748856505088,4.87442159221042,4.57752453071586,4.14536261992797,4.22330697402684,3.38224738216355,3.74164957140758,2.60531138967547,5.36768134166462,2.75024522635238
2001,Togo,TGO,54.071,55.403,14.612,13.9672,61.9,75.2,396.692654520135,,341.195,310.561,4.064,4.179,0.213363368427755,37.903,1439379,1451294,2.8067522,25.3,31.6,3.4,3.7,16.0506562950982,16.2890096293997,13.8155817768608,14.0294112842783,12.2384281130301,12.4753130058246,10.776211632626,10.9729534249156,9.4254161652343,9.55543847026677,7.95459830021517,8.02322087447516,6.50092649199996,6.50986397129072,5.30435101513352,5.28289329482434,4.32592933707333,4.27674277168229,3.59413109568785,3.50398619693602,2.9264935122875,2.80534283724837,2.28524611113443,2.14670010055237,1.77763208985668,1.60099359572172,1.32901789579508,1.15608638159227,0.899988392856805,0.755339399398053,0.509977039029114,0.406957905137364,0.285414736081164,0.209746856456264
2001,Turquie,TUR,69.034,75.689,20.9619,16.5571,26.8,30.3,3045.55413956926,,168.945,76.99,7.472,8.722,3.12055250312144,20.593,21519251,21104106,4.88784933,14.9,28.3,,,9.82997806284025,10.2802938135517,9.6872199799552,10.0868814821203,9.54777003556408,9.93275286147008,9.76435982378194,10.0607133746402,9.61100690028242,9.79689894855829,8.56907371940154,8.72592806039006,7.75183458348913,7.96123129824641,6.96327356518556,7.18781784304964,5.9528807015183,6.10660536637003,5.07123069850594,5.11107849320497,4.08226868709949,3.98455183247363,3.35963381803958,3.12879852961016,2.89580731896747,2.59570108683731,2.45663638670825,2.07693615901219,1.97233461870921,1.47817506520994,1.26186599396836,0.881343001721404,1.22282510598329,0.604292783533653
2001,États-Unis,USA,74.3,79.5,23.1448,19.8786,6.3,7.7,37133.6203973517,40.6,144.307,84.172,4.651,4.796,20.6263138382916,14.1,96427585,94010671,13.16816998,14.3,20.7,,,6.55794198267347,6.94942327128402,6.74102494439609,7.19085113640793,7.04779808306611,7.583597986363,6.88986972488492,7.48780658957267,6.72494517593133,7.32945903352344,6.4621159207193,7.01402009762315,7.05431098204368,7.56578151549604,7.6928107827645,8.11223443891122,7.93458991764491,8.19826375430578,7.29377682081495,7.32587096967853,6.44712827980539,6.38870620174932,5.08774386346189,4.95222944152384,4.00559338563073,3.70282987163079,3.50965032649648,3.13209807005087,3.30755392419124,2.72383797482713,2.96527317649057,2.11685894365978,4.27787270898445,2.22613070339246
2002,Afrique du Sud,ZAF,53.215,57.703,18.7287,15.9335,44.3,51.5,2688.23676032806,,514.96,407.12,25.814,19.752,7.7215913604945,20.928,13872452,15878105,6.67774487,18.9,27.6,19.5,15.1,9.55520762329043,10.8852515604363,10.4599637047269,11.8526911085141,11.1562292250537,12.6147651933269,11.3735086852099,12.7980432655048,9.49842636997039,10.0874507047053,8.55919396996914,8.13109046075738,7.66527852378593,6.89358156216729,6.70841668470295,5.79104605792267,5.87379303836967,5.34096840953735,4.49147102395322,4.09184021256422,3.60042363883738,3.31285478501157,2.73146469356247,2.36044875748248,2.5719476655125,1.91528233636624,2.16491935077823,1.42569382082911,1.69845623037903,1.18196213027941,0.945997369527205,0.679119429206837,0.945302202370985,0.637910205388006
2002,Allemagne,DEU,75.4,81.2,23.8834,19.7,3.7,4.6,25486.5942008748,29.8,120.763,61.736,8.214,8.696,10.5507028586229,8.7,28096022,27560944,10.18365669,10.7,19.9,,,4.50861117240755,5.01664924911454,4.64821035209736,5.15583864628017,5.33215753386116,5.90562712567988,5.34637957424387,5.90697629188327,5.67618726614063,6.07086744540924,5.52613524291411,5.97813291942883,7.17571266786815,7.85298583934927,8.31628944069772,9.17849032081508,7.74502403097451,8.45172527506814,6.83702629149541,7.30787638598824,6.29777590556527,6.64603902512054,5.304620434636,5.5742503795406,6.87940393553061,7.00134156932134,5.60499633812139,5.33760312313704,4.76062620284865,3.9838412441385,4.37317413575462,2.50454307939627,5.66766947484297,2.12721208032906
2002,Brésil,BRA,67.085,73.843,19.8502,16.9187,22.5,28.4,2855.94018885769,58.1,224.399,115.476,13.705,8.475,1.96864504896722,18.49,58442995,59184459,8.69686985,16.4,23.7,0.24,0.3,9.19852938239852,9.68315232683232,9.33907668597163,9.79791500512144,9.5159620150156,9.94108735956232,9.9090137626934,10.2845916597688,9.51222352816173,9.7397115627365,8.49897622419147,8.60662703572328,7.68297873999677,7.72027053076029,7.33352283306572,7.32186192176287,6.61608267563832,6.55758069494853,5.58289640428763,5.47049670930467,4.52658891837738,4.36275575754531,3.40310826062752,3.29260190761016,2.7760965433609,2.59569985612178,2.28579963830849,1.89692846486992,1.78594987308224,1.33873108528478,1.13935518182702,0.800087575154244,0.893839332995651,0.589900546892755
2002,Canada,CAN,77.16,82.02,24.6286,20.9301,4.8,5.7,24256.0192337185,33.6,96.835,59.492,7.123,8.128,17.6672529167598,10.5,10829663,10705851,8.85670471,11,16.7,0.14,0.2,5.33937774317263,5.70631003001219,6.13842975699922,6.56396474414099,6.52194142260255,6.98028262266659,6.53024783131732,7.04546763314872,6.62335563581035,7.06264415869612,6.50257655750504,6.80939764011952,6.99261383078627,7.27457226658211,8.09727822485637,8.39528774217389,8.46383149626821,8.69192051257108,7.79397178409721,7.84988664165347,6.79363387285615,6.83322902899398,5.53649472819508,5.55136598992244,4.31148793918251,4.20751893283009,3.74299845772233,3.52807947398475,3.49805993205835,3.07251422689102,3.02227298779762,2.25548010709625,4.09142779877279,2.1720782485168
2002,Chine,CHN,70.587,75.657,21.2553,17.9831,24.1,27.1,1163.55957673426,42,143.85,82.333,3.684,4.697,3.24162605435801,12.86,455010074,437045402,4.38285255,19,27.8,,,6.05562339146794,6.75178898585962,6.79765380538593,7.43309144367043,9.11647074115533,9.66071395770449,8.60792036705321,8.86979221667733,7.63284017007437,7.74416020778397,8.43897129212434,8.48306796412135,10.0445680128779,10.0107927351163,9.50766351997958,9.41374289739629,6.01482464229639,5.91062244381264,7.04459218115066,6.82092249138671,5.55478482343612,5.36916966673496,3.77202751997848,3.75285918990984,3.18475017122451,3.16777369626838,2.898831884216,2.69746045758544,2.22430641119298,1.90689380026718,1.58413155688183,1.19036103176401,1.52003950950447,0.816786813941074
2002,Chili,CHL,74.682,80.905,24.2,20.1679,7.4,9,4430.84741157984,,133.835,68.426,11.812,9.324,3.29123766192613,15.249,5204968,5199948,7.20833778,11.6,16.4,0.22,0.2,7.7579905877101,8.18329387584443,8.53597844898406,9.01113413678365,8.84598665903231,9.34447110441499,8.30078726000258,8.69847463441709,7.90177778566837,8.22851553041185,7.82658435832422,8.07615392553628,7.83032332734617,7.99275946415572,7.58289266091196,7.63464376822273,7.01133227558987,7.00041228152692,6.15915473704477,6.09946558070462,5.22433092686344,5.13755141792137,4.06333085804383,3.94667648096165,3.34259439155901,3.17280554536403,2.95069272242929,2.66753881366878,2.68714559388536,2.2586359161106,2.02619499112403,1.53810041666804,1.95290241548064,1.00936710728727
2002,Corée du Sud,KOR,73.4,80.3,23.6891,18.326,4.9,5.6,13165.08362497,,146.331,58.179,2.488,3.426,10.3111285998101,10.3,17627923,16539689,4.05226278,10.1,21.7,,,6.09841195355791,6.56726488707548,6.93448154918845,7.69242293034364,6.47328355705553,7.13694690709694,6.95208737600495,7.51143322697691,8.30038769075173,9.03682699530591,8.32826394289549,8.56075412293521,9.12510996627917,9.28617580596498,8.64490122047787,8.84132463129005,8.89925772383895,9.09478646756141,6.91961220047974,7.07332865753807,5.16668000376028,5.21664880660406,4.30237806853505,4.15655116192559,4.23226552849895,3.74423743873172,3.56129965617922,2.81461905643711,2.64235448302879,1.65475619403527,1.78068327872894,0.961293859642307,1.63854180073899,0.650628850535322
2002,Côte d'Ivoire,CIV,50.621,52.529,14.929,13.9415,77.7,96.4,967.815864415991,41.3,434.443,431.742,5.544,5.427,0.39600057272212,43.4,4836853,4762156,3.92374444,16.6,26.2,4.1,6,18.2569047629817,18.222992486314,15.0247506785382,14.8874905616648,13.0357953269013,12.9090383296336,11.0825465607197,10.940864270536,9.68274717669736,9.38323544609912,8.40540883421095,8.23342488520706,6.47782939284697,6.44246659286946,5.0389633103661,4.93699709462841,3.74186276480006,3.76271850523133,2.56764327489537,2.79968678788898,1.72198791177808,2.03855766388549,1.37753325057978,1.70613935121248,1.18995925001416,1.3800128172979,0.96008767310236,1.02701147606571,0.677789717666505,0.678033884777412,0.42126878297784,0.390074273407618,0.336921330923529,0.261255573280571
2002,Espagne,ESP,76.3,83,25.4345,20.7106,3.8,4.5,17111.0685058941,,114.494,46.403,16.063,7.868,7.99691385006569,10.1,14311210,14072452,6.80052757,7.8,18.5,0.15,0.5,4.56815825040348,4.98819830243868,4.44910447622037,4.85640878086066,4.91771949418321,5.39123533889089,5.58103120166663,6.13940721129727,7.21281849815851,7.90622114576081,8.15321994241834,8.94978391333492,7.99810581927766,8.64599108283694,8.06763194259426,8.5553169483898,7.42294607871252,7.66675867858026,6.35731285324003,6.5555881106182,5.91520628845774,6.0006558772951,5.52622257909003,5.48508456664874,4.54896028191301,4.38671915244551,5.25584294903399,4.73860867654801,4.88601011968853,4.08947632257622,3.99178127293503,2.94168130913459,5.14792795200668,2.7028645823434
2002,France,FRA,75.7,83,25.7803,20.7561,3.3,4.2,24144.5727019529,31.8,136.68,60.634,9.803,7.775,6.46977417478915,12.9,19943300,20232261,10.02218628,8.5,18.9,0.17,0.2,5.99250623088176,6.70500188363836,5.72726120400285,6.37158652213361,6.06729884671369,6.77694625003606,6.12049903926181,6.74478306729239,6.24415888761754,6.77647258308832,6.37353811453545,6.81963441495779,6.95624886096952,7.25015321073773,7.1525477121384,7.40852726019119,7.08872420817206,7.3495617101593,6.9708400314746,7.16860554622272,6.94034364876441,7.22424345769758,5.33711788065436,5.52614061010252,4.33462629997044,4.2990422574016,4.60654447129661,4.19728081314217,4.61056540673121,3.77309581654787,4.0944928190677,2.8988451401318,5.38268633774761,2.71007945651899
2002,Inde,IND,62.515,64.855,17.928,15.9881,63.3,61.5,469.149928973927,,242.829,177.225,7.8,7.735,0.956523083565259,26.538,345152566,321128980,4.31453371,19.6,25.4,,,12.0262551533613,12.3279700599075,11.3879120136524,11.667737385708,10.9866215904942,11.1385164728403,10.2619080704803,10.4295875285149,9.08909513877648,9.25495168958635,8.08638915977826,8.17962131841678,7.15457342686153,7.19476776941637,6.36398072948924,6.40314111818456,5.62142170734449,5.68147754971469,4.84961593985679,4.89251496216642,3.81767558036779,3.78130192393358,2.92674588300778,2.74910707311303,2.45015737993305,2.21340918458059,1.96787991219309,1.70036688736291,1.38690307946908,1.17711958062304,0.873633534463795,0.704823977638179,0.749231700470407,0.503585518292806
2002,Indonésie,IDN,65.229,68.682,17.6599,15.4704,34,41.3,881.002913569131,30.2,215.715,171.338,7.848,5.883,1.46322212683732,21.107,71869464,71862646,1.98062706,24.9,27.3,0.34,0.1,9.93702685793157,10.4294447795731,9.81949039882821,10.3011209955077,9.56631790386873,10.0392628611302,9.67138859368888,10.0843860593263,9.52247493180189,9.79003983324697,8.88148762951671,8.99716893016531,8.23171611845269,8.26081411624791,7.2979486329526,7.27400439199788,6.15223509013914,6.0961558470211,4.89842049727178,4.79845304676675,3.75780102837023,3.58426307100397,3.41288420810326,3.04234935563585,3.03431436872224,2.64912097662059,2.44227584575402,2.05596598311612,1.71242294756285,1.38097077575434,0.983329106097388,0.761177559757946,0.678465840937804,0.455301417128008
2002,Iran,IRN,68.835,73.584,19.6405,17.3666,27.1,29.1,1891.25756092031,,176.275,101.262,21.852,10.926,5.65074339025077,15.947,22682846,21816373,4.65182209,14.9,21.3,,,7.5371812969125,7.62028791251729,9.23765024953528,9.29283687448424,13.3360121396145,13.2445164536014,14.1768347617608,13.8185541827146,11.4680621309109,11.362719038642,7.89712787485551,8.1170077124609,6.70412224302563,6.84727250066237,5.97350889205889,6.190456598099,5.57292546892467,5.81188111158507,4.70328803591191,4.95639063147384,3.67760392457545,3.86135423136808,2.6474453618569,2.6616218166939,2.23492957137484,2.16497743048272,1.9023634749982,1.73979625732958,1.40570086257314,1.18697589178153,0.921808552076628,0.710117458483544,0.603435159034243,0.41323389761997
2002,Japon,JPN,78.32,85.23,27.3149,21.8839,2.8,3.2,32820.7936433254,,95.051,45.427,5.118,5.569,9.96060653615285,9.2,43420204,42381442,7.35235405,7.1,14.4,,,4.43569013230657,4.83970460987184,4.44043775604647,4.83252807282339,4.60937975306959,5.01471920439877,5.28064609630359,5.7557647004509,5.91824648980811,6.38753782169121,7.26180627304751,7.72130972383814,7.15221072941375,7.68193974125802,6.05961957476806,6.6160088770355,5.88050145455255,6.38981346479266,6.19611857662585,6.61754778966251,8.06232873527606,8.42248876238587,7.01408086443919,7.21713624547431,6.55487222091093,6.52723804310785,5.94050565084431,5.58928037524181,5.22466392460616,4.53384333068073,4.28616890051218,3.15767310855386,5.68272286746912,2.69546612873263
2002,Maroc,MAR,65.953,69.287,17.8601,16.0626,37.7,45.9,1596.02062988281,,205.651,159.585,12.547,11.277,1.31040529907691,21.6,9072345,9192556,4.06117535,23.4,23.6,0.1,0.1,10.4419823493119,11.0331074386402,10.6318500765945,11.1980779561519,11.032451967914,11.5508975412825,10.9328060509572,11.0303747039793,9.90735597766339,9.75129794661431,8.70066462128139,8.34996116514526,7.51539669007909,7.22177844188272,6.82717216460658,6.4942466894506,5.86312834612086,5.85972003013991,4.68684787012955,4.88765458288473,3.51664269381607,3.55200237123583,2.83658045551682,2.54522334698382,2.42509666069967,2.21114056429708,1.88169600224996,1.82628896202413,1.45143619637418,1.3711572923178,0.862781947455018,0.745098357636704,0.486109929229807,0.371972609333097
2002,Mexique,MEX,70.805,75.382,20.8084,19.3873,19.4,23.9,7983.03398381759,50.6,187.86,107.607,3.829,2.574,3.94818249826802,23.379,29873145,32357537,4.83042812,16,18.3,0.26,0.2,10.8337962905511,11.7348808107739,10.7857449388074,11.6249701273752,10.6024571700842,11.3504153139556,10.0348153447639,10.3047922538607,9.42307690457714,9.06532770604728,8.69677134357833,8.17838484146777,7.80050059984826,7.38779083661686,6.83771889699493,6.5143361668864,5.79474290314242,5.57662270003987,4.63600692208822,4.49426692714997,3.69196572740944,3.59122154026693,2.95564778464991,2.87238134306998,2.38394347968169,2.27581945398117,1.90430056231144,1.78396682595976,1.41701271816829,1.31747781387114,0.988143581479364,0.911784018466996,1.21335483186404,1.01556132021035
2002,Nigeria,NGA,47.501,48.539,14.5698,14.2273,84,99.4,712.164852077686,,407.223,388.616,3.607,3.748,0.725466824353685,43.822,35436137,35563848,2.49063969,18.9,22.5,2.1,2.2,17.5411529629732,17.901624345216,13.9425026858139,14.2667005962325,11.8231656115191,12.0860504010935,10.4815668234968,10.6681811805644,9.239953544124,9.36438609269003,7.61427514777894,7.64626441972617,6.07054959817573,6.06694762126145,5.02062774522087,4.95255741412722,4.22127040197064,4.08794515960984,3.53432358913374,3.35345766572352,2.90199247126034,2.6941612193206,2.43972771168924,2.32719164414692,1.92051042734786,1.7848933312319,1.41478814729265,1.27640854047004,0.94243669854909,0.821505280559486,0.543116065317203,0.44952142495869,0.348040368336674,0.252203663067817
2002,Pérou,PER,68.977,72.748,19.612,17.3038,23.3,28.2,2007.37019626753,53.6,174.863,131.516,4.914,4.784,1.02970450579457,22.599,8411759,8426701,4.93902588,10.1,9.2,0.37,0.4,10.9664883150529,11.3019549964658,11.0839793000952,11.3497624283497,11.0356565725369,11.2691575979219,10.3815950412301,10.5619405931276,9.49552422984575,9.61930171729492,8.62932273166871,8.72601811442439,7.5318606308973,7.57809818779279,6.40263845689057,6.41037467743706,5.48403320487398,5.39594598100503,4.67799014446833,4.50301000201732,3.88905656654745,3.67894380301333,2.99157209353125,2.82944983178114,2.36818064912393,2.25751706458197,1.90151969785138,1.79573715784982,1.37903823422507,1.2574434049108,0.901348970025303,0.784371210785327,0.880195161135946,0.6809732312412
2002,Royaume-Uni,GBR,75.9,80.5,23.2281,19.8731,4.8,5.9,30077.741432188,35.1,105.896,64.844,4.365,5.61,9.21174814843586,11.3,19210070,19722303,7.87847328,12.3,19.1,,,5.53301910199221,6.14532233681892,5.92889280789361,6.60265969518637,6.09624417590339,6.73603671442126,6.10773240234844,6.78663097954669,6.12448810630674,6.46913047633671,6.32109707175914,6.83014796258505,7.57589933976161,7.56806876987394,7.5822474091911,7.52647676605428,7.10386675616101,7.22696694912725,6.51194886547643,6.53081282930678,6.36085044869049,6.61231745256033,6.03126175266133,6.12502444273927,4.85126190936348,4.96422046487781,4.43571555425551,4.37673514046624,4.16989973674039,3.72784418965691,3.72095623570093,2.90701264221887,5.54461832579422,2.86459218822333
2002,Russie,RUS,58.68,71.9,18.2506,12.7296,11.9,15.7,2377.52954101563,37.3,472.165,165.892,7.599,8.139,11.5292890172695,9.7,49486737,53186549,5.52166557,25,52.5,,,4.0139515243194,4.83227685388877,4.44345815920583,5.32742400813101,6.71557928088036,8.02104786989399,8.08910088038803,9.55462039127309,7.21259362274157,8.35209139066943,6.84639688219259,7.88699941350768,6.27249986821268,7.31553505528167,6.88639194159622,7.71256575989399,8.4323588627813,9.03480539881029,7.89507478427921,8.12325296428215,6.97520831284218,6.77317114655374,3.71566616360087,3.33440261842602,6.23908486888712,4.97209924398364,4.88221012184849,3.52516365713847,4.99748150494837,3.01923815032034,3.65438169300344,1.4884063365277,2.72856152827232,0.726899741418024
2002,Sénégal,SEN,57.199,60.603,16.3438,14.8817,58.9,73.2,669.430447319209,,284.266,218.532,3.061,2.707,0.447353742241464,38.624,2715570,2857184,3.95294404,23,25.4,0.81,0.7,16.2158819782248,17.0091784624239,13.7916013070138,14.3893961255655,12.5515625520295,13.0213041340007,11.3470488849169,11.696923254573,9.66144666723076,9.79024376881932,7.80048295630612,7.7316400988088,6.12816255585933,5.9614562072441,4.87431372954088,4.60921868903638,3.93852103380458,3.57684855851574,3.25361130063799,2.90434980737008,2.74123312805945,2.50663289025017,2.28359528604912,2.08705073789603,1.87583972355709,1.70454946919939,1.49162920071665,1.33724449059471,1.05597050229135,0.911748368020075,0.621123051225837,0.502987522877918,0.367976142535784,0.259227414804226
2002,Suède,SWE,77.7,82.1,24.2955,20.9063,2.9,3.6,29957.9387652616,26.2,84.604,53.316,4.622,5.278,6.65395848361415,10.7,2934448,2841426,8.21006203,10.3,15.1,,0.1,4.95275708477322,5.33982236166121,5.8747843644089,6.27974535660363,6.63107038456632,7.1500896951271,5.66502293641593,6.11854197631225,5.62519622145428,5.94818291400347,6.2642430428054,6.62064455775057,6.70006267992745,7.09359381795675,7.11340629350847,7.63686867526561,6.3654628052873,6.74247511018224,6.41084751027562,6.72472961030181,6.77776360237629,7.03005859070627,6.93721468152495,7.23842108962122,5.18577110178,5.26712013511025,4.40232747765987,4.16402455261931,4.30921727747239,3.69516083160754,4.11459887619882,3.18596231367367,6.67025365956479,3.76455841149709
2002,Suisse,CHE,77.8,83.1,25.3495,21.407,4.1,5,42458.7384679187,31.7,91.8,51.977,3.097,2.782,6.12208814766952,9.9,2469542,2459253,9.88000107,8.3,14.6,0.11,0.3,4.88819958069972,5.40149772710089,5.41560365722726,5.96072113286025,5.69979099485321,6.27961282717281,5.50457260906524,6.03672334884202,5.72749889074355,6.06213237371166,6.30416443494033,6.52722433667408,7.6224663467314,7.86756445221206,8.41239668999487,8.90863178865762,7.72523549695898,8.22219461457966,6.90469478180502,7.32987126000375,6.56601883223178,6.90376416152607,6.20244340104613,6.49443713810058,5.06792465709799,5.00250014686079,4.55151236468213,4.14654767522881,4.21569857894238,3.41737330832531,3.73476099319504,2.61273076467954,5.45701768978498,2.82647294346408
2002,Togo,TGO,54.402,55.644,14.6182,13.9934,60.1,73,445.238691488925,,339.135,309.806,4.045,4.157,0.221418683037289,37.776,1481487,1491736,2.82402873,25.2,31.7,3,3.6,16.0611283567163,16.2911768641646,13.7225173519306,13.9232081478557,12.1972585019113,12.4243398458951,10.7277559349835,10.9289696374735,9.39804971011896,9.52878829186242,7.99215798203556,8.0708236233475,6.55514303772916,6.56890143020202,5.34810432325074,5.32818872973489,4.35022542206253,4.30147051338502,3.60136912650702,3.511678727686,2.94542153151299,2.82310955344152,2.31572954072606,2.17333405146047,1.77505584847271,1.60473652970242,1.3269774120677,1.15440788473985,0.895788114323981,0.753792886580517,0.506028832488508,0.405741833663616,0.281288973162495,0.207331448804846
2002,Turquie,TUR,69.38,76.011,21.0341,16.6399,24.8,28.1,3583.19745897158,41.4,166.355,75.16,9.453,10.714,3.24191657732253,19.531,21884281,21479286,5.06227875,14.2,26.9,,,9.63189413317108,10.0832254161972,9.59024140991981,9.99698970919474,9.3379326305103,9.73441002940457,9.53031505991631,9.8438721798421,9.63090989208433,9.83133981936443,8.6098503986506,8.74740200380862,7.75080268081505,7.94059120638417,7.04729202019573,7.24605046149007,6.05042208662167,6.20816164630551,5.20857836367238,5.25854875889317,4.20861938120808,4.12789671814452,3.39629390235831,3.17512846746025,2.92245897040472,2.61193250290408,2.46385056266082,2.11250605885431,2.04237815537281,1.53739841233702,1.33417699423199,0.920096505709136,1.24398335820602,0.624450103706025
2002,États-Unis,USA,74.4,79.6,23.2099,19.9845,6.2,7.6,37997.7424300242,40.4,144.378,83.72,5.609,5.926,19.9111727323552,14,97577318,95133322,13.99534702,14,20.5,,,6.55605910413374,6.93974955241168,6.59498513158234,7.02489721727132,7.06929910690271,7.59451474329371,6.8704481752953,7.45831154126814,6.80918135127843,7.40612966313261,6.39143114789438,6.92735209667724,6.97156085020636,7.4703289970175,7.45604554375353,7.86052208768826,7.90727108446585,8.19760168735684,7.41538761521096,7.44278022390559,6.50057971915964,6.42904498260155,5.33274311733099,5.20852845909372,4.13918402527967,3.81996228319779,3.49590073492646,3.14373042034754,3.24733776331622,2.69479703705221,2.9263928281016,2.10844585270065,4.31619270116181,2.27330315498367
2003,Afrique du Sud,ZAF,51.993,56.266,18.6059,15.6566,45,52.1,4062.21755993786,,539.364,436.031,25.89,19.813,8.11521599803779,21.388,14241482,16174793,7.04098177,19.8,28.3,18.4,15.5,9.35711342833746,10.6377058620233,10.1653656389268,11.4913824374292,10.9050615598739,12.3013521327806,11.4161472519082,12.828056930467,9.68050567632767,10.5513069307051,8.58111813640624,8.26701603896873,7.68336685831789,6.99065353502735,6.71581485324185,5.76250080818455,5.97241909404804,5.34091842481608,4.62973420787349,4.18113140297462,3.71092594723538,3.37243835791441,2.75827765460736,2.3966382811769,2.54952525896702,1.94117706118219,2.14886369087042,1.39481184901113,1.75573766347122,1.19154964832396,1.00144520131964,0.700578075907116,0.968577878267406,0.650782223107751
2003,Allemagne,DEU,75.6,81.3,23.909,19.7533,3.7,4.5,30711.1022511331,29.8,119.369,60.737,9.282,10.181,10.641365099471,8.6,27982967,27536437,10.40202236,10.5,19.6,,,4.42953258011731,4.92237961976128,4.63799116413935,5.14822117151873,5.18741196074897,5.74277226079063,5.40198898024458,5.96899794363493,5.76615569743362,6.14945697252602,5.53803579740254,5.95917194550784,6.7526259007181,7.33912095842483,8.23409034480871,9.04210920048507,7.95594944720386,8.66710341662205,6.94710626767524,7.44799396861642,6.4671435922668,6.77933310689202,5.26030058125018,5.51393023233524,6.66975063650767,6.80114474567357,5.94285369405642,5.68217464340936,4.65748403931139,3.95771134648406,4.33528281459704,2.66378767715982,5.81629650151822,2.21459079015815
2003,Brésil,BRA,67.558,74.337,20.1474,17.2464,21.1,26.6,3090.6070097455,57.6,221.926,112.573,14.28,8.948,1.91813943107745,17.819,59511126,60304918,8.18899441,16.1,23.5,0.24,0.3,8.92849216436047,9.40917844592567,9.25043454096604,9.71792430735574,9.30783281954189,9.73901445205987,9.74139733841715,10.1244180748152,9.54186582864312,9.78738968557593,8.57588264311817,8.69192106711826,7.7152409070982,7.75485557961936,7.28878241786714,7.27790903627461,6.70627756175968,6.64758393302726,5.70262835288024,5.59023221155271,4.67331512339056,4.50250099739716,3.51648954398731,3.37315738695372,2.81225244358237,2.64680813970247,2.29973802312827,1.93794587245546,1.81494217361226,1.35991491153617,1.18670859905527,0.825261389962594,0.937719518591878,0.613984508667826
2003,Canada,CAN,77.32,82.23,24.779,21.1041,4.8,5.7,28301.8645937428,33.8,96.936,58.315,7.157,7.934,18.1301922122935,10.6,10956255,10832325,9.01090145,10.8,16.2,0.14,0.2,5.23153742217702,5.59982960887558,5.96572544346398,6.37539392881434,6.52761479692071,6.98480597766457,6.49146326111066,7.00405677603215,6.66768643708968,7.10543416875309,6.50092751906507,6.78702875372417,6.87301508508106,7.15053341229373,7.77113924176698,8.05397033607956,8.4859070165444,8.74220857066975,7.91144118614135,7.99584383125889,6.87323605262949,6.89000403879974,5.80298440015791,5.80785046416078,4.46076215442115,4.36093991452354,3.7394244853518,3.51756345257489,3.47723559637819,3.07975679951546,3.01245058768809,2.28968463153157,4.20744931401247,2.25509533472817
2003,Chine,CHN,70.931,76.022,21.3736,18.0785,22,24.8,1306.97245408557,,141.796,80.443,3.979,5.073,3.71846041601987,12.41,462496080,444246917,4.41762781,18.9,27.8,,,5.94313681711461,6.63976069360947,6.53021864074685,7.17372369522004,8.59656562963191,9.16018574161222,8.82397155356234,9.13284850961748,7.79193933435286,7.91694776587718,7.89291256640668,7.94150836541578,9.95316432707772,9.9258496607161,9.48216898152456,9.38758545577218,6.43102779208862,6.32183544609908,7.02504211618461,6.81528464299015,5.94983452109543,5.6938309668503,3.97350796655144,3.93512533009446,3.20325889428433,3.16373418146248,2.90608989488933,2.72405811234336,2.28647698694414,1.96899885555163,1.62869550900975,1.23647345762458,1.58198846853482,0.862249119143544
2003,Chili,CHL,74.978,80.758,23.95,20.3711,7.2,8.7,4773.40177520754,51.5,130.67,66.688,12.037,8.55,3.37723791294867,14.789,5290424,5283604,7.25047779,11.8,16.5,0.23,0.2,7.52562288731293,7.9361345050251,8.30950521098441,8.77625765173432,8.76388656456411,9.260275938919,8.34149812760121,8.75313925549479,7.86734621922435,8.19999790460126,7.75339705928361,8.00874571752883,7.76180808024126,7.93668031248042,7.57820573493825,7.64185645552513,7.06857235365072,7.05858276890883,6.26848872761799,6.20962005088306,5.35333240305165,5.26256883212324,4.2143311878919,4.08619692469495,3.38784750862455,3.22313731756464,2.95063581111044,2.67714165278151,2.65656665476502,2.23696989784053,2.12791381354076,1.6302578588902,2.07104165559681,1.1024369550042
2003,Corée du Sud,KOR,73.8,80.8,23.6968,18.5549,4.6,5.3,14672.8057539465,,141.081,57.294,3.031,3.561,10.3460575002302,10.2,17704559,16619658,4.63368225,9.6,20.8,,,5.76773342934406,6.20600060385793,6.80189650800491,7.49542265699222,6.61657657933808,7.33470834252477,6.59312770750593,7.2030474140773,8.27932569167142,8.94173588469707,8.00839720328199,8.30633911688524,9.15103814599533,9.31343715181197,8.51534060441549,8.69051100393383,8.96695892109259,9.1556830871351,7.31576252097095,7.47331161410035,5.28320641127016,5.33604223025467,4.40860255907387,4.2961935935653,4.26457359512354,3.80263283873216,3.67524789336336,2.9558321235325,2.76211997463727,1.785185448502,1.85018982874918,1.00042611908073,1.73990242616187,0.703490770316861
2003,Côte d'Ivoire,CIV,50.579,52.355,14.7482,13.8781,75.4,94.2,1111.17135087887,,443.222,445.008,5.871,5.76,0.304007070753864,42.802,4952212,4882199,3.95147705,17.1,26.3,3.5,5.7,18.2286273199942,18.2158270594544,15.0943335790617,14.9600117498725,13.0431225641036,12.9233290104341,11.0848591322431,10.9694024845191,9.50342697282046,9.24392892451754,8.36764541943693,8.16475041387218,6.53437629682777,6.50723639178328,5.05794796878209,4.9765301920647,3.82383657860477,3.80144923076811,2.644650431024,2.83626031048965,1.7731349086306,2.05380668950311,1.33255149753464,1.65989336084828,1.15022174622679,1.35343244606906,0.939237401338695,1.01536849787762,0.669641626444603,0.672998831624921,0.417132537918502,0.386598293738169,0.3352540190076,0.259176112563445
2003,Espagne,ESP,76.4,83,25.3106,20.6875,3.7,4.4,21522.0170990262,31.8,113.835,47.562,15.698,8.281,8.05286713681221,10.4,14626960,14330987,7.56327105,7.8,18.3,0.14,0.5,4.67663017122007,5.09414950562133,4.40324847395513,4.7933140648443,4.84828828463201,5.2935466063718,5.41069023527491,5.92728888506942,6.9524026147777,7.59921240104857,8.20676955590323,9.03090394571149,8.05285799535485,8.77048993647593,8.10728369167772,8.62767184670714,7.52264121707671,7.79107917598687,6.51943166461762,6.70854764152275,5.87983765274608,5.96930432718427,5.63707982036254,5.57288321788626,4.60777280483585,4.4427129926129,5.00222995941967,4.51174536056292,4.91002247518338,4.11988641945769,4.01406362772759,2.96376273867172,5.24874975523494,2.78350093426465
2003,France,FRA,75.7,82.7,25.6295,20.7637,3.2,4,29479.5222101175,31.4,134.868,60.006,9.135,7.589,6.50351073106917,12.8,20082397,20397869,10.08283424,8.5,18.5,0.16,0.2,5.93568554046714,6.63069968690362,5.78814582102033,6.4591397248442,5.96481757681086,6.66134504192712,6.14807969131379,6.78829272005473,6.21955961297236,6.70811497087944,6.1809404622331,6.64933188606887,6.96038332094068,7.27723546889789,7.07276275007253,7.32546478137195,7.07190681785304,7.32459662656449,6.94489509967786,7.1268985789614,6.89457395023626,7.12952343058083,5.75887804915673,5.94858994500044,4.3153339889838,4.30540564830692,4.51098316734237,4.13096429573192,4.59129547912411,3.78028242044279,4.08710668896498,2.91201888126276,5.55465198283006,2.84209589220066
2003,Inde,IND,62.882,65.376,18.0106,16.074,61.7,59.4,544.143133545002,,240.403,172.067,7.735,7.658,0.968644599081604,25.783,353133351,328525527,4.07877731,19.1,25.3,,,11.8749342708308,12.1681091140638,11.2503523784802,11.5528051843791,10.8737963437793,11.033728177975,10.2506514435329,10.4140875919402,9.13687634222623,9.31161976354954,8.09045303301424,8.19602627463586,7.18150886427087,7.22139960037517,6.37706973757749,6.40274251057882,5.65331665069302,5.69757849596337,4.90662447571264,4.94123091241263,3.96239607443963,3.93682298596185,2.95663138533472,2.78302950531635,2.43845370239095,2.20917591799254,1.98732603392305,1.71142023564967,1.40985271326318,1.18577174591955,0.888083106672954,0.717849666807174,0.761673443857873,0.516602316479369
2003,Indonésie,IDN,65.438,68.827,17.6871,15.4932,32.5,39.5,1043.2105838671,29.3,215.008,171.966,8.302,5.703,1.57139226933304,20.834,73169709,73034410,2.24837184,24.9,27.6,0.33,0.1,9.76039369734307,10.2422308628279,9.77263148123022,10.2424250093932,9.4476622594371,9.91454514817428,9.4770756146532,9.89253921123437,9.48411903323957,9.77200300590301,8.86441000500416,8.9960452832236,8.25038845264218,8.28765810062914,7.39048780350911,7.36969103059047,6.28227903145065,6.22929848529554,5.05860799562535,4.96140040488424,3.84149929490088,3.69414859317653,3.386822392797,3.02979456079781,3.03032572113746,2.63339248671852,2.47712381209128,2.07931148713144,1.75526962368492,1.40288933971573,1.02449000027885,0.785661504887208,0.696413780974983,0.466965485417055
2003,Iran,IRN,68.392,72.698,19.614,17.446,25.4,27.4,2208.99636553529,,182.869,114.064,18.943,9.894,5.89775618029779,15.878,23412332,22486106,4.95589161,14.4,21,,,7.5460893626012,7.64746900624122,8.4847466583439,8.55956973060987,12.5824579043048,12.5750943690876,13.9982730190812,13.6992239786055,11.9931811559448,11.834797092695,8.35202363658008,8.56063097064781,6.8090249173802,6.97219380672058,6.05493315092883,6.24147490195238,5.57959620674996,5.79049085101526,4.7887812488818,4.99624362559583,3.86630507705247,4.04412799345417,2.7307968846884,2.74855297915786,2.24133450013064,2.17327208388603,1.93189062647148,1.76944232208372,1.4504161673721,1.22507201215422,0.941125002054576,0.72228913572196,0.649024481433522,0.440055140371051
2003,Japon,JPN,78.36,85.33,27.4057,21.9433,2.7,3.1,35387.0374203599,,95.879,44.965,4.885,5.501,9.99633019621353,8.9,43270667,42246220,7.48654842,6.9,14.2,,,4.39758252397134,4.80643526011711,4.44330063656131,4.84196602187392,4.51314835156607,4.91474686583075,5.13503950567306,5.61442655308285,5.72038341218697,6.18361571988717,6.96707620218481,7.40336272762565,7.31876275250065,7.83431486248614,6.23054423346675,6.79019133428844,5.89636059105467,6.41956453967296,6.00279480129159,6.42712524334744,7.56746041964099,7.94262168344901,7.3696807924871,7.59036354703814,6.79022941876509,6.7822725717647,5.91751891632313,5.60189768319258,5.32193984118805,4.64279120158657,4.41994444350472,3.35087420307285,5.98823315763371,2.85342998168374
2003,Maroc,MAR,66.349,69.638,17.9328,16.1415,36.2,44,1941.87255859375,,200.979,155.81,13.004,11.56,1.28804117084015,21.589,9260727,9375008,4.08037519,23.4,23.8,0.1,0.1,10.2375849649435,10.797075895974,10.3949263836973,10.9949093944127,10.8919373824151,11.4615479593284,10.875485597658,10.9906298203081,9.94518539741759,9.78144305959312,8.73875740933161,8.36701856483287,7.52850855876592,7.23342302256655,6.82238600193577,6.45705912044752,6.00103302536163,5.92533129745474,4.84046557599893,5.05777980611408,3.6415264783732,3.76159748588658,2.83943064869686,2.59633107499097,2.44832037262817,2.19282885471358,1.90559827336413,1.82004461599105,1.46392015599715,1.37849425457917,0.905034959363345,0.78795006615831,0.519898814051835,0.396535706648428
2003,Mexique,MEX,71.042,75.548,20.8519,19.4189,18.6,22.9,7434.07465031562,,184.479,106.088,4.466,2.922,4.08524049895262,22.832,30465194,32951465,5.53978777,16.1,18.3,0.27,0.2,10.7101434143635,11.6021543359817,10.5762854169015,11.4071224348579,10.5237897222277,11.2352991449753,9.91654458589874,10.2477481207166,9.33232139724212,9.01635202065647,8.63944691013455,8.11719860336177,7.85035039597883,7.43899494450108,6.89308874262618,6.57692259225478,5.89608795180881,5.66681284063684,4.75536979719683,4.60349840648293,3.78316114336927,3.67503659595684,3.02803974186959,2.94027593352946,2.42470211347134,2.3175312578022,1.94521228013532,1.82329674528344,1.45460421593069,1.34990274015475,1.01867185446608,0.935810789675907,1.25218031637894,1.04604249317196
2003,Nigeria,NGA,48.173,49.063,14.6525,14.3486,81.2,96.6,763.388745367223,40.1,400.042,384.339,3.576,3.713,0.784874816260829,43.71,36418710,36483226,5.05360985,18.5,22.1,2,2.2,17.6466545705394,17.9790352984342,13.9510903433764,14.2563584377187,11.7923583789235,12.0630576085384,10.3612169094326,10.5416679487685,9.21143453131691,9.33341857358752,7.70351421009672,7.74315744159874,6.11967818935362,6.11455054116583,5.01553022949944,4.96629808487357,4.20945798591274,4.08644349450251,3.52803004132495,3.355289961106,2.89797501420141,2.6836002924129,2.41408091501858,2.29027674815247,1.91294132734581,1.7821519239142,1.41227647338655,1.27821673127673,0.938362754461476,0.821968827499606,0.539508897702112,0.450101803545262,0.345889228107706,0.254406282904885
2003,Pérou,PER,69.348,73.331,20.0044,17.5414,21.7,26.4,2129.44114197634,53.1,173.899,129.006,4.065,4.215,0.998894508400685,22.33,8552532,8553122,4.58703804,9.9,9.2,0.35,0.4,10.7624521140982,11.085823085946,10.8473146541074,11.082938231317,10.9020180512494,11.0977896222115,10.340529191991,10.5047692040284,9.44446778937078,9.55768626985111,8.593630573526,8.69262804175706,7.56512172123284,7.63356424477148,6.4586000571876,6.49039806722703,5.52773796731372,5.47031781397371,4.72186707466738,4.56899439324702,3.96799019566361,3.7660781780402,3.09788584916964,2.9293110713771,2.41002204588308,2.30045981759466,1.95586254476702,1.85933767357359,1.45033734548478,1.33739616423648,0.961039392147996,0.846496704207421,0.993123432139513,0.776011416640262
2003,Royaume-Uni,GBR,76.3,80.7,23.2386,19.9991,4.8,5.8,34442.6875402308,34.9,103.807,64.551,4.068,5.433,9.39563731147034,11.7,19311836,19837965,8.07831287,12,18.6,,,5.47806294856277,6.08448694707993,5.8562225497265,6.51064425645025,6.15877201610497,6.80722537157791,6.09984238066168,6.71688758411486,6.22267003419828,6.59641311763506,6.19676486104868,6.62123945199032,7.38761920013266,7.52131276811908,7.61684762949132,7.55788654131249,7.18394152395708,7.24800806167775,6.5843572358169,6.62105538756571,6.22167668282421,6.36696563087135,6.24199730283154,6.40189658606939,4.93548337274494,4.98235733888944,4.46605575286198,4.4193472697053,4.11596361179958,3.70581722712277,3.65462587151951,2.89882202208704,5.5790970257174,2.93963443773135
2003,Russie,RUS,58.53,71.85,18.3099,12.735,11.1,14.5,2975.123046875,40,478.384,170.618,7.952,8.458,12.0100552913682,10.2,49366957,53139371,5.16368914,24.9,52.6,,,4.13703467568621,4.99418846797081,4.31968351517638,5.19074421098722,6.18884495390599,7.41893521621887,8.10745169310715,9.58910042553552,7.4269027728362,8.63546465822595,6.94364490628207,7.9890522371055,6.44158434005854,7.49237983608934,6.56217939482021,7.32472241456455,8.30266795732175,8.93030564101204,8.02949247197209,8.25820082896626,7.2434474984653,7.00523017619908,4.27065009314034,3.84232362546464,5.39567037751174,4.25912407212865,5.29437907702713,3.80978390915376,4.70313207374749,2.84085310468144,3.86470860941539,1.68274292375194,2.76852558952603,0.736848251944438
2003,Sénégal,SEN,57.722,61.209,16.391,14.8872,54.8,68.4,817.888034221442,,283.13,216.248,3.026,2.673,0.423778137771453,38.675,2794805,2934024,4.29703569,23,25.1,0.65,0.7,16.1847044793381,16.9657954154084,13.7231587033344,14.2938222365638,12.4261650980978,12.8785099383309,11.2836066454383,11.5975508376275,9.70062099313754,9.83963646916359,7.89154323571544,7.84065693774622,6.19136524968583,6.0478392574056,4.90550210589621,4.67501343107016,3.95360808926556,3.62110528476371,3.25143998041481,2.90015735765308,2.73335754147272,2.47861676361874,2.29269077891946,2.09964763331276,1.86421408300062,1.68546355441692,1.49542540798716,1.34116164756853,1.06859801057744,0.925419385106768,0.64033323569609,0.524494031826419,0.393666362022497,0.285109818416842
2003,Suède,SWE,77.9,82.4,24.5861,21.0528,2.9,3.5,37292.4214343004,25.3,82.312,52.088,5.009,6.054,6.65932965098347,11.1,2954321,2860797,8.31724644,10,14.6,,0.1,5.03183019325929,5.413220826276,5.55127638715557,5.93464510684561,6.70521420202234,7.21845787639361,5.83492534986118,6.28668227645369,5.625901643514,5.953114071379,6.10723897057401,6.45068307561108,6.63283389632199,6.99695425477503,7.18059079802466,7.67966364173048,6.40787435796347,6.80025245801184,6.38815639233112,6.69000209254833,6.59719115754854,6.84112307080172,7.06836538286085,7.33348605818546,5.43271423934602,5.55069573006329,4.45629340952158,4.25052119327766,4.23119010584998,3.65434211666503,4.03621116470363,3.12731742403131,6.7121923491418,3.81883872695084
2003,Suisse,CHE,78,83.2,25.2702,21.454,4,4.9,49335.7456291067,,90.441,50.145,4.489,3.809,6.25258124368698,9.8,2492776,2482641,10.13696766,8.3,14.7,0.1,0.3,4.79259059286387,5.30310729324152,5.31004486623201,5.85114072562292,5.70849106218379,6.27895029961865,5.52573532993248,6.06553343412398,5.76692752450789,6.08371199527134,6.22968185289625,6.4308751150972,7.40926034438146,7.63717041773748,8.36743683851133,8.81791257422506,7.89495422032295,8.37263541041517,6.99796319770621,7.45460413185869,6.51940873883332,6.83824774841652,6.27649507733857,6.55861296463196,5.22221001923105,5.18978403897238,4.52824533545852,4.16084123243395,4.20517003222346,3.4463986862365,3.72082397146689,2.6203197001095,5.52456099590998,2.89015423198716
2003,Togo,TGO,54.702,55.879,14.6341,14.0209,58.3,70.9,538.16537776929,,337.508,308.964,3.935,4.029,0.258817863367582,37.528,1524380,1532870,2.86098099,25,32.3,2.6,3.5,16.0738507424677,16.2971350939225,13.6401796900207,13.8285428576118,12.1508919935499,12.3666801284467,10.6880419952945,10.891614152798,9.36027604553903,9.49473953439798,8.01709709757237,8.1025365564887,6.61032379525927,6.6308435413488,5.38749932107272,5.36946453440248,4.38047480667209,4.33234230823412,3.60987885059679,3.52054105894005,2.96488893828722,2.84019508337796,2.34259587981962,2.19704185952215,1.77571407863183,1.61182419264042,1.32580560342518,1.15360660566358,0.892299292009233,0.752693272891805,0.502514099206474,0.404881521605616,0.277667770575453,0.205317697707343
2003,Turquie,TUR,69.682,76.319,21.1133,16.7058,23,26,4637.88218501529,42.2,164.422,73.52,10.101,10.71,3.38605251554103,18.949,22233698,21838456,5.01427698,13.8,26.2,,,9.44175895891704,9.89052042405081,9.47625480451681,9.89087280815983,9.17281007963161,9.57853862140113,9.29378237991463,9.625828568831,9.57994957691447,9.79694188736753,8.69034044234824,8.81645219150467,7.75035529433147,7.9215800879956,7.10341756517978,7.27778900349562,6.15533246577604,6.30955786982514,5.33013363543152,5.38796917778421,4.35259443648504,4.28692887822718,3.45194408528953,3.24224654383868,2.94508725884308,2.6247183533302,2.47285950088106,2.14104326663123,2.09275832816589,1.59440448098681,1.41736419085209,0.966171154899861,1.27325699652174,0.648436681670497
2003,États-Unis,USA,74.5,79.7,23.3296,20.1833,6.1,7.6,39490.3023903176,40.8,143.909,83.557,5.658,6.263,19.9687524573828,14.1,98668395,96198552,14.50558472,13.7,20.2,,,6.5538692219003,6.93185420752819,6.484799580087,6.89561382129057,7.03968039646997,7.55343149956882,6.87082080279873,7.4494453510492,6.86176908367761,7.45057511151627,6.41485435297574,6.94047942083937,6.85116973064487,7.33131206394071,7.22681504447477,7.61809338670046,7.83635386978549,8.13876771205458,7.50820193630248,7.54482743243391,6.5666089708241,6.48725862454426,5.54333910223113,5.41574824663186,4.31145717503555,3.98487212255486,3.51284958837074,3.17663787916359,3.1821289052327,2.65931643605479,2.88678104437528,2.10386219726077,4.34850119481354,2.31790448686779
2004,Afrique du Sud,ZAF,51.915,55.754,19.0619,15.9451,45.3,52.3,5221.46333731721,,543.782,453.736,25.774,19.721,8.6905256330491,22.136,14589339,16445630,6.938416,19.6,28.6,17.5,15.8,9.26751924019729,10.5090586837212,9.89173799073105,11.154483241787,10.6405584364108,11.9700828188657,11.3279847645923,12.7102120795881,9.93187421692048,11.0280149595744,8.60627388889697,8.45156110796396,7.67579509930451,7.06328243560673,6.73126150554086,5.78059290845951,6.01358416343707,5.27523523464091,4.7897972272409,4.29266886488632,3.79086763722247,3.39867734666678,2.83461780253722,2.46811204820313,2.50352760944276,1.93951398279783,2.14969205826458,1.39302898615385,1.78233656629617,1.17509417106768,1.07252601041598,0.72991854569988,0.990045782548559,0.660462584317001
2004,Allemagne,DEU,75.9,81.6,24.366,20.2199,3.6,4.4,34566.7359143735,30.2,113.98,58.657,10.08,11.253,10.4673272879794,8.6,27821460,27448080,10.14603233,10.1,18.6,,,4.36384293367343,4.83841698060417,4.6298019642413,5.14165439421985,5.01746112738121,5.55789842000418,5.4616328626823,6.03436356876924,5.80251612856235,6.18266690923023,5.61466283453539,6.00982347367249,6.33693478797928,6.83434888777377,8.06688141918585,8.81146012927412,8.14140114595254,8.86375867207392,7.10015700388278,7.63530809955452,6.5715260195199,6.85511984257586,5.29828021234587,5.54242003417112,6.39188507933575,6.52646608072287,6.26791803817009,6.0115234047652,4.64415667951675,3.99614118145536,4.33146682888764,2.86104286316164,5.95947493414755,2.29758705797144
2004,Brésil,BRA,68.019,74.824,20.4626,17.5307,19.7,24.9,3663.823188064,56.5,218.643,110.184,13.357,7.691,1.99938641898312,17.5,60534060,61385870,8.12491989,16.1,23.3,0.25,0.3,8.65622230233282,9.13208140543491,9.1511118191663,9.62705078853994,9.13212673647629,9.57006362467608,9.55684036651436,9.94579054168801,9.53506484543258,9.79915728768448,8.6652230682859,8.79005799267363,7.76387453706719,7.80609864903897,7.23574252441392,7.2259467739128,6.78056706118078,6.7213692599585,5.82275913052025,5.71003513092861,4.80161997928689,4.62591273380392,3.66082381018841,3.48461886798516,2.85459240607337,2.69771670374321,2.32271247295656,1.98943655210205,1.83932740463476,1.38251798715817,1.23385332484753,0.850930986603842,0.987538210622094,0.641214714067721
2004,Canada,CAN,77.68,82.42,24.9605,21.3815,4.8,5.7,32145.5412620217,33.8,94.71,57.049,6.852,7.474,17.5250534561294,10.6,11088714,10964823,9.06628132,10.5,15.9,0.13,0.2,5.16354600092464,5.5408062508616,5.78615576018722,6.17973513693328,6.48134236857284,6.92731208660787,6.47900794432019,6.99123638455955,6.69951698079321,7.14015436876185,6.52367038348947,6.78617733797576,6.7596846843513,7.01555035814662,7.45069584962188,7.72614594559229,8.48498456381237,8.76466765348545,7.9856768115749,8.10234508762092,7.00585080111766,7.00890728178224,6.02623448795129,6.01809008633455,4.62145691756824,4.52740259577502,3.7645135195544,3.53865213519625,3.44679436984977,3.06921749491695,2.9995038808801,2.32337748199389,4.32136467543053,2.3402223134559
2004,Chine,CHN,71.27,76.37,21.4898,18.1783,20,22.6,1530.92726215723,,139.817,78.688,3.9,4.972,4.25958135138784,12.29,469907291,451295108,4.29347467,18.6,27.7,,,5.86528056695426,6.56325698563368,6.29440365604705,6.94279456442598,8.04359770303608,8.6204656519956,9.07399990959556,9.43624019830425,7.86421191239141,8.00483680122609,7.47717425529976,7.53174594089603,9.64887422362993,9.62995774516277,9.46931780522231,9.3751125794561,7.17441846452579,7.05405843782905,6.78142352605854,6.58784838202476,6.27212070717006,5.97031861708042,4.2272770600981,4.14918792696311,3.24640836021991,3.18506477948711,2.88692747963422,2.72289790338173,2.35514201768209,2.03592009520412,1.66681155362376,1.27637290155396,1.65261079881115,0.913920489375263
2004,Chili,CHL,75.415,81.103,24.2251,20.6808,7.1,8.6,6120.59152055344,,126.038,64.688,13.023,8.56,3.61355633748436,14.415,5378037,5369104,6.91028595,11.4,16,0.24,0.2,7.31097092970276,7.71171579421893,8.07408781534135,8.52940069442038,8.64383243552768,9.13132609547106,8.38625467907731,8.813699144378,7.85733514092672,8.19374306147935,7.69182273729717,7.95335053297652,7.68985030332163,7.87439564918343,7.56385417039826,7.64204643208023,7.11692275229627,7.1065482244033,6.37547191711796,6.31851488298317,5.46855783554313,5.37269599500234,4.38352866471934,4.2420921205734,3.44896978421634,3.28944728724261,2.95748962367619,2.69168950159667,2.62833279127243,2.21998500155338,2.20489238590714,1.69929394011329,2.19782603365833,1.21005564232394
2004,Corée du Sud,KOR,74.3,81.2,24.0334,18.8096,4.4,5,16496.1316167114,,135.796,54.202,3.074,3.657,10.7253636191565,9.8,17775041,16686312,4.60466433,9.1,20.2,,,5.43759637851391,5.84987475331953,6.64254627386553,7.26090771003373,6.73950274904447,7.49185658367589,6.37598540794152,7.00815470425849,8.08767593418839,8.73469828915457,7.82309573406038,8.17155898639247,9.03674816639917,9.21041320898646,8.52090117345154,8.67754861956177,8.88415784440658,9.08199211853167,7.76117589072912,7.90323542245593,5.46466120444479,5.51641867613336,4.56625940303459,4.48447921370616,4.2130363961335,3.7858250174253,3.78732144842692,3.08328332651495,2.88260373753131,1.92982930194241,1.93423446006367,1.05095916881455,1.84249779776458,0.758964899092761
2004,Côte d'Ivoire,CIV,50.969,52.975,14.8712,13.8941,73.2,91.9,1199.82524528546,,441.184,436.068,5.959,5.831,0.305981117632049,42.276,5067717,5002838,4.02148724,16.8,24.9,3.3,5.3,18.1475000202398,18.1575770982186,15.2141894784177,15.0849628008348,13.0459317613544,12.930114791819,11.1073210658844,11.0052204530424,9.35644827090417,9.14673368044862,8.27129973819481,8.04453073333522,6.59907507866094,6.5690679605324,5.07500036636534,5.0183636108292,3.89322361434221,3.83854030832527,2.72270939419159,2.87078917450439,1.83258507695056,2.08507050663865,1.29761993699746,1.61100740099999,1.1137096576672,1.32766845195348,0.915744271455098,1.00194353318648,0.660805231061755,0.66785730968387,0.41349068904252,0.383608528693482,0.333346348270074,0.256943656954117
2004,Espagne,ESP,76.7,83.2,25.7937,21.1192,3.6,4.3,24925.0267844576,33.3,109.517,45.381,15.052,8.337,8.28114415731179,10.6,14956055,14600268,7.65047979,7.4,17.7,0.14,0.5,4.77611780273146,5.19145389405251,4.40071233144833,4.77362768386977,4.74727643175462,5.16617757920035,5.2747931596015,5.7566619426823,6.67754957160538,7.28077963076174,8.18901945155771,9.0159414124295,8.12673094135265,8.91700115289175,8.08330577818606,8.64553878555048,7.6516935095053,7.95560516472799,6.714224626671,6.898008591836,5.83434039364833,5.92254127731755,5.69671939955747,5.6102722981089,4.84950441226439,4.67096259248484,4.67323967662899,4.21576843761858,4.89940821923183,4.11756939147108,4.05404785778738,2.99718782232374,5.3513164364676,2.86490234267294
2004,France,FRA,76.7,83.8,26.4942,21.4098,3.1,3.8,33644.9282220364,30.6,126.87,57.921,9.88,8.079,6.47317992840037,12.8,20223956,20566630,10.16429329,8.2,17.5,0.16,0.2,5.88308360229244,6.56648904698906,5.86107976655932,6.56422095852793,5.84288773122512,6.51771164454842,6.19689383438512,6.85572095275646,6.16944728656474,6.62697646864972,6.05531358239579,6.52004723564231,6.89794336330286,7.25101299513434,6.97297481065615,7.22450977394246,7.07284239615954,7.31493630080307,6.92580358260104,7.1010120197213,6.83450581196539,7.02334349045449,6.14070900596884,6.32978600247856,4.33455118110735,4.34318183244942,4.43472466161158,4.08460455978934,4.55116446539816,3.76856229585094,4.08967668562608,2.9379474622959,5.73639823218049,2.96993695996628
2004,Inde,IND,63.221,65.844,18.072,16.1462,59.2,58,624.258826510066,27.7,238.181,167.506,7.686,7.601,1.02713496240707,25.121,361284834,336144349,4.02679491,18.3,24.7,,,11.7002247356739,11.9866776725758,11.1206987317046,11.4387537674104,10.7538863533366,10.9327034519366,10.2233429728151,10.3788469083367,9.19487505597748,9.37534579587678,8.10039221658907,8.21789807532194,7.21954953667091,7.26168283037288,6.39328790081483,6.4077203603389,5.68802015137382,5.71627390283547,4.95107012395479,4.97570870389362,4.08663718971988,4.05953272855345,3.02112114259059,2.86128863368559,2.43662136910162,2.21321849110948,2.00016955961978,1.7198205861931,1.43242738102922,1.19459034159283,0.903656535771691,0.729924730334659,0.774019043256093,0.530013019631859
2004,Indonésie,IDN,64.08,66.94,17.4733,15.3061,33.3,40,1126.84004447173,30.4,234.148,199.153,9.173,6.241,1.58017941991504,20.796,74451831,74175949,2.12002277,24.8,27.9,0.35,0.1,9.62588128636976,10.0980156575251,9.68428252839262,10.1430233316256,9.34140993984758,9.79927216161312,9.29754565687616,9.71304985795379,9.4215570084889,9.7284788727966,8.86227541222055,9.01091395296222,8.25415732370198,8.30004778868588,7.47304797066705,7.45725158075208,6.4020656797522,6.35150974658214,5.21323956526208,5.11941258100588,3.97499931644221,3.83769561968724,3.3469277195322,3.01997445958337,3.02021503111359,2.61315041498178,2.50492926007239,2.0963171401426,1.79495919077492,1.42346367902577,1.06549579101077,0.808476352384348,0.717011319475071,0.479946802692504
2004,Iran,IRN,69.841,74.412,20.0263,17.8453,23.8,25.7,2672.42266512669,,165.132,94.653,16.2,8.919,6.19109034979859,16.176,24425646,23342886,5.12801409,14,20.9,,,7.61225452345164,7.73326919224485,8.04401362387229,8.14411516598952,11.5721289591986,11.6500225144052,13.6136575780904,13.4048158245638,12.3658280052839,12.2064561454265,8.96982808882319,9.14594890504421,7.07155781704771,7.27490289964075,6.24246188082998,6.39062979297479,5.57166572201476,5.75161446395146,4.82692855472899,4.96151283164591,3.97135384185193,4.10264947821133,2.83541185759561,2.85724318821864,2.2413428018975,2.16749498959463,1.93765993575593,1.77223247207722,1.48035317411743,1.24748976678922,0.955427416795698,0.729054784009272,0.68812621864447,0.460547585212664
2004,Japon,JPN,78.64,85.59,27.6443,22.142,2.6,3,38298.9801712303,,92.677,45.393,4.418,4.953,9.9512691666471,8.8,43004827,42002984,7.53518438,6.9,14,,,4.34653201578117,4.75542220808579,4.43931472446713,4.84595506517432,4.45794609592599,4.8608654778867,4.97025234303075,5.45086049850384,5.55903779242057,6.01626943769317,6.63478725894765,7.0488689175152,7.47846394464309,7.97908244756864,6.37146039282807,6.93042406750384,5.92034857067242,6.4522722853684,5.92228077549774,6.36386106173297,7.08070940174145,7.47666498094308,7.75584865724134,7.9794307397621,6.8739381324456,6.88197638429091,5.92204184281358,5.64756269905058,5.42040305654367,4.75416692157617,4.53434770270911,3.50223900074922,6.31228729229067,3.05407780659508
2004,Maroc,MAR,66.695,69.917,17.9953,16.2139,34.6,42.2,2183.55541992188,,196.911,152.93,11.37,10.648,1.42931840791469,21.686,9460097,9563771,4.23211098,23.4,23.8,0.1,0.1,10.0970732745745,10.5885613779844,10.155564322245,10.7759070977953,10.7102903063412,11.3097817399929,10.7713333369998,10.957848326514,9.99323674206273,9.8412824611401,8.78835201188144,8.42585754499363,7.58204541470025,7.27535240622336,6.8052466087466,6.43773273422145,6.10191875586101,5.94564152223308,4.98748019278907,5.18342879328716,3.78762229900602,3.96276830797117,2.8666951397769,2.68531413305332,2.45951468459972,2.17162489946766,1.9278068492943,1.81083357162175,1.46952972553809,1.37894958696692,0.940625382713612,0.825261801226474,0.555664952869804,0.423853695307489
2004,Mexique,MEX,71.174,75.664,20.8661,19.4282,17.8,22,7849.66759649565,50.3,183.286,105.039,5.27,3.214,4.12319826676846,22.369,31065333,33555790,5.6835022,15.7,18,0.27,0.2,10.5725510687281,11.4540386218421,10.3811333235053,11.2059878768398,10.4284597221531,11.1079778169708,9.82539907270692,10.2061738175281,9.24129350126063,8.97549623908396,8.57788916681871,8.05819244047943,7.8897211061841,7.47435359122125,6.94821849826764,6.63897926459649,5.98855719701571,5.74834661859751,4.88044455371104,4.7172651310253,3.88078621302612,3.76504239124925,3.10286251249779,3.00776158402983,2.46933242910452,2.36242682295037,1.98561811648401,1.86302013493468,1.49187553351807,1.38151488595355,1.048099303534,0.958491726208385,1.28775868148421,1.0749310364892
2004,Nigeria,NGA,48.782,49.51,14.7047,14.4483,78.4,94,962.48104194733,,393.771,380.799,3.532,3.663,0.737360547996734,43.474,37429814,37428393,4.63368416,18.3,21.7,1.9,2.2,17.7396408742323,18.0446971495092,13.9730546668363,14.2585288241726,11.7650619198046,12.0426763240714,10.2581625761423,10.4362931879471,9.15927972299216,9.27806407244059,7.77456161886735,7.81885002159775,6.18077301248278,6.17359361770531,5.01637558261701,4.98392931433906,4.19829491507462,4.08675301474831,3.51920346190597,3.3550639340275,2.90110188175983,2.69322023781187,2.38214293185107,2.2362466888297,1.90747196680845,1.78147978669137,1.40930315818052,1.27956927947771,0.935020940300212,0.823119509112986,0.536508819512567,0.451076451178779,0.344041950631873,0.256838586338736
2004,Pérou,PER,69.383,73.674,20.3259,17.7544,20.4,24.8,2397.25147277714,49.9,180.337,130.877,5.262,4.28,1.1423518222445,22.392,8682316,8668958,4.42972279,9.7,9.1,0.35,0.4,10.5990064825287,10.9114536884958,10.6187903584324,10.8285228159169,10.7427561248452,10.898283516216,10.2871802246707,10.4304037387091,9.39774752299579,9.50049639902404,8.54309847222795,8.64008456433231,7.58392221238984,7.67516069312449,6.51199584524218,6.56544376868619,5.56780497213405,5.54316603702492,4.76557599837441,4.63648837263725,4.0368603104047,3.84670091484855,3.20900222467886,3.03766171134903,2.46247745132744,2.35438242231041,2.00844829054183,1.9219563902088,1.52159228402941,1.41887372772104,1.02671121803677,0.914314572449799,1.11703000713982,0.87660666694548
2004,Royaume-Uni,GBR,76.6,81,23.7108,20.4529,4.7,5.7,40366.8886650968,34.8,99.554,62.084,4.192,4.938,9.35084997550756,11.9,19430933,19978846,8.3386755,11.5,17.7,,,5.46298291786772,6.06907873907322,5.78832906283396,6.42410434643682,6.16561989900407,6.82848843961197,6.09099499468091,6.62205956178039,6.31857830985266,6.72911175969514,6.20281590137997,6.54442932831321,7.14410216204392,7.39281932133142,7.6335761931352,7.58128738450255,7.25494618442977,7.25271163608699,6.64884284090574,6.71341548775285,6.170767949946,6.23058763482083,6.31019230792558,6.53226061574472,5.04722160111177,5.02127567792761,4.49511699362235,4.4681222372472,4.05942335521754,3.68649267264904,3.6112000433452,2.89533493774618,5.59528928269762,3.00842021927986
2004,Russie,RUS,58.91,72.36,18.7353,13.1224,10.3,13.5,4102.36474609375,40.3,473.061,168.234,7.517,8,12.0697035821782,10.4,49192701,53031169,4.7603755,24.2,51.7,,,4.28316020653564,5.19422188030847,4.23533069451857,5.10905136999785,5.69706885081672,6.85109290184524,7.9508509369275,9.41846691213618,7.60648848618752,8.86394284295248,7.06056119570486,8.13624562929392,6.59930953684946,7.62604159304084,6.30115543319563,7.07382191356165,8.06553098616486,8.72107957566854,8.16969276293383,8.38059098753409,7.42322737049808,7.15443330483964,5.11074303090307,4.59857531347408,4.47142763392838,3.51328855341073,5.79377391222294,4.13096579737191,4.33385441991673,2.61867169670442,4.00349831952424,1.83274583872729,2.894326223172,0.776763889132661
2004,Sénégal,SEN,58.601,61.995,16.508,15.0232,50.9,63.8,918.102079522155,,275.165,211.013,3.02,2.667,0.471641727947474,38.381,2868778,3007564,4.56856203,22.8,24.7,0.54,0.7,16.1892013579346,16.9658636869003,13.7040278790826,14.264511549505,12.2977730952445,12.7524026837148,11.184671907502,11.4493972096867,9.70453215189417,9.84220530689288,7.94958172371253,7.91447118093353,6.25210038630899,6.12766979070945,4.9419005682074,4.73940950787959,3.97358871149292,3.66907304595508,3.25918722028617,2.90856548527246,2.73794022566208,2.46436829339824,2.30068166878281,2.10934429398978,1.86127094758264,1.67420087331091,1.49801442580436,1.34118436050457,1.08050355242186,0.93636461952172,0.658670340654294,0.543253930899443,0.406353837426047,0.297714180925511
2004,Suède,SWE,78.4,82.7,24.8104,21.4517,2.8,3.4,42758.2015503417,26.1,81.84,50.547,6.182,7.158,6.4561961258598,11.2,2973972,2880301,8.1296196,9.8,14.2,,0.1,5.13896447075538,5.52125517371208,5.2711436552118,5.64554879295851,6.66975900276459,7.15099481453617,6.04333502386918,6.50273610879411,5.62761088052672,5.96476989974052,5.96248905945595,6.2897014002581,6.62076211648034,6.96642232389241,7.09427745902985,7.5539309666126,6.54367412287749,6.93947465050764,6.36159437587158,6.6645679941294,6.43395459974525,6.67506883604786,7.06716717107231,7.29059094273215,5.73146752837709,5.88387078534518,4.56118472399192,4.38709693342881,4.15004508462928,3.6125588723083,3.96212450322601,3.07707202870769,6.76044622211525,3.87433947628846
2004,Suisse,CHE,78.6,83.7,25.7331,21.9974,4,4.8,54659.4571488233,31.6,87.49,47.738,4.764,3.944,6.28305225231321,9.9,2514380,2503860,10.22576523,7.9,14.1,0.1,0.3,4.71961376937787,5.21849489718262,5.21975956456897,5.75336502565108,5.6569992763944,6.22421124817144,5.57578094574204,6.10712235858147,5.78580823377513,6.11049859222127,6.18895613692999,6.36741060037737,7.18924772731221,7.41109574279078,8.24592141433667,8.6346621856851,8.06730738757958,8.54340701824882,7.11424840026409,7.59231923451375,6.48890040458,6.79371544549403,6.30902666493931,6.57760881850088,5.38905171598752,5.39407288347511,4.53016621182191,4.18691714999389,4.19293444281772,3.48399637580691,3.71377944230787,2.64444883539311,5.61249826126472,2.95665358791242
2004,Togo,TGO,54.992,56.179,14.6699,14.0458,56.6,68.8,560.266308533382,,336.002,306.8,3.964,4.062,0.241797255441404,37.14,1569246,1575998,3.00704718,24.6,31.9,2.4,3.4,16.058342958135,16.2757387711322,13.5807909885902,13.7582076407015,12.0973497978529,12.3013305489239,10.6557164307202,10.8579666524564,9.31990034866743,9.46023834535229,8.03537951998867,8.12327548607965,6.66676954945406,6.69660539396148,5.42989631168715,5.4143982129546,4.41596890508046,4.36894432247229,3.62151503555945,3.53286588338165,2.98882096676383,2.86138835517527,2.36030066559318,2.21233324207387,1.78177789172826,1.6229189415636,1.32397871588953,1.15368245994278,0.889135261988095,0.751572644231834,0.499501778410819,0.404183361935385,0.274854873890839,0.204349737661258
2004,Turquie,TUR,70.037,76.591,21.1689,16.8169,21.3,24.1,5960.77898909049,41.3,161.675,72.132,10.992,10.787,3.43865725373913,18.857,22568740,22181600,4.9096446,13.3,25.4,,,9.25712523406125,9.70026182675998,9.34475022940066,9.76859666765466,9.05155139350404,9.46250027198272,9.06680038446012,9.41888426632048,9.45038545223143,9.68399079654057,8.80568281501787,8.93060375108688,7.7605525914739,7.91149431067349,7.12716560986569,7.28301015395369,6.27011554231124,6.41168210584373,5.43191709652891,5.49599581885942,4.50891635030729,4.45532385000405,3.53233561628722,3.33501505077558,2.96255218912647,2.63669270409155,2.4898378593712,2.16270344634132,2.11893370088167,1.64604667272829,1.50778586758462,1.02003323752279,1.31359206758641,0.677165068860795
2004,États-Unis,USA,75,80.1,23.6459,20.5448,6.1,7.5,41724.6411982614,40.5,140.559,81.47,5.396,5.639,20.0821970782783,14,99853997,97324049,14.55123425,13.2,19.5,,,6.54935560949895,6.92172513534969,6.41353282256571,6.81047847280789,6.95414573140043,7.45247993929404,6.90052825227701,7.47069710737062,6.88058273364713,7.46111367474453,6.47513945738186,6.990681453287,6.70814080140762,7.16923035497869,7.02925814322753,7.41071693737702,7.74103931629202,8.04316344842839,7.56648083750669,7.61541750746432,6.67662516833473,6.59911698474111,5.73839697538324,5.59553513047878,4.46131257050926,4.15942213781445,3.54614164461936,3.20184089739686,3.13416954477613,2.63306801374349,2.84177637464096,2.09999146095979,4.38337401653135,2.36532134376331
2005,Afrique du Sud,ZAF,52.088,55.465,18.7741,15.9816,44.4,51.2,5836.87663325127,64.8,544.084,460.984,25.678,19.645,8.81549624345573,22.718,14905335,16687200,6.86216164,19.6,28.5,16.7,16.1,9.30280716779425,10.5209646159223,9.59217259268789,10.7924268597764,10.4116149148999,11.6792310043177,11.129089451594,12.4640901524812,10.2551683261879,11.4696122206821,8.58677626520015,8.66492938440802,7.65152197737465,7.12250845953215,6.74808569473943,5.83044626583353,6.01155363979247,5.16779427662505,4.96125371222962,4.41067008652229,3.84894718435618,3.40427161901401,2.94949540924356,2.56641375640391,2.44312429976006,1.91737768677386,2.16292575788468,1.41744661194974,1.78050011819996,1.13762794361289,1.14959524834609,0.763871902460211,1.01536823970921,0.670317153684708
2005,Allemagne,DEU,76.2,81.8,24.3874,20.3427,3.5,4.3,35084.4363546269,31.7,111.806,57.71,10.942,11.399,10.211048890339,8.3,27615271,27349055,10.31153965,9.9,18.2,,,4.29851567409188,4.77622233378166,4.62525273877586,5.14120241959552,4.82947200348355,5.35767793973031,5.52307571178733,6.09317806375881,5.83487730938414,6.20347450523306,5.75326480272385,6.11441914369908,5.99841426900745,6.42000517421527,7.8140840837856,8.47904880872285,8.24476094487325,8.97483444033991,7.28831341688639,7.85012508573296,6.62326999384244,6.90462692437673,5.55919387476948,5.80053822517648,5.90606274400161,6.02995868386223,6.494589178699,6.25241910732591,4.7721616557455,4.16173758175488,4.31434190799785,3.0258718659897,6.12034969014481,2.41465969670465
2005,Brésil,BRA,68.485,75.292,20.7702,17.821,18.5,23.4,4827.78173074714,56.3,215.12,107.909,13.993,8.004,1.9989539012045,17.176,61513717,62427240,8.03539562,15.3,22.2,0.28,0.3,8.41180034922516,8.88406187750117,9.01944794373328,9.50174496103114,8.99157092982025,9.43635922433417,9.35910065217747,9.75401978677774,9.48947278394828,9.77050791279894,8.75893457463619,8.89404364495468,7.81852620237141,7.86457620722082,7.1946112887999,7.18609885805763,6.83092032082407,6.77119127701527,5.9395072127263,5.82637420697749,4.91990580473198,4.74242447952872,3.82506019297352,3.6155352972191,2.90630059122133,2.75050466049328,2.35278431986162,2.04710701886371,1.86027895216987,1.4078190682805,1.27952626473976,0.877025029026626,1.04225161603961,0.670606489919037
2005,Canada,CAN,77.82,82.52,25.0589,21.5869,4.8,5.6,36383.6600068095,33.6,94.342,57.113,6.464,7.013,18.0225329540933,10.7,11225596,11101240,9.03540611,10.1,15.3,0.13,0.2,5.12632889633165,5.51306530193505,5.60437933575178,5.99329703754443,6.38201705256954,6.80624742977412,6.50729594994905,7.0144722770226,6.7041531873013,7.15120984926111,6.56193133330682,6.79848309234646,6.66166443133285,6.88559236357505,7.19692255296935,7.47159764307565,8.40560057282224,8.69851849225028,8.04028831009924,8.18855457028934,7.15989916832873,7.16149075278611,6.22273309747613,6.2032172228931,4.78315001274235,4.69372550703052,3.81133733695459,3.58663550977417,3.41330005597347,3.04802192927609,2.98914874810003,2.35761181921288,4.42984995799088,2.42825920195303
2005,Chine,CHN,71.595,76.769,21.6559,18.2763,18.2,20.6,1777.64496828464,40.9,138.01,76.559,3.925,5.004,4.80528434019575,12.4,477694653,458583642,4.17605019,17.7,26.9,,,5.79034454144835,6.48710717003029,6.11645886566489,6.77067214104887,7.40053821981698,7.98025875749267,9.28966958330381,9.710775888582,7.96838318930451,8.13013294902546,7.26499093674961,7.32668950831718,9.19649688471734,9.18651560275534,9.55552069533994,9.4623357671267,7.94768372471075,7.81579978747064,6.3594796594548,6.1825919252106,6.5267176602971,6.20633859467239,4.55007104005236,4.41426694251739,3.31474524260721,3.22956645584944,2.87065558310487,2.72210492348544,2.41916131454242,2.09191625929977,1.70307101728811,1.31444712400926,1.72601184159694,0.968480203106531
2005,Chili,CHL,75.589,81.262,24.4213,20.7898,7,8.5,7480.32330998636,,124.584,65.303,12.289,7.645,3.61715719670302,14.23,5467608,5456076,6.62372065,11.2,15.9,0.25,0.2,7.11589960014608,7.51110622380273,7.82919052257325,8.27237625648824,8.49626466585792,8.96971562138334,8.42475854211947,8.87171934811998,7.87047962090682,8.20946036120243,7.64178047936357,7.91045918025324,7.61621737472269,7.80860062133598,7.54022766980377,7.63438570777184,7.15459710338755,7.14717805296768,6.47454065041615,6.41943856388903,5.57493472495906,5.47530652587282,4.56024007660901,4.41275361163685,3.52691149453335,3.36376789828068,2.96989497287129,2.71093092031502,2.61067920901354,2.21537753042749,2.25036232141948,1.74121431490986,2.34302097129699,1.32620926134279
2005,Corée du Sud,KOR,74.9,81.6,24.3177,19.1625,4.1,4.6,19402.5026259549,,129.237,51.664,3.095,3.75,10.6962767596866,9,17835049,16739671,4.8394208,8.6,19.1,,,5.06690016140188,5.4545216404519,6.47932568670279,7.03224023838236,6.82556716278765,7.60032954599601,6.29296244856402,6.91039214400974,7.72159476813357,8.43899827986286,7.81021077833959,8.16426986368957,8.80391964383697,8.99758247944582,8.63463142108837,8.77622021516403,8.70467430887098,8.92384501286998,8.07579493783249,8.20340298880424,5.83208599253538,5.8774661007918,4.73136036183711,4.66643116717943,4.14433010005376,3.76397966843022,3.85910669367203,3.16962711091667,3.03146426960462,2.10127349765865,2.03640200059426,1.11533923042827,1.94966926414451,0.804080815918473
2005,Côte d'Ivoire,CIV,51.356,53.601,15.0882,13.9195,70.6,89.3,1197.74616979415,,438.953,426.872,6.082,5.94,0.318684175934195,41.927,5185735,5126818,3.96639085,17,24.7,2.9,4.9,18.0277953537693,18.0626641743237,15.3527488989649,15.232537734498,13.0480704062263,12.9344111864534,11.1407699368015,11.0475559790542,9.24676441974635,9.08828349764314,8.13462514786758,7.89686346529166,6.66178151361382,6.6173493182833,5.09612830779465,5.06330678579345,3.9466301197196,3.87211510514231,2.80366936683915,2.90526904173946,1.88795326259031,2.11722732386948,1.28724449857572,1.57465375552915,1.08171793993262,1.30308897798466,0.890806825542514,0.986573664645175,0.651642736919502,0.662348999335546,0.410272826627919,0.380965098676479,0.331378438468329,0.25478589173697
2005,Espagne,ESP,77,83.5,25.677,21.0352,3.5,4.2,26450.9530130382,32.4,107.352,44.35,11.994,7.137,8.48570509966576,10.6,15260498,14837646,7.73974037,7.4,17.5,0.14,0.5,4.85395141216616,5.26124316957981,4.43996382089387,4.80061765249448,4.63881181145108,5.03105361912236,5.14946355564111,5.60144717683642,6.40079585942738,6.96920891773212,8.11306903347871,8.92742295320569,8.22020845125311,9.07112503375268,8.05286716269664,8.67135509894358,7.76298707537505,8.12093506876336,6.91580312030744,7.08249817634762,5.8794553446606,5.95712473782298,5.66979497495185,5.57300107835862,4.99575067431287,4.80663297059875,4.49748675674585,4.06294666529257,4.8457011016558,4.07876335929723,4.09813217330057,3.04146412658422,5.46575767168192,2.94316019526754
2005,France,FRA,76.7,83.8,26.3788,21.3911,3,3.7,34696.3718316971,29.8,126.589,56.754,9.845,8.035,6.46027355059177,12.8,20365881,20739281,10.2148447,8.2,17.4,0.16,0.2,5.84693030163421,6.52500342798793,5.8963352212256,6.62474987336851,5.76065765866288,6.41749844154559,6.19133362380249,6.86334386683642,6.1148428875591,6.56129710872914,6.04300877926129,6.50155014108427,6.75009595154087,7.12286027725697,6.89175903452266,7.14713651591291,7.05222162120636,7.27820876221034,6.90465322315006,7.08959693616571,6.77375023756902,6.92117340718066,6.50622609713638,6.6871048103139,4.39721083555333,4.41599932849819,4.34068336683479,4.02839072924571,4.48313277672397,3.73424497838947,4.10863829646364,2.97902835678877,5.93852008715333,3.10281303848553
2005,Inde,IND,63.608,66.376,18.1365,16.2217,57.7,55.8,710.488080408949,,235.388,162.162,7.621,7.524,1.05357135746307,24.304,369397181,343770236,3.85508275,18.2,24.6,,,11.491220599594,11.7702518246128,11.0101578119332,11.3358438548813,10.6402888973406,10.8478147009403,10.1781890483478,10.3260650636955,9.24225027723995,9.4239365574252,8.13226838774275,8.26280618355344,7.25895373863422,7.30650496051065,6.41423612198793,6.42015371692926,5.71862712968278,5.73083802549173,4.99121805495574,5.00444369534959,4.17843636637083,4.14547750813885,3.12717685010563,2.98317334910829,2.4491164405798,2.22803463150462,2.0066106651482,1.72557306718962,1.45392725688167,1.20399173525358,0.920590905633673,0.741114976957304,0.78673144782122,0.54397614845793
2005,Indonésie,IDN,65.794,69.264,17.826,15.5236,29.8,36.3,1238.21447629488,29.9,214.514,170.474,10.041,6.766,1.57060210727476,21.018,75715706,75297687,2.53189397,24.7,28.1,0.37,0.2,9.55326231047803,10.0176092804828,9.55402866665633,10.002193613522,9.26378907625824,9.71205372060881,9.13522109740676,9.5490528103257,9.31717768779532,9.63988851696438,8.86021131550443,9.02717437859406,8.24397579746398,8.29922168436456,7.5390010997298,7.52969846787868,6.51309389910276,6.46412336361467,5.36004238696907,5.26978639310463,4.13456804377454,3.99690194195169,3.31539280776291,3.02790352750639,3.00631275909703,2.59155382616103,2.52486426111691,2.10527691792584,1.83270865167815,1.44404210058938,1.1048801179125,0.828850020178515,0.741470021293232,0.494669436226815
2005,Iran,IRN,70.299,74.758,20.2007,18.078,22.3,24.2,3132.05081925856,43.6,160.437,92.258,17.687,10.357,6.52918540430808,16.385,25437341,24170695,5.29996157,13.5,20.7,,,7.66538063415319,7.79925434289657,7.8335622189664,7.94983887138019,10.5534403508355,10.6860683759834,13.1195030102293,13.0146511439804,12.5701831843723,12.425706525984,9.5347089074494,9.67818703045024,7.38289216501156,7.60971546293752,6.46619812330719,6.59680559604265,5.60808445605861,5.75916783162107,4.86364711851983,4.94512910459527,4.01723500774906,4.09239896421997,2.98760479074049,3.01215105198615,2.25781397018951,2.17641652363673,1.93595782691293,1.76895779460252,1.50442076434294,1.26600620514904,0.97461397069054,0.740653104790421,0.7247535004713,0.478892069743888
2005,Japon,JPN,78.56,85.52,27.5436,22.0219,2.6,2.9,37812.8950199948,,92.668,45.07,4.216,4.606,10.0413827647469,8.4,42631432,41654967,7.65818596,6.9,13.8,,,4.27578956924094,4.68024682870665,4.4344892164922,4.85172777122261,4.43709166759604,4.84877051627496,4.80768699608583,5.28617729072526,5.416258524792,5.86223079168281,6.3281168817259,6.72677961383032,7.5193765987965,8.00576647980125,6.50796604758815,7.05666534784199,6.00927135481456,6.54645001625136,5.86716310058234,6.32041724277422,6.6971884873701,7.09955152125027,8.1913307013796,8.42822760172035,6.6438927132167,6.68739178297666,6.03468208021528,5.79974832174586,5.53244200815193,4.88362723647585,4.63284862272334,3.62765452380278,6.66440542922858,3.28856711291678
2005,Maroc,MAR,67.112,70.454,18.1308,16.2991,33,40.2,2242.98828125,,191.843,146.877,11.563,10.822,1.47057738444089,21.818,9677205,9759266,4.37350655,23.5,23.8,0.1,0.1,10.0253187947047,10.4377863411422,9.9380670355064,10.5627304337105,10.4626894574646,11.0516991268604,10.6236321722356,10.9055397214925,10.0269171031847,9.90277353325787,8.83457566796058,8.50983905217721,7.66619562342767,7.34125568419548,6.78682813795937,6.45063226222782,6.17435831389111,5.94325838349153,5.11824041259787,5.26617183944304,3.94570741331873,4.14785597458622,2.92685690354106,2.81615078808165,2.48599180236515,2.18017997930277,1.95383118844527,1.80360653759537,1.46825977761076,1.37247662380758,0.970014409263862,0.855098429870111,0.592515786522639,0.452945288757786
2005,Mexique,MEX,71.35,75.877,20.9784,19.4994,17.1,21.2,8671.75891885163,50.9,181.742,103.343,3.908,3.365,4.22722561433396,21.912,31684758,34186215,5.58110142,15.7,18,0.27,0.3,10.4066684359533,11.2750693429315,10.216665407705,11.0329542821604,10.2984780635558,10.9641027875569,9.76771608114701,10.1806822065514,9.16675786867422,8.96362603327692,8.51939212289992,8.00893183047753,7.90820894427483,7.48144267986041,7.00470659605512,6.69736297817475,6.07395398360813,5.82526501708473,5.00644221804132,4.83111552129414,3.98296410208653,3.85665253744863,3.18119250343597,3.07728637131717,2.51904146029875,2.41120088584271,2.02160895262359,1.89864890036071,1.53064253109296,1.41408970241437,1.07614306262223,0.979147483246406,1.31941766592535,1.10242144000137
2005,Nigeria,NGA,48.994,50.078,14.8096,14.4132,75.8,91.2,1211.37703504386,,395.492,375.402,3.656,3.804,0.71062027357531,43.37,38455135,38395001,4.46591949,17.7,21.1,1.8,2.1,17.793124477358,18.0752273961019,14.0277511168786,14.2957546334187,11.7534381750067,12.0348839463514,10.1800141140964,10.3605758483557,9.08545029188124,9.19905632672119,7.81199131645332,7.85679750788565,6.25389233536879,6.24675285060678,5.02379344065241,5.00366159423579,4.18737364483464,4.08867237623518,3.50870114044621,3.35313438677038,2.90122622951301,2.70022082108441,2.35495462616389,2.18820426243675,1.90353276628321,1.78167140050773,1.40559170835849,1.27979538030776,0.932351219952162,0.824355024663564,0.534230370208776,0.452125826260536,0.342583026544166,0.259110418056513
2005,Pérou,PER,69.896,74.24,20.7691,18.3017,19.2,23.5,2706.66947297608,50.4,180.478,128.752,5.032,4.742,1.13289904552051,22.089,8799347,8772473,4.66598511,9.9,8.9,0.34,0.3,10.4672949649749,10.7701620001724,10.4073008727438,10.5932775676396,10.5596412948768,10.6722677406754,10.2181509995497,10.3341996019381,9.35611523258738,9.44829295531032,8.47920307021416,8.57019227938358,7.58915104276685,7.70017813452429,6.5567784088875,6.63113659656765,5.60568038684904,5.61440003426388,4.80920131442866,4.70563304486874,4.09548734600684,3.92276308065652,3.32001422885145,3.1477772178803,2.53147256203621,2.42538044252041,2.06020960741292,1.98530552651006,1.59149617884879,1.50194263193964,1.09904898042492,0.99000164536225,1.25375350854009,0.987089499786792
2005,Royaume-Uni,GBR,77,81.2,23.8143,20.6832,4.6,5.7,42104.7884375024,35.5,97.444,61.571,4.348,5.253,9.26021742016211,12,19610903,20171862,8.39430904,11.3,17.1,,,5.48917724514327,6.08698373130712,5.70032280950116,6.31505868080692,6.08145987677468,6.73319976286677,6.07750034505294,6.57919545149229,6.44182225813154,6.84743651636329,6.31143732110296,6.60809680571433,6.93756880670625,7.23122703047447,7.58783029569169,7.55167234300163,7.32947727865948,7.28810712072145,6.70704821232847,6.79009681300708,6.16065372511507,6.16678172540966,6.31180852720188,6.58441909863764,5.17451017386731,5.08737440244996,4.49216747900006,4.47620429446547,4.00336457351368,3.67557182612344,3.58057207552145,2.89477564901908,5.61327899668809,3.08379874813939
2005,Russie,RUS,58.92,72.47,18.8712,13.2302,9.5,12.5,5323.455078125,41.3,475.471,169.67,6.935,7.308,12.1188173976967,10.2,49019030,52942143,4.77177477,24.1,52,,,4.42056402047747,5.37846857803126,4.16089249069059,5.04370703184579,5.28364639857808,6.35489301285906,7.74469973210059,9.20270666303785,7.68988031590719,8.97951117632078,7.18643902741035,8.29905900560938,6.74540720839014,7.71819712939631,6.19012151566315,7.01640343578912,7.68339758877634,8.35685862176315,8.29385933797761,8.48903039237277,7.55902493386354,7.27119037023848,5.96897616507866,5.3632893853921,3.73842144433509,2.94097397873671,6.11125951416952,4.31909348230398,4.09307988871275,2.48462159024218,4.06244494002897,1.94150827349495,3.06788547783993,0.840487872566111
2005,Sénégal,SEN,59.345,62.591,16.5714,15.1351,47.3,59.5,979.846101520171,39.2,269.225,208.127,2.934,2.583,0.511620695596945,37.984,2943972,3082077,3.67466521,22.4,24.3,0.46,0.7,16.1769616555678,16.9492898548924,13.7184968657272,14.2717193719261,12.1680743360695,12.6238417418165,11.0821994320269,11.3032892381029,9.69932068898202,9.82415557354675,7.99224172635935,7.97296783962896,6.31696228574929,6.21014879822359,4.98210407746797,4.80472022221706,3.99492827108648,3.72041467123732,3.26999950536033,2.92629365122658,2.74275938173914,2.45342167862169,2.30853263996939,2.11654585621315,1.86424587781203,1.6689593738056,1.49740278966214,1.33725947053678,1.09031961996183,0.945698937217271,0.675139146012526,0.559701391773151,0.420311700446214,0.311572329014186
2005,Suède,SWE,78.4,82.8,24.8524,21.4238,2.7,3.2,43378.6152117149,26.8,79.604,51.076,7.728,7.884,6.03917882265073,11.2,2995421,2901992,8.1508379,9.7,13.9,,0.1,5.24944831513052,5.62791832237914,5.07337038137224,5.43510772397269,6.49563291802998,6.9511331294468,6.26815041847885,6.72707164450028,5.63906219886572,5.98733702461627,5.87587900324998,6.19566137620505,6.60371318646262,6.9421755844128,6.93308236865123,7.34738722260929,6.73098917824624,7.13695192836287,6.33560998858469,6.6383562078356,6.3245625642763,6.55037792574977,6.95801045332326,7.14346346047612,6.06901126101517,6.2444587755237,4.66362734380276,4.52162800365361,4.08659160055325,3.59719148573059,3.89251493076966,3.03838363892114,6.80074388918753,3.91539654560429
2005,Suisse,CHE,78.7,83.9,25.8418,22.0006,3.9,4.7,56242.8933645639,,84.241,46.004,5.093,3.886,6.32796454001316,9.8,2534987,2522811,10.05823421,7.7,14,0.1,0.3,4.67661957823694,5.1614029013226,5.1139358251294,5.64087133109647,5.58020171414575,6.13820166363014,5.62349434836017,6.15356290000357,5.78155728509307,6.12363734291831,6.18260738194782,6.34850495873901,6.98630270621149,7.20054520023193,8.07784658957133,8.40280239514376,8.19778458776949,8.6869303083514,7.25163487698907,7.72668815590968,6.49868052382506,6.79766311352201,6.31847031989355,6.56746440672377,5.5501974402505,5.60369109350569,4.54415782775385,4.20999552078439,4.18231366699949,3.52702505887558,3.7175110795659,2.68206087886058,5.71668424825716,3.02895277038112
2005,Togo,TGO,55.307,56.508,14.717,14.085,55,66.8,551.259850017077,,333.865,303.973,4.094,4.215,0.224308429394431,37.434,1614698,1619797,3.22045183,24.6,32,2.1,3.3,16.0417100569314,16.2537817727115,13.5522630823145,13.7211410852883,12.0327744838226,12.2259627170967,10.6268444068709,10.8247380322045,9.27226446396308,9.4190964285274,8.03770669583176,8.12600065466269,6.71660779270346,6.756961269443,5.47411580472654,5.46133175922109,4.45302958951014,4.40740015366769,3.63642053143541,3.54858336745888,3.00378619603063,2.87531140989417,2.38182201834925,2.23018446970268,1.79321918316523,1.63713608355578,1.32186838565644,1.15475034479358,0.886272876288071,0.750379718056775,0.496983115501379,0.403480395043738,0.272311316899238,0.203760338671528
2005,Turquie,TUR,70.304,76.909,21.2797,16.8824,19.8,22.3,7303.01388860245,42.6,160.207,70.504,11.188,10.452,3.54930581771927,18.794,22888896,22508388,4.89389706,13.1,24.9,,,9.07399369553537,9.51014693830785,9.2032329629004,9.63461620156197,8.96913105851306,9.38393817321686,8.85302368046944,9.22516765886558,9.25718601180846,9.50894653827993,8.92950673300939,9.06145897194435,7.79079797544878,7.91965427904154,7.12412665844735,7.26818352664446,6.3878710894785,6.50866670850097,5.51771916477827,5.58602487099473,4.67003356692679,4.62515137080292,3.63889081527238,3.45423805542671,2.97910382684731,2.65288262409459,2.51499848738696,2.17801443628388,2.12380161741345,1.69059595836093,1.59895586284299,1.0803082713528,1.36762679292113,0.712005416319934
2005,États-Unis,USA,75,80.1,23.6595,20.6078,6.1,7.4,44123.3996470026,41.3,141.969,81.507,5.097,5.073,19.9254743047446,14,101079944,98464426,14.57945919,13,19.2,,,6.5310395524626,6.89748218889939,6.38626781884318,6.77403465271857,6.81382151372785,7.29313732159804,6.95010440341789,7.51345298723931,6.87394088992263,7.44538971299168,6.56645621096238,7.07311333436004,6.53101227338784,6.97119804798897,6.91605742389377,7.2931084593579,7.60386426886159,7.89549872482378,7.58772482318883,7.66696241407987,6.81205544622147,6.72576646098019,5.95135045766811,5.79043701285526,4.57377637891581,4.31610115549639,3.58357021336803,3.21467936249831,3.10611366095246,2.616711471333,2.79622943374986,2.10247871125412,4.41661523045571,2.41044798152518
2006,Afrique du Sud,ZAF,52.233,55.926,18.6632,15.6984,42.6,49.2,6077.38293388876,,545.478,459.373,25.518,19.518,8.81237967460359,23.144,15200250,16914711,6.87650871,21.9,29.2,16.1,16.3,9.44631388455768,10.6543870002439,9.24893699330807,10.3850073181334,10.2150592704204,11.428151064726,10.8835979858998,12.1624778133759,10.5457426253983,11.8010589241051,8.59201849966939,8.93982483196206,7.6228923817841,7.17970374711747,6.76121207545525,5.90353385176258,5.98760223224884,5.05119810172713,5.12066999997085,4.50551903046881,3.91080887025357,3.41296790705897,3.07344125983614,2.6636045848742,2.39230406019528,1.8953750324518,2.17006012438586,1.45097606938828,1.76307998103936,1.09157333871978,1.22136434371181,0.793543311620524,1.04489541186532,0.681098072264055
2006,Allemagne,DEU,76.4,82,24.5972,20.6192,3.4,4.2,36980.3349948954,31,108.484,56.008,10.274,10.28,10.3895650954907,8.2,27456111,27154111,10.17995167,9.6,17.6,,,4.18880788868441,4.65134827626399,4.59586633965039,5.09735633167584,4.71044095935994,5.21687634215009,5.51630641865771,6.07476489228622,5.7431340455322,6.13304136384821,5.8021664401117,6.1505332316635,5.72424992746898,6.10347881229149,7.53443877306152,8.14515305849514,8.32051865611234,9.06777648060778,7.52220708252085,8.10118262904269,6.70692877811409,7.0101580190923,5.95280415679062,6.1799021695033,5.4044218646393,5.50614529308899,6.67339954178022,6.44498826430571,5.00056979073161,4.40429088731017,4.29585247078778,3.1453164357842,6.30788686599632,2.56768751259039
2006,Brésil,BRA,68.953,75.744,21.0757,18.1165,17.3,21.9,5934.14470924968,55.6,211.381,105.708,12.795,7.396,2.0017839938865,16.691,62455665,63432937,8.24952507,15.1,21.9,0.32,0.3,8.19078826944772,8.66029946238663,8.85269196249915,9.33819153925561,8.88345067469128,9.33640576796775,9.15414699271755,9.55495736541313,9.40972339746751,9.70502052626269,8.84404882544978,8.99140383534596,7.8834900664496,7.93502229030637,7.17751720890597,7.17029276066372,6.85502739400171,6.79508243123508,6.05079448534716,5.93729767857191,5.04120236116653,4.86363349954302,3.98851829826308,3.75726224917223,2.97411864817789,2.80306260208258,2.38787188041187,2.10594483802217,1.88127751046552,1.44001159151494,1.3236767352663,0.904204536881674,1.10165528927139,0.701907025374502
2006,Canada,CAN,78.29,82.91,25.3784,21.9242,4.8,5.6,40504.0370977806,34.1,91.811,55.878,6.201,6.73,17.6088453376577,11,11361861,11240437,9.32523441,9.9,14.7,0.13,0.2,5.12365194800763,5.51351077298688,5.43405629810387,5.82840977022852,6.24481320645149,6.65497574544023,6.54720610670949,7.03328638319494,6.68823545820501,7.13543435202649,6.61048687892128,6.82631377017332,6.59102099211641,6.7803913847646,7.0302136340233,7.29533259277622,8.20717972338351,8.50262406590498,8.09158551493564,8.27174926556217,7.3060186864042,7.32361787449922,6.35512796627107,6.33448314353682,4.98071654915633,4.89384656668489,3.88989472386124,3.66966647331358,3.38335810085556,3.0250374180118,2.98462509591503,2.39386874397209,4.53180911667896,2.51745167692325
2006,Chine,CHN,71.904,77.1,21.7801,18.3717,16.5,18.7,2129.25696999613,,136.346,74.942,3.846,4.903,5.30270079785205,12.09,484073652,464501197,3.94742203,16.5,25.5,,,5.74109309094971,6.43695640558546,5.97407441696863,6.63341922876746,6.88517811489123,7.46958538361901,9.23299864429884,9.7026971838526,8.12756914213793,8.31863190697057,7.21653205298424,7.28706814504112,8.66365902766873,8.66239158749933,9.62647465293198,9.53708816448661,8.73638827294151,8.59165022919795,5.9312593405989,5.76813971407359,6.66880302259849,6.34978294458141,4.89839613288803,4.6937822175015,3.40574012384797,3.2956956135791,2.87825068802977,2.73565626240867,2.47740571558263,2.14382088931941,1.74751715115246,1.35701202228459,1.78866040952897,1.01662210123162
2006,Chili,CHL,75.797,81.205,24.3735,20.9371,6.9,8.3,9318.65655296121,47.7,122.644,65.715,11.766,7.427,3.65572639974269,13.995,5558002,5543751,6.07235622,11.2,15.4,0.26,0.3,6.93435124436672,7.32554657192406,7.59706168851705,8.02326465968413,8.32031426487092,8.78231645158149,8.44911539209916,8.91212220158884,7.90331451607559,8.24653883309674,7.60447734670039,7.87910913738804,7.54724846551297,7.7475736185649,7.5071159595687,7.61545338915614,7.18295350424488,7.1841806063802,6.55901412107583,6.50450936721585,5.68270742005577,5.57927186356217,4.73077425856972,4.58583639712544,3.62542552685209,3.45003608456109,2.990672897185,2.73773068583689,2.59999843373588,2.21889140212928,2.26758297133556,1.76050266594528,2.49787198923374,1.44711606425945
2006,Corée du Sud,KOR,75.4,82.1,24.7626,19.5108,3.8,4.3,21743.4774514254,31.7,122.818,48.119,2.707,3.635,10.7747048554065,9.2,17966974,16851919,5.16117191,8,18.2,,,4.74235674337769,5.08888575987293,6.26083528008846,6.77501785464017,6.85586758957877,7.64156073678005,6.27867130653461,6.92832530232888,7.30259275629263,8.06116833032842,7.89145293161642,8.25370520131737,8.4870999110615,8.70243025427514,8.75807822039737,8.89815347921592,8.54410313093587,8.76879897636946,8.31196772363828,8.45135948781122,6.26326852528872,6.29888114744128,4.84826649613603,4.78599169041483,4.11473632852676,3.78026903148192,3.92827513797168,3.25544418060779,3.18024087898143,2.27051268598908,2.14908328016968,1.19009705765196,2.08310375940411,0.849398823473616
2006,Côte d'Ivoire,CIV,51.882,53.963,15.0371,13.9798,68.4,87.2,1230.43056838584,,432.565,425.85,6.104,5.939,0.305575534333762,41.441,5306880,5254118,3.92861462,17.4,24,2.6,4.6,17.8869027311402,17.9449876616446,15.4781948423047,15.3705165707583,13.0665319511216,12.9533744843015,11.1770839128353,11.0922743510173,9.18076735989393,9.06594990738777,7.96949480254161,7.73672568957471,6.71170904294703,6.64236257427128,5.12537098100754,5.11240456827832,3.98308918094515,3.90291450756157,2.88576249097808,2.94041949001852,1.94530979341017,2.14749411089229,1.29470130958378,1.55430833216173,1.05210294329468,1.2786612820163,0.864418777657662,0.969614372017406,0.641772782591881,0.656600410274625,0.407238397915927,0.378635205198176,0.329548699830715,0.252756482625696
2006,Espagne,ESP,77.7,84.1,26.2216,21.5723,3.3,4,28421.686527407,33.5,103.369,43.231,11.359,6.357,8.14286781595979,10.8,15531472,15067578,7.82905912,7.1,16.9,0.14,0.5,4.92659839484877,5.3306901212486,4.50732124066507,4.86450510180234,4.55045407308192,4.91923102175277,5.03977450371186,5.47164856172119,6.17121472938872,6.68154636730434,7.9587422464297,8.73678757831797,8.31262974342493,9.19860384537992,8.04258262990032,8.70510450820404,7.84725675340728,8.26442160003486,7.08368922382654,7.24025120032094,5.98134131026667,6.05452067229828,5.62375171863603,5.53240612012662,5.07132307706334,4.86436256871056,4.37072213615596,3.98531800558105,4.79322119696797,4.03339690610884,4.13203771675427,3.08667627354788,5.58733930547067,3.03052954753979
2006,France,FRA,77.3,84.5,26.7245,21.765,2.9,3.6,36431.5658906555,29.7,123.283,56.165,9.678,8.084,6.246640527631,13.1,20513482,20904754,10.38566494,8,17,0.16,0.3,5.8146747821979,6.48752968107884,5.94108625594922,6.6808835865126,5.70574757393517,6.35185949377597,6.13015840104198,6.81802037956056,6.04919352322209,6.48996514555679,6.09691877420915,6.53407984731053,6.55185170943953,6.94466619711977,6.85312301779266,7.11288804019971,7.02469059409613,7.23652573451103,6.88534279421333,7.08655073089987,6.73449707896413,6.84867260610364,6.68983762638297,6.84874252374416,4.66824109913449,4.68964583169256,4.20258958292616,3.93141232618371,4.3830468813521,3.68468129633365,4.12373781017157,3.01669315296713,6.14526249497142,3.23718342644948
2006,Inde,IND,63.989,66.873,18.1991,16.2985,55.6,54,801.668353659022,,232.664,157.633,7.622,7.525,1.10701549074687,23.564,377522006,351415759,3.66901541,18.5,24.8,,,11.2370986996777,11.5080419663465,10.9264902860566,11.2537177508033,10.532964320633,10.769971844224,10.1139296176664,10.2606577253372,9.28434062969207,9.46261670470573,8.17993518677894,8.3239941828329,7.29714866564423,7.35343150463715,6.44749291484217,6.44778999004208,5.74369233262349,5.74078571059402,5.03278255814758,5.0331784476921,4.26297703218855,4.22379881677063,3.2440144788008,3.11474011715949,2.47437730868998,2.25259605573592,2.00842529334311,1.72978542362482,1.47569333204599,1.21491508988959,0.938785774730032,0.751522223201148,0.799851568439297,0.558456446403367
2006,Indonésie,IDN,65.929,69.394,17.8683,15.5326,28.6,34.8,1558.31562847163,31.5,214.207,170.442,9.277,6.578,1.63894504151653,20.943,76991474,76434930,2.61946416,24.5,28.1,0.38,0.2,9.52439898015773,9.98213254490821,9.39718734933742,9.83559745340715,9.20705107467282,9.64475300934939,9.01527072586058,9.42899784259746,9.15976571831904,9.49290224418615,8.84357175220067,9.0302865278908,8.23430720398515,8.30053435004213,7.58062006389411,7.5778945912735,6.61900435392772,6.57145256658351,5.49891473310461,5.41215893371711,4.28873465171128,4.15072733272828,3.31883982344325,3.06804654953662,2.99375782267225,2.57481372890575,2.53723736821362,2.10624876995691,1.8693410364282,1.46546084157399,1.14183050743903,0.846766448144447,0.770166834632525,0.51122626519861
2006,Iran,IRN,70.796,75.151,20.3793,18.3159,20.9,22.7,3618.9160136791,44.8,155.397,89.339,16.578,10.295,6.89497424043823,16.725,26395048,24939777,5.15990877,13.2,20.5,,,7.69192150772172,7.83308684366292,7.72612673528653,7.85251450706555,9.67353876888679,9.82977149754779,12.5162446885486,12.5208199593376,12.6416834180993,12.5094343089318,10.0124569626138,10.1418983878297,7.72718027865188,7.9506419557814,6.69992519562652,6.84166046177082,5.70240546586123,5.81624996081363,4.90591270892995,4.95859300588696,4.05182857681326,4.07333475622942,3.1466825232861,3.16888150183589,2.29100130885297,2.20176196795516,1.92960659181684,1.76346893593333,1.52606175653233,1.28487144598265,0.998303599563649,0.757105867643596,0.759119912908572,0.495904635791736
2006,Japon,JPN,79,85.81,27.8059,22.3312,2.5,2.8,35991.546002862,,89.142,44.117,3.924,4.379,9.85733101819263,8.7,42255979,41300725,7.68688869,6.6,13.5,,,4.19727376907919,4.59693641161811,4.43548123221009,4.86271615242107,4.42317461035097,4.84547810404098,4.68105734265091,5.14791090957778,5.28831710011238,5.72797008214907,6.06471857797981,6.4555993158169,7.42575892431236,7.89810116518386,6.81196347707279,7.35144155799191,6.00102223123039,6.54305414343263,5.82252947056621,6.28680859801948,6.39015822744798,6.78053808162028,8.28498795200111,8.54748624942324,6.59709261805755,6.67908197133056,6.19880175189283,5.99709814631416,5.628490212749,5.0060151489719,4.73662564842525,3.74010827228307,7.01254685386116,3.53365568980501
2006,Maroc,MAR,67.469,70.924,18.2616,16.376,31.3,38.3,2438.12646484375,40.7,187.541,141.651,9.67,9.67,1.47433419676036,21.858,9896517,9946366,4.56586647,23.4,23.7,0.1,0.1,9.98175085451622,10.3269419519741,9.76198638391781,10.3895320266615,10.1896756228598,10.7455090344129,10.4576252320418,10.8115396877048,10.0198338692173,9.91826329939653,8.86066332903555,8.57834871693419,7.74766926071005,7.40255361425507,6.77325686594949,6.48292316990725,6.22250984442664,5.93850981103301,5.24801906267184,5.33917653954817,4.10022770115376,4.31920666465945,3.0174420207331,2.98615060402041,2.52489734243267,2.22660730720043,2.00042302847891,1.81093432048621,1.46819166822025,1.36274398560829,0.99460684415137,0.877202030937333,0.631221069483407,0.48385723526033
2006,Mexique,MEX,71.442,76.025,21.0428,19.5418,16.5,20.4,9512.63575346699,49.7,181.904,102.281,3.888,3.383,4.32537009970363,21.482,32326260,34844475,5.40647888,15.3,17.7,0.27,0.3,10.2180999049641,11.0709214502585,10.0928921568672,10.9006669892614,10.1340177122294,10.8004809685181,9.72985965111675,10.159375793094,9.10180216549042,8.97500365895568,8.47335477782407,7.9812877249692,7.90365232719319,7.45932763685485,7.07004358758633,6.75695613804626,6.15100803979829,5.89425798073634,5.12850451560311,4.93962501148958,4.09281811191905,3.95269278944125,3.25871288490141,3.14477418015929,2.57590513617775,2.46563247888129,2.05319954616131,1.92843314710127,1.56946594042614,1.44626638005062,1.10355395527288,0.998935716275817,1.34310958646862,1.12536195590656
2006,Nigeria,NGA,49.326,50.419,14.8396,14.4303,73.5,88.6,1599.53891556365,,394.456,373.949,3.676,3.827,0.62268688008601,43.172,39485693,39375751,4.25775146,17.6,20.9,1.7,2.1,17.8159865485847,18.0799385658107,14.1097665610658,14.3628467550448,11.7613842667731,12.0434947184992,10.1178873560023,10.3046182617753,8.99479206576788,9.10139126130872,7.82063901991444,7.86305016378127,6.32721669562781,6.3238330875044,5.04171413846122,5.02774496766893,4.1764506347409,4.09204276019436,3.49707558415132,3.34983508171608,2.89587427129001,2.70195049787765,2.33701866796787,2.15093261878085,1.89812886303699,1.77935802483898,1.40130621077847,1.27900015784796,0.930654089076952,0.825775813091793,0.532608195820091,0.453146274876333,0.341496830940133,0.261040989382656
2006,Pérou,PER,70.225,74.611,21.0184,18.6617,18.2,22.2,3129.55996496982,50.3,181.172,127.306,4.87,3.61,1.1115963213602,21.821,8903605,8863460,4.409585,9.4,9,0.34,0.3,10.3637516163485,10.6594090663476,10.2020362674198,10.3653728257151,10.3581221502155,10.4238503451776,10.1338846978479,10.2166708346577,9.31984124976271,9.4011630755892,8.40831002612872,8.49001991300447,7.57377617051586,7.6997807832796,6.59977591823369,6.69459097388214,5.64357695075066,5.68465603082709,4.85378160537442,4.77715890635343,4.14828671921897,3.99780152708758,3.42430057598532,3.25399918420338,2.61796712582848,2.51436776800855,2.11245097437354,2.04991183104844,1.66159124237647,1.58781965406179,1.17696532853915,1.07386566734457,1.40158138108036,1.10956161341167
2006,Royaume-Uni,GBR,77.2,81.4,24.1126,21.0035,4.5,5.5,44512.4590296865,35.9,99.258,60.813,4.996,5.768,9.19944214011513,12.3,19813428,20375791,8.54522514,11,16.7,,,5.55796365572994,6.15094111549185,5.59329404450243,6.18044930123785,5.98502627386433,6.61790453831086,6.05172882209256,6.56752598085406,6.55043219873988,6.93699228556576,6.46606764824582,6.7431284507205,6.69846837912648,7.07967013340469,7.53911329087536,7.46853156875437,7.37318527555293,7.27966875068158,6.78487429062705,6.87495646398744,6.18913683755162,6.16493656101726,6.2240825758139,6.47391461745392,5.38324932896042,5.29257285424209,4.45630863386535,4.43040126338502,3.96651925348178,3.68086273039939,3.54994753909701,2.89631876215129,5.6306019518731,3.16122462234207
2006,Russie,RUS,60.43,73.34,19.2931,13.8589,8.9,11.5,6920.19970703125,41,437.529,155.348,6.687,7.415,12.4164803018689,10.3,48886543,52897046,4.76654387,22.4,48.6,,,4.53120264600032,5.52445473514551,4.13848415456704,5.03753280823968,4.93104680806828,5.940175414935,7.44537830909277,8.8644893402911,7.83781952953266,9.18600070598926,7.23368610670478,8.35335844997368,6.86974239824893,7.80223613509065,6.22235017621477,7.09353493170627,7.24446024996827,7.90396247653373,8.3935578534233,8.60158666512611,7.70244536017984,7.40352053840435,6.52631415802763,5.85576280870483,3.40448837364915,2.72214229855638,6.16829138097171,4.3120460243447,4.06142931749344,2.48153824000739,4.02366035469268,1.98413637532762,3.26564282316447,0.933522051623759
2006,Sénégal,SEN,60.116,63.465,16.7174,15.2338,44.1,55.9,1017.20196747987,,263.054,200.956,3.002,2.649,0.488187313947173,37.583,3020003,3157098,3.76337624,21.9,23.8,0.42,0.6,16.1725915445578,16.9378740872833,13.7307695451282,14.281590686633,12.053197214356,12.5063900717798,10.975366864361,11.1655912829225,9.67541973292128,9.7749376286804,8.02221253849532,8.01743056883769,6.38593704898795,6.29556551871562,5.02571373631881,4.87082562188495,4.019731286616,3.77591714669847,3.28341721037256,2.95244169301216,2.74744443531517,2.44566593161797,2.31412872483528,2.11274055499927,1.87486798991497,1.67839146687218,1.49457570291741,1.33030395294938,1.09926168990976,0.954151103135583,0.690233684198753,0.57418354747252,0.435131050793824,0.325999136505294
2006,Suède,SWE,78.7,82.9,24.9887,21.6734,2.6,3.1,46531.6001120572,26.4,77.773,49.434,7.255,6.895,6.06751496750456,11.7,3023577,2928274,8.05226612,9.4,13.5,,0.1,5.37133921219469,5.74239868436196,4.98055648291172,5.33778760298815,6.20675750325242,6.62307176577772,6.47855694516311,6.93946238233433,5.70279421672159,6.07058680426499,5.85134847907821,6.17461126227626,6.50741760478381,6.84577045077228,6.80886451717952,7.17392527574583,6.90744536172263,7.32868010797768,6.29571084263619,6.58331761997634,6.2781605891902,6.49928121796404,6.77003758661066,6.92358070097147,6.4004441110212,6.57484960957811,4.75171472860762,4.63904911457129,4.04554104994446,3.60252246825079,3.83379057608215,3.00708704770642,6.8095201928998,3.93401788448235
2006,Suisse,CHE,79.1,84,26.0417,22.3119,3.8,4.5,59011.0324592016,33.9,79.749,46.738,4.7,3.402,6.23051993777604,9.8,2554811,2540108,9.5802002,7.8,13,0.1,0.3,4.65596528715441,5.12906895858184,4.99136111584495,5.50816663978611,5.48936198104427,6.02992228654452,5.67101451175229,6.2134195912573,5.77156116041582,6.11729090954243,6.19578411965969,6.3660247262891,6.80873851316807,7.00677799309511,7.89000170418049,8.17212505652421,8.27842376414142,8.774413205693,7.39845050666597,7.84703409245655,6.55223313189046,6.87268905694011,6.28343143295361,6.5117800957821,5.6990548352844,5.78846122882611,4.59281884561436,4.27702362132095,4.18048582252927,3.56241023327682,3.7186398017907,2.72012103617577,5.82267346590984,3.10327126790797
2006,Togo,TGO,55.661,56.603,14.6918,14.1236,53.6,65,552.50227125256,42.2,330.742,305.44,4.16,4.292,0.20320536752321,37.661,1666034,1669440,3.36328101,24.5,32,1.9,3.2,16.0328931554657,16.2380577434809,13.5270481911177,13.6900324672299,11.9331756932656,12.1150756304087,10.5946102400615,10.78329022562,9.24233791920101,9.39215129010315,8.04413478308965,8.13143370974376,6.77074348944579,6.82144620942761,5.52438333650776,5.51596804660159,4.49289164172178,4.45008379713506,3.65273051948862,3.56686931507324,3.00569650100597,2.8792702261258,2.40267749686647,2.24949382270683,1.81055412174992,1.65436111173972,1.31805505536393,1.15587132380837,0.883044987303681,0.749049212014073,0.494245693939286,0.402895161064883,0.270777174405752,0.204650707716392
2006,Turquie,TUR,70.637,77.158,21.3479,16.987,18.4,20.7,7953.07848024969,39.6,157.407,69.377,11.111,9.925,3.91145170823547,18.686,23198372,22823452,5.14591694,12.8,24.5,,,8.89506959921476,9.32421433155872,9.05729236395345,9.49294086027911,8.90732203928598,9.3258740814384,8.66429789022346,9.0554942781404,9.01915043353191,9.291198689441,9.02910187194431,9.17474289428124,7.85275021245247,7.95956541826572,7.10457243537471,7.2420467198524,6.49650375183547,6.59195998653354,5.59531151223919,5.66420962475859,4.82661945341545,4.78746881438871,3.76990269784211,3.59724452481468,3.00184065814088,2.67979998562025,2.54496940469636,2.18745781676643,2.11481096204636,1.72690000045408,1.68213387476795,1.14416978905333,1.43835083903513,0.754712184353401
2006,États-Unis,USA,75.2,80.3,23.9203,20.902,6,7.3,46301.9876485519,41.7,141.119,80.928,4.627,4.619,19.4054745883831,14.3,102278535,99597845,14.7087841,12.6,18.7,,,6.52291433241578,6.88655518385075,6.38390067685007,6.76369235467172,6.65193457321626,7.11247155121283,6.99788635475655,7.55266237532897,6.85657678852325,7.41854571042869,6.66645043839587,7.16632626563174,6.36039727525698,6.77955840162323,6.86134437175877,7.2335633477267,7.40262532248724,7.68435752013481,7.58730038559226,7.70894130822275,6.94677232613871,6.840581245596,6.09248177637583,5.91712597289492,4.74071867940446,4.50929679422693,3.64940470244794,3.25963316359498,3.08596274414687,2.61478542000567,2.75458485922956,2.10271741493178,4.43874439300361,2.44918596991753
2007,Afrique du Sud,ZAF,52.715,56.887,18.7464,15.6622,40.6,46.9,6591.85535960564,,539.741,443.696,25.471,19.481,9.10303957854825,23.088,15488333,17142797,6.90510845,22.3,28.5,15.4,16.6,9.63989845906701,10.8443754461136,8.96432915950118,10.0465583899808,9.96447374882721,11.1213599323275,10.6310917375942,11.8528752812161,10.7277506902962,11.9759285743409,8.69109942469868,9.30255521486483,7.58734388799937,7.2470866813896,6.76847569553776,5.9851989634423,5.96204431366366,4.96262580855269,5.24171085814145,4.54786234488923,3.99602098080824,3.44652649430962,3.18264900720651,2.73548837278917,2.37126304629793,1.89346742590063,2.16331516413625,1.47947193568016,1.74359751318522,1.05083540336928,1.28122525086096,0.813304520566257,1.08371106217812,0.69447921026731
2007,Allemagne,DEU,76.9,82.3,24.7386,20.7446,3.3,4.1,42350.9217211489,31.2,106.198,55.294,8.772,8.698,10.0526202857226,8.3,27358661,26956467,10.05132961,9.6,17.3,,,4.09207129189448,4.52942784383497,4.51683328868457,4.99513346196701,4.69069332119476,5.18086294141091,5.40543295582154,5.94405699772461,5.62055267326354,6.05530025839247,5.78568026227155,6.14295253889445,5.5562113859825,5.91696330548492,7.20307843067004,7.77457710141952,8.35650058318747,9.1036318975925,7.76731338697397,8.35629335039617,6.82772864065691,7.16207909943432,6.2457334335233,6.43887623060974,5.20165472900537,5.28534034427171,6.6787380021053,6.461748511754,5.30337154684869,4.70216147974228,4.26487113636501,3.21021922425822,6.48353493155099,2.74037541281221
2007,Brésil,BRA,69.368,76.191,21.3933,18.4133,16.3,20.7,7409.69130673473,54.9,208.863,103.648,12.503,6.888,2.08455456819624,16.243,63359432,64401093,8.20182991,14.8,21.5,0.36,0.3,7.98806743358614,8.45529659924542,8.6528123563512,9.13851177238092,8.80265815984491,9.26509277233543,8.9537883889741,9.36078819028951,9.29584659686304,9.60248170591825,8.91176759497444,9.07383200464721,7.95888931931396,8.01706839752961,7.19046066119867,7.18474954724618,6.85112896730187,6.79153619008784,6.15613802809963,6.04218427105142,5.16365855566768,4.98575198997552,4.14476321983918,3.9042106545923,3.06456914354609,2.86495647796928,2.42823083880409,2.16455891829959,1.90477115931338,1.48076994626796,1.3660749544448,0.932388949560331,1.16637462187684,0.73582161260324
2007,Canada,CAN,78.29,82.91,25.3635,21.9491,4.7,5.5,44660.0838892281,33.8,91.755,55.476,5.789,6.478,18.0614265864767,11.3,11478591,11365223,9.42872047,9.8,14.6,0.13,0.2,5.15680642324497,5.54017841092805,5.30067871544205,5.69800789598733,6.08423465151579,6.50093239175585,6.57021992095769,7.01898439449455,6.65976275327244,7.08696103348642,6.66822318677487,6.87803624235556,6.56762638629818,6.72050559592096,6.91651968971982,7.15995389224959,7.91307190583828,8.19624086015026,8.13293236768391,8.34450750922001,7.43300444758251,7.49054259610688,6.40945970503665,6.40034879956372,5.22407660283137,5.1416435618161,4.00130886649837,3.78491010705467,3.3621822635532,3.00928360483788,2.98044750392355,2.42330070371312,4.61944460982637,2.60566240035904
2007,Chine,CHN,72.326,77.436,21.9136,18.5537,15.1,17.1,2734.72709877693,,133.268,73.205,3.775,4.814,5.73304043979558,12.1,488480796,468532529,3.67491412,15.7,24.8,,,5.75412108071008,6.45345719651361,5.84007718188575,6.50123424269473,6.57521348241809,7.17123924375306,8.81674244772783,9.31593468778403,8.29938374198177,8.52921952254555,7.34439409450139,7.42694797126672,8.12842045269891,8.13500303469035,9.68337241027542,9.59939332502858,9.15388208290882,9.00056132052763,5.77576939032164,5.61939561752688,6.74274592567138,6.43247927674327,5.28463605433483,5.00018090986486,3.53912262250276,3.41389907706562,2.89891676482465,2.74565937402833,2.51968245668176,2.19171681877853,1.79526023611296,1.39973237905029,1.84825957444197,1.06394600213798
2007,Chili,CHL,75.996,81.252,24.4109,21.0784,6.8,8.3,10346.4138184533,,120.837,65.463,10.893,6.958,4.06349583761732,14.194,5646404,5629737,6.21259642,11,15.8,0.28,0.3,6.80117796357709,7.18757680881267,7.38056768118724,7.78735430263554,8.1193122389695,8.57429875721645,8.43344063170229,8.90065723463243,7.95151064976378,8.30331651217194,7.57773603980852,7.85765877540779,7.48605063539715,7.69337575165198,7.46357965827173,7.5846318137993,7.20102057725894,7.21304227587207,6.63051903483246,6.57666495871512,5.79507232409556,5.68928209639542,4.87919657577384,4.73437533456599,3.74708166610454,3.5608407223097,3.02270731907225,2.77510259018542,2.59557383192377,2.22772774387844,2.25897446206557,1.76006065389312,2.65647871019574,1.5740336678566
2007,Corée du Sud,KOR,75.9,82.5,24.9559,19.7835,3.5,4,24086.4104391677,,117.103,45.916,2.397,3.441,10.9480684249604,10.1,18107077,16960166,5.16154528,7.6,17.4,,,4.57003989432745,4.87288598416973,5.93347725751464,6.42500341460118,6.81763641629506,7.57910594818422,6.32363327242761,7.07634394925525,6.91974846780736,7.64975603720884,7.91589822120156,8.31494893002017,8.18963729430335,8.42827898179757,8.82924129812753,8.98690569351316,8.45220179322154,8.6541428554804,8.46998317080421,8.61918223925564,6.63275779351088,6.67133856245392,4.96114576915403,4.90078669552966,4.16131728430323,3.86595123030786,4.00182102921037,3.35130499013594,3.30600009409946,2.41072885045027,2.28577033649547,1.29016188578266,2.22969060719626,0.903173751853531
2007,Côte d'Ivoire,CIV,52.353,54.65,15.2692,14.0259,66,84.7,1367.53817722326,,427.817,414.908,6.366,6.201,0.296463840854817,40.961,5431338,5384970,4.19379663,17.9,24.6,2.4,4.3,17.7407072029435,17.8182804098954,15.5622767209661,15.4708665966914,13.113559334972,13.0007702079106,11.2081972030961,11.1306085324933,9.15757488435291,9.07703197547619,7.79718534831529,7.58462856093202,6.73246877910261,6.6327971703058,5.16538392543625,5.16571507539336,4.00882238439108,3.93509325430188,2.96426295018397,2.97475033643281,2.00733099494664,2.17850075418956,1.31839113143311,1.54918326303899,1.02289468863071,1.25162102889389,0.83745381749897,0.951907217149533,0.631273759179249,0.650724266515822,0.404273408039572,0.376597167234829,0.327943466511962,0.25092418314456
2007,Espagne,ESP,77.8,84.1,26.1777,21.504,3.2,3.9,32652.015594702,34.1,100.531,43.05,10.709,6.417,8.28462051584765,10.9,15849756,15344446,7.91865778,7.1,16.5,0.14,0.4,4.99620837990463,5.40067185232208,4.57458344498914,4.92745549979124,4.4775815811802,4.82411562314494,4.96168590627247,5.37698207707405,6.01685229267382,6.4723035550462,7.74087447390156,8.47841212646665,8.38373127179192,9.29549635094028,8.05002998010014,8.75168331430341,7.92683550286054,8.38287638428526,7.19361853956688,7.36348378692729,6.09987461047733,6.16733874976213,5.61670138493226,5.53281624119156,5.20009960154596,4.96959826969669,4.2094118587884,3.87270353857253,4.69159089626555,3.93911079820607,4.15545812077397,3.12739649281265,5.70486215397524,3.11755533945699
2007,France,FRA,77.6,84.8,26.8582,21.9006,2.8,3.6,41486.1907828787,32.4,120.77,54.815,8.597,7.482,6.09641299350843,12.8,20634229,21038536,10.31564426,7.8,16.7,0.15,0.3,5.80935715005739,6.47763567823739,5.95774295165114,6.690307202292,5.6779571827498,6.33464710016964,6.04914602208326,6.73846411442421,5.98511031174587,6.4226320548069,6.12849553092158,6.5124597821879,6.34769367813827,6.77650231841158,6.86224444924096,7.13081094357557,6.98430927153779,7.19968498842089,6.85821572792,7.06432224729081,6.71180625088948,6.81064820259106,6.67921319678074,6.80398345269477,5.10134392088541,5.11693162259399,4.09597224588266,3.86717605051818,4.27213216093765,3.63408845716102,4.1237510168252,3.05039267187838,6.35550893175279,3.36931311274572
2007,Inde,IND,64.373,67.358,18.2709,16.3836,53.7,51.9,1021.88707706826,,229.992,153.725,7.63,7.535,1.1874471099305,22.932,385664095,359075982,3.58103991,18.6,25.1,,,10.9621676960443,11.2283165785214,10.8502148104361,11.1724827272079,10.4293053763344,10.6926420400221,10.0413400887683,10.192263997847,9.31963908380219,9.49453834738583,8.23525509360103,8.39051275583056,7.33230155571422,7.39953730360594,6.48810979091354,6.48575873710103,5.76932588098334,5.75281662569762,5.07545903836492,5.06192848071064,4.33947837077128,4.29349173265106,3.37115263655796,3.2553842070181,2.50870233987397,2.28385524213788,2.00680060471679,1.73342821839021,1.49892965215341,1.22837752229903,0.958224436767949,0.76117447062427,0.813593544196282,0.573491012949532
2007,Indonésie,IDN,66.138,69.687,17.9595,15.5541,27.5,33.5,1823.21976255073,33.2,213.28,168.483,9.895,6.943,1.69525705806233,20.968,78262279,77565291,2.82385564,24.3,28.3,0.36,0.2,9.51855302818423,9.96972135534112,9.22736989322547,9.65700389367847,9.1672895704281,9.59399535927361,8.91465778545781,9.32801878780062,8.97609766354413,9.3155515235654,8.82428629992728,9.03100563969242,8.22097686807257,8.30053855546237,7.60497303314465,7.60922000938231,6.7177518861036,6.6721408954219,5.62925814451924,5.54565529945689,4.43940642391737,4.30153575162694,3.35717459420873,3.13719349446751,2.97812109831547,2.5614405518562,2.54219527138544,2.09980116487616,1.90345190072009,1.48595403732169,1.17641743501152,0.862601755857107,0.802019103834317,0.528621924919281
2007,Iran,IRN,71.252,75.496,20.5456,18.5443,19.6,21.3,4687.99166265915,,150.964,86.941,16.174,9.529,7.21834833530306,16.971,27097887,25573965,4.91188192,12.7,20.3,,,7.76442208506333,7.90068714818959,7.61718227785843,7.74858785625334,8.97230179552958,9.12317705332508,11.8615285080275,11.9325112252854,12.6229354875801,12.4917293648839,10.4123399540403,10.5351449785227,8.00391130236823,8.21674877877614,6.87688048673007,7.04537259149922,5.81821562749459,5.89411848445036,4.99299244476891,5.04145236110905,4.10510012482938,4.08998764739836,3.30858522480017,3.340494081843,2.34529326102875,2.25838944532642,1.92554276575483,1.76910903159564,1.55062411941369,1.31374843451902,1.02903919884732,0.783583321170715,0.793105335864764,0.515158195852169
2007,Japon,JPN,79.19,85.99,27.9388,22.4374,2.4,2.7,35779.0245416427,,87.189,43.235,3.766,3.974,10.1268794775041,8.6,41932488,40985707,7.77935696,6.5,13.3,,,4.13623925923347,4.53408903395968,4.41972300026521,4.85349218037107,4.42032687204308,4.84934856767873,4.58349317949405,5.03342662954958,5.17380883957458,5.61827194731664,5.84283677500448,6.22754314886266,7.23300241772197,7.69011095799688,7.11848720460759,7.65476158380748,6.03135115521972,6.58064730671389,5.83062157402263,6.31487131999232,6.12275774908318,6.5072190799494,7.94716230625321,8.23178175951259,6.89689075376332,7.00145224821382,6.37466106261411,6.1971205389281,5.68026515496972,5.08675821525192,4.84459769266181,3.84540801670587,7.34377500346786,3.77369746518935
2007,Maroc,MAR,67.954,71.365,18.3876,16.4846,29.7,36.3,2755.5859375,,181.523,136.776,9.427,9.606,1.47515262068151,21.922,10107304,10122984,4.80759001,23.5,23.7,0.1,0.1,9.98017238316308,10.2742396502795,9.58978474061501,10.20401746179,9.92936846770529,10.4616774046236,10.2771997302237,10.6753639706598,9.97081894286715,9.90361829233797,8.88206366104293,8.63951366191492,7.81561025668407,7.45890072617141,6.78271445542762,6.52939111112103,6.23538827223677,5.92624884358215,5.37694493361121,5.39998743526691,4.24639096168133,4.46662867482566,3.13620111553881,3.17591806263296,2.55396960844455,2.28919232046065,2.05783747041705,1.83011396595595,1.48119997191066,1.35741212420207,1.01245429437047,0.890979892919135,0.671880734060316,0.516796401256346
2007,Mexique,MEX,71.425,76.144,21.0868,19.5577,16,19.8,10134.3327129706,,183.826,101.394,4,3.414,4.32861291944168,21.11,33003874,35541810,5.50668049,14.9,17.7,0.27,0.3,10.0275030848212,10.8631221516079,9.99310311680366,10.7951405515017,9.9538132523112,10.6282212592024,9.69711300260576,10.1388868363612,9.04117961228502,9.00441058657498,8.44562382115359,7.9849124937628,7.88765096758051,7.41976684895937,7.14028019654814,6.81031860950886,6.22350141921991,5.95520492420902,5.24611415837497,5.03870429265278,4.20599733270207,4.04925300908144,3.33595331644673,3.20946252818094,2.63687330514508,2.52128696091223,2.08294497002322,1.9540130671287,1.60401810600286,1.47289042849907,1.12892284375824,1.01667611561522,1.34940749421779,1.13772933624141
2007,Nigeria,NGA,49.835,50.921,14.9402,14.5171,71.7,86,1815.52697545827,,389.583,368.993,3.716,3.872,0.551614215902247,42.897,40550139,40384459,3.90997243,17.4,20.5,1.6,2,17.8197361803515,18.0652375826628,14.2098177443973,14.4479117592094,11.771228714433,12.0491041369592,10.0751139276329,10.2712070048028,8.8917893072349,8.99298998898498,7.8081693289612,7.84854061699873,6.39748421244737,6.40060497047841,5.07112125358547,5.05833531756311,4.16691372346233,4.09814002445848,3.48578305927681,3.34715073491369,2.89095494426858,2.70415907926652,2.3260124991184,2.12357221254122,1.88668449045287,1.76984473390606,1.39668195045966,1.27783295041624,0.930205254392119,0.827996997594674,0.531555327585237,0.454437601289951,0.340748081940281,0.262934287953839
2007,Pérou,PER,70.697,74.94,21.2029,18.9929,17.3,21.2,3581.0893081917,50,177.855,124.833,4.605,3.654,1.20469884036139,21.446,8998495,8946371,4.42611313,8.9,8.5,0.32,0.3,10.2822874970061,10.5731587355473,10.0031976193775,10.1477506730077,10.1466671168607,10.1668348566705,10.036073264378,10.0800294437695,9.28595553640162,9.3537954850346,8.34242066005736,8.41258998071966,7.54061610792768,7.67535237119933,6.63920435949955,6.75518911995934,5.68811198476948,5.75850381678429,4.90016811656916,4.85125333400654,4.19711698476966,4.06978783164058,3.5178415812718,3.35488619962818,2.71831025157616,2.61602968629036,2.16404802802521,2.11263101975661,1.73032983614282,1.67271925735742,1.25670903655809,1.16197083742328,1.55094201880914,1.23751735120482
2007,Royaume-Uni,GBR,77.4,81.6,24.2045,21.198,4.4,5.4,50397.6854954706,34.4,97.559,60.006,5.039,5.601,8.97271037531549,12.6,20009659,20559281,8.75711441,10.8,16.3,,,5.66470322984686,6.258543895226,5.48093668750629,6.04353300594655,5.88687946601635,6.4998077136355,6.07471407305382,6.60297518856412,6.58738372537676,6.95775324417687,6.6191263571956,6.90401844735168,6.46277606700012,6.87181592147773,7.46993506848944,7.42241041342177,7.38385913003509,7.26225487282062,6.86473477279962,6.92691472338602,6.23411818509228,6.20917624914977,6.03403501083924,6.18737051018676,5.65889827426261,5.61925405563483,4.45941030208938,4.39715552581054,3.96659920789535,3.70562162355591,3.51072715539205,2.8975753408958,5.64116328710911,3.23381926875954
2007,Russie,RUS,61.46,74.02,19.7272,14.2713,8.3,10.7,9101.2392578125,42.3,413.631,147.101,5.643,6.353,12.4575692716439,11.3,48873398,52982253,4.74792528,21,46.5,,,4.65255396398087,5.68017281821676,4.17796980164459,5.0967119379327,4.64283404640764,5.62279180488608,7.01051254631485,8.34710229562731,8.03875095125671,9.45486610377151,7.26306478162029,8.39209880952966,6.95725161618861,7.87738429308259,6.33308268402119,7.23163215948832,6.86681898850594,7.47975248875678,8.35340093472172,8.59895449740393,7.8114560097518,7.5261158788847,6.85321602079462,6.13636175025196,3.57346908128121,2.90875166160891,5.80736414700749,4.01550232907823,4.27366220900447,2.63079137289311,3.90586321938421,1.94730970031877,3.4787289981138,1.05370009826864
2007,Sénégal,SEN,60.974,64.31,16.8766,15.351,41.3,52.8,1188.93877808175,,253.284,192.997,3.039,2.686,0.528353291968357,37.272,3096514,3232069,3.41496587,22,23.7,0.34,0.6,16.158152994464,16.9100171761178,13.7511723932836,14.3055491538159,11.9707409660117,12.4158843597761,10.8560842669867,11.0307395944836,9.63330498507679,9.69913769210691,8.0401705336021,8.04672494581553,6.45468943856995,6.38014110836129,5.07309880533629,4.93896431211111,4.04737242611735,3.83347328466066,3.30023663168886,2.98731065048913,2.75325713393744,2.44325576656548,2.31464411724336,2.0964974916482,1.89234704725098,1.70060818958602,1.49089065557137,1.32157656350438,1.1086853989434,0.962578448491259,0.704419973140924,0.587005907654097,0.45073223277507,0.34053535481245
2007,Suède,SWE,78.9,83,24.9491,21.8881,2.5,3,53568.5645523213,27.1,77.631,47.552,6.466,5.885,5.7761662213279,11.7,3053200,2954206,7.99607754,9.2,13.1,,0.1,5.48849707858004,5.85920198915652,4.98699190064197,5.3371760487368,5.87982596794094,6.24704613536295,6.63303390489048,7.10784974500067,5.82303294711907,6.1937211415334,5.85670697342282,6.19362210625803,6.3649556438906,6.70253137465034,6.7123160932309,7.04045073814842,7.0473406206489,7.47141924482081,6.27206702054257,6.55259196773299,6.25583268667475,6.47040369309144,6.55786731021955,6.68183300209702,6.63808337997311,6.78124241073428,4.88711002578164,4.80860277622286,4.04353277348229,3.63414344555387,3.77529162618942,2.98541837617141,6.77751404677096,3.93274580472819
2007,Suisse,CHE,79.4,84.2,26.0909,22.3962,3.8,4.4,64989.1553256031,34.3,78.545,45.549,4.508,2.916,5.91271463546387,9.9,2581991,2562356,9.41693783,7.7,13.3,0.1,0.2,4.64848224531798,5.1041609821541,4.87795550396313,5.37959756622716,5.3817924591869,5.90542736097956,5.71073751698513,6.25087462698341,5.77846991638229,6.12167297298612,6.24350415460938,6.4288797912674,6.69283779631787,6.88825144303321,7.69644021819016,7.96595397962707,8.30255868992245,8.78803580527008,7.53916108603901,7.96699407658031,6.62817527329054,6.97787538179663,6.21514682204057,6.42096424822062,5.80432972241293,5.89129825171859,4.69570110643027,4.40925464761245,4.16299950855962,3.57257094136609,3.7143032564364,2.76051186818162,5.90740472391535,3.16767605599558
2007,Togo,TGO,55.955,56.79,14.6998,14.1602,52.1,63.1,607.588224471809,,328.731,304.968,3.686,3.938,0.19675699993407,38.005,1720304,1721872,3.67734432,24.4,32,1.8,3,16.0528400995856,16.2487621663099,13.5100036563851,13.6694802310084,11.8162664848496,11.9865756633415,10.547006209389,10.7244133920278,9.22024919671061,9.37093009167643,8.04572841431531,8.13251484188845,6.81894815724331,6.87878518638181,5.57779775696451,5.57520294010743,4.53133127657628,4.4918541254392,3.67125638372194,3.58793263600016,3.00803143909306,2.88419692257986,2.41424871630492,2.26186341424014,1.83142545031567,1.67340575905658,1.31376084266908,1.15782076652801,0.880264216662318,0.747901942570979,0.491413637379054,0.402503937643876,0.269428061834613,0.205855983199386
2007,Turquie,TUR,70.975,77.468,21.4782,17.1191,17.1,19.2,9711.22376120832,38.4,154.585,67.841,10.98,10.047,4.28042732962939,18.4,23306821,22939894,5.23760796,12.6,23.9,,,8.73357090978243,9.15601559682695,8.91144504008208,9.34931588396129,8.84111727201379,9.26225032516181,8.5149809269761,8.92314056835058,8.75724400455069,9.05079170136382,9.07055612430089,9.23482813522045,7.95411307976746,8.0430124753835,7.08075641390166,7.21269997449797,6.58144909919737,6.65298193511956,5.67490248806267,5.73773127683403,4.96731700131636,4.93189587541701,3.92157582379883,3.75900407839343,3.03969707054309,2.72519837313146,2.57364771909817,2.19143914221484,2.10262171801682,1.75435190690097,1.74657021054331,1.20752374889801,1.52843509804829,0.807819002324309
2007,États-Unis,USA,75.5,80.6,24.1156,21.1088,5.9,7.2,48050.227412195,41.1,138.605,79.447,4.499,4.723,19.4964902822967,14.3,103283274,100563181,14.91832638,12.2,18.3,,,6.5464385561663,6.90833239461549,6.37753195425158,6.75085051027425,6.50769825539442,6.95067973808656,7.01287407560759,7.5581053046759,6.83243513009675,7.38552648402249,6.74086120296832,7.23327569127129,6.28813367311625,6.69355880538076,6.77801624400233,7.14039348339416,7.17417433648468,7.44658369730589,7.5565709480057,7.70643834655463,7.05549580279453,6.94629495514418,6.13959671778129,5.9505636349112,4.96763839676597,4.74319531947307,3.77223929798531,3.36720582311407,3.07872927177549,2.63435970827309,2.710969814789,2.0922435074498,4.46059632201448,2.49239259605317
2008,Afrique du Sud,ZAF,53.511,58.146,19.1432,15.8023,37.6,43.5,6184.75474328399,63,526.761,424.338,25.602,19.585,9.54538839285426,24.33,15773047,17375403,7.14832258,22.9,28.8,14.8,16.8,9.87776039959402,11.0869824944699,8.76354965551263,9.80403114751953,9.66430160476495,10.7637367517651,10.3739706520302,11.5393206841934,10.7530178253442,11.9787799971947,8.85778760165245,9.71129671313702,7.5996684169558,7.3611004279684,6.76119315197612,6.05138042033279,5.94571825835425,4.92091301717943,5.31123303866035,4.5272869340769,4.10601207474353,3.50893240491286,3.26779450119957,2.77636909756025,2.38845915550303,1.91932968371362,2.14054118474371,1.49429414196782,1.73058984873682,1.02537177438556,1.32489136189905,0.818594366906908,1.13351126832922,0.7122799427158
2008,Allemagne,DEU,77.2,82.4,24.6788,20.8364,3.2,4,46386.3295924799,30.8,104.309,54.726,7.723,7.329,10.1127039223934,8.3,27223447,26862182,10.25128746,9.6,17,,,4.0668325853511,4.49986975124921,4.41758256573071,4.88522461380332,4.68086532901348,5.16938004437517,5.26091868684461,5.78033557339452,5.65308213456362,6.10905367740736,5.82925397740213,6.18924728427533,5.52967590004627,5.86803947346426,6.77779390742354,7.27149392783824,8.28482402556477,8.99216224335794,7.99344558603818,8.59300102585501,6.95108769182843,7.32113716806327,6.42735689031985,6.5849780768047,5.1737981367611,5.24739283595608,6.49218843663288,6.29630939466544,5.64845148178482,5.0391982595224,4.19593475149031,3.21499302170696,6.61690791320421,2.9381836282608
2008,Brésil,BRA,69.733,76.585,21.6651,18.6702,15.5,19.6,8908.33176538648,54,206.623,101.627,11.261,6.055,2.16791589555648,15.801,64228824,65334799,8.01128483,14.8,21.4,0.4,0.3,7.80487425932201,8.2707384905027,8.41844958152105,8.90140806076581,8.73880799015894,9.21124417272575,8.77448066544538,9.18904740678357,9.1515186619463,9.46647701481687,8.9522779328224,9.13170156262294,8.04337839773009,8.10887250893332,7.23315042217947,7.22928846585745,6.8223956363648,6.76372812639878,6.25369746480651,6.13906400357452,5.28801063544087,5.10937930971935,4.29213947482708,4.04363223017512,3.17906292696551,2.94966278296189,2.47320974749465,2.22265677695756,1.93303036023091,1.52935775682987,1.40531525827597,0.961178677919548,1.23620058446806,0.772562652454923
2008,Canada,CAN,78.51,83.05,25.5162,22.1028,4.7,5.5,46710.2526864484,33.9,89.926,55.899,5.768,6.737,17.2814795355701,11.5,11598654,11492985,9.58826923,9.6,14.2,0.13,0.2,5.21139728402098,5.58627786764691,5.20749541545257,5.60382495023173,5.91301369158866,6.33864222086932,6.56143195791528,6.97888747453584,6.63061976101188,7.02650837404044,6.73341340706334,6.94584489398753,6.58624452379264,6.7083166503802,6.81961596428934,7.03328463736326,7.58038849160309,7.83619339817568,8.15938786466732,8.39863230507812,7.52841098046847,7.63704788920453,6.46297569651391,6.47058324831074,5.45123332377074,5.37659686823797,4.13192475384231,3.91810424167836,3.36255152458922,3.01553070677603,2.96861982198413,2.43775620482912,4.6912755374261,2.68796806865423
2008,Chine,CHN,72.361,77.498,21.9722,18.5477,13.8,15.7,3523.44302065213,43,134.56,74.313,3.983,5.078,5.87581400440115,12.14,492189284,471866968,3.900002,15.1,24.7,,,5.80877446686041,6.51348863987416,5.73320875731801,6.39557819001727,6.31582073473557,6.92114691800814,8.30969260383369,8.83039399386407,8.50414170705359,8.77994987908154,7.49521414742766,7.59155189225153,7.59822665858316,7.61304933588161,9.59382627450858,9.51800425139402,9.12886684190279,8.97561930394325,6.17671340216974,6.01372622456898,6.72378969308785,6.42818318971125,5.66320815146318,5.30473482483916,3.73053960718168,3.58298338914527,2.92035028189071,2.74757753794366,2.53060869188372,2.21781463008323,1.85039444366443,1.44937553812129,1.91662353643521,1.11682226127156
2008,Chili,CHL,76.165,81.292,24.4418,21.1995,6.9,8.2,10683.2188772511,,119.354,65.264,12.145,7.514,4.23522482467474,14.353,5731478,5712607,6.73954487,10.4,15.2,0.29,0.3,6.73690602512215,7.11832232356831,7.16696942964982,7.55855168785045,7.91039089763304,8.35592585008506,8.36565452939388,8.8290295432427,8.00711677567965,8.37019826534618,7.56355852249302,7.84794132950474,7.43215354102171,7.64478932332568,7.41054997148364,7.54408220576774,7.20604247942124,7.22989797492343,6.69187398091007,6.63873334046357,5.90306611820294,5.79713857780697,5.00389578858551,4.85568468209748,3.89158953194254,3.69608975832382,3.06739386478705,2.82495885931513,2.59681047923131,2.24001675904025,2.23493001902213,1.74900984372661,2.81109804542029,1.69962967561189
2008,Corée du Sud,KOR,76.2,83,25.4509,20.0398,3.3,3.8,21350.427979823,32.3,110.651,41.59,2.4,3.349,11.0757299788636,9.4,18310446,17124639,5.39977121,7.1,16.6,,,4.4842179424167,4.76452033161559,5.56951678430652,6.0324011290737,6.72527278871446,7.43263576224818,6.42781198119424,7.27044756968943,6.59325178869653,7.32912519662235,7.82837509619284,8.26341881093644,7.97357528502308,8.2337920328388,8.79211641524299,8.9717446458268,8.43352897457272,8.61014857774269,8.49934714670667,8.65379506145338,7.02043406951049,7.05956995097417,5.11692620455106,5.0569255198713,4.28003300136141,4.01691937716852,4.01881811599103,3.39723170136891,3.42203207663217,2.53665092738145,2.42700542324671,1.40752431026925,2.38773690564039,0.963149094919024
2008,Côte d'Ivoire,CIV,52.856,55.634,15.461,14.0675,63.5,82,1583.97066701372,43.2,421.696,396.369,6.48,6.301,0.321570086024553,40.474,5622510,5555625,4.1387105,18.4,25.5,1.9,4,17.4799563671697,17.5629374908202,15.3555990621054,15.3210649629587,13.0370932332568,12.8964257610535,11.2615303287146,11.0995815085599,9.33068599082761,9.20426895387681,7.78576003644356,7.61894731888044,6.73151649507729,6.66974228895738,5.2124380671116,5.2714729806705,4.03606951979866,4.0080607255254,3.05362985538377,3.04285037787945,2.10043046809772,2.24392057978269,1.39349524636371,1.5936987683626,1.01964776518202,1.23478113652642,0.827013361549554,0.940407190631702,0.626859762471934,0.647840893272408,0.407368418986581,0.380438358006041,0.340906021459569,0.263560704235829
2008,Espagne,ESP,78.2,84.3,26.346,21.8087,3.1,3.7,35603.248328071,34.2,96.788,43.44,12.844,10.059,7.46599444236822,11.3,16093213,15555878,8.38225937,6.9,16,0.14,0.4,5.06612210666145,5.47516627953714,4.64879311638036,4.9996026894552,4.42690447858132,4.76330494368895,4.8822917325614,5.28375884190556,5.86608948896738,6.28132148739013,7.48406945262274,8.16042031418152,8.41598886951201,9.33016977676472,8.07739165286713,8.82279297156882,7.965165434582,8.44534468037408,7.28383162384476,7.47327058118272,6.24890794712667,6.3121526110723,5.57699331013581,5.5090571636357,5.29954783893093,5.05563864412806,4.26344515776119,3.93139275121806,4.47414825878084,3.76981033915742,4.18915715908545,3.17471530969893,5.83115237159854,3.21208061504065
2008,France,FRA,77.8,84.8,26.8391,22.0079,2.8,3.5,45464.8181385158,33,118.248,55.022,7.916,6.911,5.94956753165307,12.9,20707814,21131038,10.50084686,7.9,16.2,0.15,0.3,5.81342719269434,6.47757711720931,5.91102118249048,6.61843088068534,5.73919418909711,6.42296780467076,5.9476166127907,6.61977320676997,5.9695726358384,6.41822853818814,6.09697654708907,6.42964817995224,6.16504160806092,6.60743565084506,6.88011072715304,7.1750010585623,6.91240635264433,7.13404530791398,6.84483380073318,7.04987356637189,6.68720002299817,6.78010714854769,6.63158355311228,6.71818413285686,5.49715763603185,5.50878781078427,4.07368139344925,3.88347273839358,4.17564775208521,3.58862324687032,4.10227625336531,3.07263540294902,6.55225254036637,3.49520820842929
2008,Inde,IND,64.778,67.844,18.3627,16.4862,51.7,49.9,992.519584923828,,227.173,150.504,7.715,7.635,1.24478231356937,22.506,393658536,366582809,3.58856082,18.5,25.5,,,10.7004638844962,10.9629747857374,10.7584578073046,11.0723708117618,10.335038225802,10.6217225691747,9.96497554694105,10.1257482163584,9.33344195551288,9.50592504967484,8.30115637224294,8.46539962284863,7.35689931095776,7.43595762473684,6.53158715499228,6.52907605491914,5.79842423052794,5.76987999244118,5.12033195531699,5.09235490029195,4.40510690281906,4.3512281634099,3.51239155336836,3.40197246349942,2.54584232312126,2.322765782439,2.00671461786568,1.73993594965685,1.52153121401529,1.24286141590489,0.978806570286872,0.770690708722979,0.828830374428827,0.589135888422164
2008,Indonésie,IDN,66.296,69.87,18.0106,15.574,26.4,32.1,2124.55483920618,32.6,213.074,167.819,8.101,6.657,1.65423079997496,20.511,79523187,78687360,2.54842305,24.2,28.4,0.35,0.3,9.51807716293323,9.96234379484616,9.068327731366,9.48994978659553,9.12589584916724,9.5429864615164,8.8065747264525,9.21579793225177,8.79837393270895,9.14260873152119,8.79243270336466,9.01926558150026,8.20880397666619,8.30380693584866,7.62555219228103,7.63766746056272,6.80594169738795,6.76310044974876,5.75074392825125,5.66932555509676,4.58664535173503,4.44955463942764,3.43403056099505,3.23519194606621,2.95718850513162,2.55203161063827,2.54149301166921,2.08830818388256,1.9341453361684,1.50407205532865,1.20938514482044,0.877490396650559,0.836388188901255,0.546498478517908
2008,Iran,IRN,71.682,75.821,20.7049,18.7646,18.4,20,5377.41150725587,,146.914,84.717,17.008,9.315,7.34922531925252,17.095,27561802,26086264,5.03990459,12.4,19.8,,,7.91067356665982,8.04051390577241,7.49326681903181,7.62925106562569,8.41352248941599,8.54910391637949,11.1932790626592,11.2694602772703,12.4968916056909,12.3686799980844,10.7646096432025,10.8791208776997,8.22714229830252,8.42913458029659,6.9898290516095,7.18392281054507,5.93512413388276,5.98601413035118,5.10728587002912,5.15963845422396,4.19154693672693,4.15876498237777,3.46784870132887,3.51053017830938,2.41334323098906,2.34316022892487,1.92844050270076,1.78833017766017,1.57517576334892,1.34914355180855,1.06416713593335,0.817866111939644,0.827853188488038,0.537364752730752
2008,Japon,JPN,79.29,86.05,28.0021,22.4854,2.4,2.7,39876.3039685725,34.6,85.382,42.722,3.854,4.106,9.56528661674332,8.7,41587368,40647149,8.08909321,6.4,13.1,,,4.09157700465855,4.48937885487509,4.38606535148371,4.82470762562281,4.43165155090865,4.86783370768864,4.49796959294071,4.93578411576156,5.04700866561356,5.49179994169761,5.66310587559962,6.0423129716604,6.9598315579839,7.3982809319555,7.29673699789065,7.82982219045697,6.21078020645753,6.76995277410788,5.8559335724728,6.35902051028374,5.94112251505173,6.33264501245678,7.47490041016417,7.78332607408292,7.25221200946802,7.37035346561023,6.61240804908667,6.44283716735152,5.66706171545982,5.11127287629879,4.94352300797965,3.94577160679969,7.66811191678026,4.00490017328987
2008,Maroc,MAR,68.413,71.768,18.5068,16.5914,28.1,34.4,3183.20043945313,,175.767,132.301,9.784,9.494,1.56474403092224,21.859,10310265,10293880,4.83789158,23.2,23.5,0.1,0.1,10.0096397269428,10.2766616929799,9.4233877250324,10.0005069713594,9.69303270711447,10.2164824314296,10.0984964604202,10.5079658032093,9.87446073947862,9.85301667457735,8.90330082266324,8.69131948039335,7.86626227664664,7.51393825290121,6.82336382067402,6.58835070391652,6.2251819206022,5.91771754197641,5.48862211426888,5.44168653143153,4.38790121165813,4.59313535619518,3.27751989257999,3.36890330773023,2.58580860948411,2.37519855854079,2.10191246007519,1.85133863711757,1.50409023943032,1.35575211842952,1.02441157002775,0.897987172744012,0.712607702900974,0.550038765068088
2008,Mexique,MEX,71.249,76.119,21.0918,19.5634,15.5,19.1,10523.7685427665,50.8,189.179,103.102,4.037,3.781,4.2787664460404,20.82,33710308,36271117,5.44587374,15.2,18.2,0.28,0.3,9.84773978831721,10.6662396788306,9.89344203566966,10.690030750043,9.77857097334532,10.4673423539877,9.66268155053938,10.1185822409855,8.99398355284064,9.05509668749028,8.42160386055322,8.00317742313781,7.8665398385764,7.37265838871807,7.20489420859545,6.84774678049592,6.29688415431356,6.01394912463243,5.35643267721135,5.1248269334514,4.31976473074598,4.14342855175063,3.41826332823778,3.27751777251542,2.69733849185754,2.57259089226561,2.11317415497089,1.97860894074058,1.63513183557538,1.49503213923122,1.15120516365792,1.03087902415577,1.34234965499231,1.14229231756799
2008,Nigeria,NGA,50.293,51.194,14.9654,14.5935,70,83.8,2154.10543545364,,385.116,367.809,3.712,3.869,0.583368075337713,42.803,41651771,41423671,3.69581532,17.1,20.1,1.5,2,17.8135434515236,18.0398769494207,14.3223513112154,14.5466536675068,11.7771526155245,12.0457970823385,10.0452340490068,10.252700240197,8.78300798652954,8.88190349669585,7.7767929214713,7.81587555252164,6.46691537737725,6.47579900852383,5.10887751929086,5.09426731838554,4.16084874517116,4.10772565936624,3.47497845522641,3.34552805023392,2.88533941242246,2.70593499761187,2.32300621742727,2.11617452466421,1.86760890249804,1.74266510852163,1.39268251161321,1.27732872801327,0.930369034670606,0.830697302993027,0.530965626266195,0.456103102865026,0.340325862765355,0.264969210140967
2008,Pérou,PER,70.597,75.07,21.2251,18.8589,16.4,20.2,4197.58444634142,47.5,180.853,125.508,4.625,3.544,1.35760104245821,20.908,9083886,9036962,4.53154564,9,8.5,0.29,0.3,10.1910501991474,10.4897759106221,9.83007652873499,9.98609698557448,9.91637970760829,9.91249381355644,9.90013374654926,9.89098133890987,9.24948230828449,9.28917064250162,8.30365752899979,8.35272994554192,7.51605640740041,7.64706448540621,6.68690875265458,6.82594886049384,5.74950702964061,5.84982596995252,4.95433771870767,4.93402557333212,4.25690586808929,4.151521904206,3.61195586890751,3.45856378049131,2.83554478105305,2.72950945476909,2.22281454227057,2.17220744641575,1.79291766120549,1.74266333748583,1.32698028791988,1.23687868482786,1.65529106282675,1.33054186591303
2008,Royaume-Uni,GBR,77.6,81.7,24.2651,21.3612,4.3,5.3,47396.1202078484,35.4,96.722,60.097,5.158,6.174,8.63571995370427,12.9,20171959,20707110,9.04033756,10.6,15.8,,,5.78223512356543,6.37178808828837,5.3957492167573,5.94389241495325,5.79940650555422,6.39645041066626,6.1514111821871,6.6901603069136,6.52933106649482,6.82979391018981,6.72783180171099,7.0330163390489,6.35044375348063,6.70773351323501,7.28667350805072,7.37063776392123,7.39390613725773,7.26703485332753,6.92808696659064,6.92375238334132,6.29172464479762,6.28732694804909,5.88873765827571,5.94395852934874,5.84855728528334,5.86712203176942,4.53078392307372,4.41825315321039,3.98860851179725,3.75283324977576,3.4696041599148,2.89848815550688,5.63690855520798,3.29775794845444
2008,Russie,RUS,61.92,74.28,19.8522,14.3089,7.9,10,11635.2841796875,41.6,405.63,144.608,5.944,6.456,12.3601005744854,12,48984436,53241610,4.90364122,20.9,46.5,,,4.79244488137323,5.85509631840787,4.26214183146596,5.20659478476033,4.45385598135985,5.41379840169772,6.48926778573456,7.74085336662773,8.07739509417762,9.52279515247076,7.41394535739156,8.59558068786589,7.03106113400272,7.96093937788002,6.48796743667171,7.39062510886431,6.54565117987593,7.11495464769617,8.19720576335407,8.48311152303039,7.93497064316429,7.66669466871281,7.10481550958027,6.33534356056647,4.12209100269722,3.37402233318635,5.01655389642804,3.44338808894573,4.67940896612028,2.87385773692363,3.69282378109419,1.8428099715835,3.6983997555085,1.17953427078031
2008,Sénégal,SEN,61.457,64.929,16.9813,15.3929,39.1,50.3,1398.79218010021,,250.567,188.522,3.051,2.698,0.534784789291755,37.344,3173922,3307567,3.50687575,22.7,24.4,0.28,0.6,16.1224683380948,16.8602354269466,13.7941235556552,14.3517361517924,11.9185344004188,12.35315986314,10.7378977198562,10.9092761984929,9.56796323835721,9.59411990787277,8.04899897449589,8.06276699825699,6.517244678574,6.45807468433718,5.1237887691682,5.00884414048246,4.07686381838023,3.89078487996424,3.31884070360301,3.02828633191851,2.75947407651201,2.44598772028011,2.31668908484197,2.08221555901622,1.9074162787188,1.71895461974554,1.48848519003061,1.31338796536496,1.11728656675098,0.969486416328799,0.71732681096497,0.598029163789995,0.466597795577148,0.354653972270313
2008,Suède,SWE,79.1,83.2,25.1228,21.9968,2.4,2.9,55817.4392710726,28.1,75.892,47.389,6.565,5.937,5.60866984242438,11.9,3075437,2975235,8.20824242,9.2,12.9,,0.1,5.57281014554792,5.95103268795994,5.06661558775957,5.40155942421092,5.55902660600615,5.90597315341806,6.6972363571809,7.17168686164978,5.99322967205637,6.35017661134194,5.88312313435532,6.23771865899946,6.22556535970023,6.55784750898,6.64702026946065,6.9469782024638,7.10064755672741,7.49998554735336,6.30402799676313,6.59166124828764,6.21950405357936,6.41590615749284,6.36530974298876,6.47897423513049,6.74341876431539,6.84261373223947,5.10248730334324,5.05241620437286,4.08755287060546,3.70806919076414,3.7005999506683,2.95643339658684,6.73182462894183,3.93096717874848
2008,Suisse,CHE,79.7,84.4,26.1809,22.6608,3.7,4.4,74175.1927898555,33.8,75.467,42.969,3.969,2.82,6.01724053388775,10,2619963,2592655,9.53167725,7.5,12.8,0.1,0.2,4.66330915611832,5.1033395535678,4.78435604380845,5.26286426818154,5.27165692721015,5.77589713511934,5.69939281007989,6.2211176849277,5.82288404984368,6.16835110083504,6.32557148629857,6.52876963850962,6.65414386504295,6.85840434009481,7.49609450431177,7.77037548424292,8.25707276488768,8.71347664948834,7.6944343775734,8.1182381579762,6.7059898590265,7.08094804095901,6.15007987242026,6.33483946003128,5.85153442914923,5.91984352437642,4.82562699882066,4.56210592329206,4.1333607615366,3.57412054028828,3.70311620153863,2.78938570136084,5.96137589233324,3.21792279674879
2008,Togo,TGO,56.282,57.001,14.7121,14.2021,50.7,61.3,718.948786366771,,326.162,304.244,3.105,3.448,0.249465677429323,37.953,1773808,1773448,3.74071932,24.5,32.7,1.7,2.9,16.1108262581461,16.2958129455701,13.4977616737642,13.6556580720481,11.7104476856749,11.8703262162409,10.4845969622121,10.6508494180084,9.19146052888579,9.34214681950893,8.03011420500017,8.11903007303274,6.85223715557126,6.91811387295671,5.62989056879681,5.63434178204021,4.56505728320669,4.52889577620092,3.69436574104556,3.61337034574958,3.01138907278186,2.8898521851535,2.42621395944347,2.27352422456159,1.84922564078953,1.68997148759507,1.31200848786759,1.16221037112253,0.87799837426914,0.74719351361223,0.48886635206957,0.402277038657349,0.267540050475282,0.206425857941292
2008,Turquie,TUR,71.246,77.702,21.5506,17.1956,15.9,17.8,10843.5036940489,39,152.144,66.617,11.602,10.74,4.21561190996784,18.2,23712505,23323815,5.21761751,12.6,23.7,,,8.55878541523006,8.97108661266672,8.76935523560233,9.19934608914222,8.78149708178867,9.1956569767095,8.43951622547019,8.8413725694714,8.53866296024179,8.84513136668752,9.00733738238077,9.19144244101002,8.13238047815868,8.21074061043536,7.05033546228496,7.18038140321628,6.62996081669594,6.70080096804986,5.77506612059089,5.82798372542545,5.0488587414168,5.02660732273348,4.09962445042769,3.94113999511314,3.10552165236824,2.80547453692928,2.58724303886283,2.19102895937929,2.09989909209506,1.76463752567954,1.75546072386672,1.24882239684548,1.62049512251839,0.858346500505438
2008,États-Unis,USA,75.6,80.6,24.08,21.1313,5.9,7.1,48570.0594269601,41.1,136.811,78.705,5.414,6.091,18.709751708786,14,104166314,101415453,15.2072401,12.1,18.1,,,6.56323910822477,6.92061084914584,6.37172986055559,6.74092594610731,6.39889445978796,6.82536037027552,6.98058833208802,7.51644269218972,6.82856994910946,7.37406293309276,6.78637740136804,7.27141417677165,6.30622483499848,6.70226974087355,6.65968500853696,7.00694853322103,6.95386965440469,7.21860800536573,7.48571119751607,7.65082856234607,7.13794077371332,7.04022779077562,6.19881952992931,6.0012402795284,5.16318798220764,4.93298130841564,3.92996120766945,3.51646326726139,3.09775390525359,2.67028121387029,2.66221768601298,2.07547746663931,4.47522910862365,2.53585686412017
2009,Afrique du Sud,ZAF,54.816,59.69,19.0807,15.6236,34.8,40.4,6374.70560042992,,507.838,403.042,25.454,21.817,8.83334638867274,22.779,16053536,17609200,7.64941454,22.4,28.4,14.2,17.1,10.0557241940252,11.2628328366943,8.66729909349054,9.67934608507085,9.38241514775748,10.4311356008223,10.1002032183804,11.210775952117,10.6544679816336,11.8475153277152,9.09353408140115,10.1321544876152,7.63362696113626,7.52956169269839,6.74807868812779,6.10884523307183,5.94905834310499,4.93118695369186,5.33645765730482,4.46038191489118,4.23971030876935,3.59523390658798,3.32797962479606,2.79205531482487,2.4490164951608,1.97475418107501,2.09743980269057,1.48833006542955,1.73020874141591,1.02033907537398,1.34384373572002,0.804286912605542,1.190935925085,0.731264459714911
2009,Allemagne,DEU,77.3,82.5,24.7547,20.9402,3.2,3.9,42487.2137101496,30.5,103.586,54.228,7.489,8.212,9.38377840809783,8.1,27039234,26787959,11.23791218,9.5,16.9,,,4.07661719634795,4.51910152371636,4.32521703891307,4.79373215209161,4.66962646930084,5.16520193745729,5.12551399559529,5.6430820150234,5.80328726939022,6.28872497082565,5.86241967403355,6.23972374913417,5.56707589101802,5.87963972437513,6.34228611730042,6.7399229587609,8.1046882965611,8.73751379010758,8.17704936774653,8.77036712672278,7.10639410020277,7.5009390876507,6.52818179114674,6.65140041243952,5.20393850697634,5.26761929346724,6.21226450240185,6.03664537147162,5.96281119747917,5.34990596578248,4.1967516668162,3.26886264133502,6.73587691876992,3.14761727963855
2009,Brésil,BRA,70.076,76.93,21.9036,18.91,14.7,18.6,8678.6592244676,53.7,204.448,99.983,12.688,6.975,2.00677529327358,15.564,65058714,66227584,8.39480495,14.4,20.9,0.44,0.4,7.63414931912569,8.09905760160403,8.18082178573466,8.66016750120787,8.66498617620164,9.14690577197661,8.62357839024302,9.04648537851842,8.98720607147319,9.30967913038659,8.95550872833653,9.15347225878085,8.13801913523223,8.21139095991073,7.29040696291638,7.28865679133731,6.7852654798366,6.72782454889953,6.33669590878703,6.22109969496678,5.41387600114006,5.23416098780197,4.42373248720761,4.16947722240753,3.32250909512508,3.06206475365822,2.52385429713023,2.28085633403491,1.96859666090666,1.58618544956658,1.44076672147223,0.990819597099574,1.31002677913117,0.811696017842502
2009,Canada,CAN,78.91,83.33,25.7747,22.3996,4.6,5.4,40874.8831932903,34,87.755,54.782,7.16,9.611,16.110707355373,11.4,11721783,11621355,10.69968033,9.3,13.8,0.12,0.2,5.26837845613176,5.63969769393786,5.14038095450143,5.53306696684733,5.73880318483541,6.16377872255011,6.50665929186688,6.91609503425886,6.6317008190598,6.99645368774319,6.79163397712445,7.00293071156775,6.6249832279944,6.72836874678181,6.73044032593647,6.90352883234774,7.26645897699262,7.49147910372191,8.14435994804047,8.40126376848641,7.59081931174134,7.74228999219863,6.56161580769585,6.59047466977994,5.64081365759797,5.57758569071194,4.26502581277579,4.05619514798418,3.38964137497048,3.04781114633447,2.94714166939609,2.43893808910971,4.76114320333882,2.77004199563817
2009,Chine,CHN,72.801,78.033,22.1517,18.6655,12.6,14.4,3898.24459158811,,130.415,69.963,4.095,5.221,6.27210695130929,11.95,495296860,474608187,4.34958458,14.7,24.5,,,5.88836582592937,6.5986664943355,5.65698172651483,6.32104896553146,6.0845263631739,6.69568908037087,7.77045020722048,8.30625492322141,8.74320327284977,9.07045250390271,7.56338387260714,7.67545745610638,7.19430179495574,7.21812760168723,9.29593669361651,9.23173004095276,9.11296203014409,8.96151050954063,6.88911149807178,6.71050931727875,6.4866826262661,6.21077241676001,5.96883107266375,5.56148221293951,3.96922191044182,3.77820659676695,2.96250012152058,2.77001356617654,2.51766378072051,2.22007224591222,1.9103120794584,1.50180009528232,1.98556512384519,1.16820597323476
2009,Chili,CHL,76.424,81.299,24.4993,21.4468,6.9,8.2,10098.8017167286,47.4,117.22,66.174,13.429,9.975,4.010533735072,14.363,5813318,5792420,7.25026846,10.6,15.4,0.3,0.3,6.72009694227933,7.09459717096717,6.96660376831188,7.34793615980444,7.68882398318127,8.12237761721007,8.25712505991364,8.71063673190694,8.0622500772636,8.43848678814177,7.56880961911006,7.85572553267901,7.38559872065752,7.60404181328856,7.35063570135875,7.49426789058078,7.19824254115434,7.23657790776898,6.74136708679587,6.68811028823857,6.00583402996272,5.90107104800725,5.1130550861663,4.96105535250589,4.04968233349037,3.84293857620225,3.12408024749608,2.88751705149218,2.6029090869121,2.25657563177349,2.21050473854151,1.74023206286477,2.95438097740465,1.81785237656789
2009,Corée du Sud,KOR,76.7,83.4,25.7918,20.3614,3.2,3.7,19143.8516053025,,101.45,37.41,2.681,3.834,11.1821417427879,9,18471655,17249895,5.89820576,6.8,15.8,,,4.45366515560023,4.73315397597272,5.21895004590625,5.64342144600656,6.58102773291838,7.23024372156289,6.54840333069845,7.43385911720113,6.33344097914142,7.12339344850942,7.64589667622239,8.11198560814755,7.82420811007606,8.10417179661409,8.66513038219187,8.85843478545845,8.47155418537763,8.64059512973827,8.44000128831753,8.60183635319337,7.41708637614465,7.45062849367925,5.329746190773,5.26377728288727,4.4105872997214,4.17513669911423,3.99776482349432,3.40851113692236,3.53154706865801,2.65633696870594,2.56162980622645,1.53021118057668,2.56936054853195,1.03430285570983
2009,Côte d'Ivoire,CIV,53.325,56.314,15.5996,14.1215,61.7,79.6,1540.45393569596,,416.615,385.497,6.675,6.489,0.291445471712351,40.745,5874457,5760233,4.63971424,19.8,26.4,1.8,3.8,17.1906084194201,17.2623875816765,14.8877303083527,14.9341860479356,12.7885603578264,12.6415573114187,11.2702877890733,10.9475159643114,9.64732433705681,9.37908922833549,7.97344532064526,7.83489395605524,6.74493978380715,6.78115395434796,5.26164527137303,5.43060778742154,4.06226516332021,4.12060947669043,3.14417840057283,3.14201762818723,2.21895372738241,2.34102863148689,1.50358362121758,1.68052089272638,1.05572679145142,1.23987474197228,0.837605101140978,0.937715323253669,0.628884337253278,0.647171879327851,0.414935226102149,0.388023083553257,0.369326044004323,0.291646511299552
2009,Espagne,ESP,78.5,84.6,26.5859,21.9951,3,3.5,32279.8208476151,34.9,92.228,42.183,18.128,17.646,6.55212462124387,10.6,16153224,15634914,9.10764027,6.9,15.9,0.14,0.4,5.10435313574429,5.53067971490221,4.72647103685435,5.08971697192973,4.42181801586168,4.76111592679452,4.77352835761303,5.17218971362376,5.68852213773071,6.05861910382175,7.16807841107731,7.75065650193985,8.36352515423925,9.22594377841899,8.12063646024924,8.89634932047642,7.95093222596361,8.45957882283699,7.41313002508413,7.63675815248333,6.44077424632808,6.51334245382963,5.54359799790095,5.49588645936573,5.36563727325645,5.12202128470265,4.50146149015458,4.1632956822665,4.20392188391268,3.56300380935936,4.21373363699484,3.21786752708192,5.99987851103481,3.34297477616667
2009,France,FRA,78,85,26.9506,22.1984,2.8,3.5,41728.0884164132,32.7,118.419,55.372,9.36,8.908,5.72394220568724,12.8,20756650,21193859,11.28756237,7.8,16.1,0.15,0.3,5.82211995845102,6.48462812219738,5.87118696947302,6.55801448463022,5.82038583243931,6.52391261359135,5.8383583820079,6.49476589709473,5.97320856719075,6.43257281638874,6.03645578311979,6.32539878029885,6.04733055031452,6.47275244303192,6.83284201810981,7.17574781104248,6.82224219206307,7.04851914519198,6.85355169128588,7.05177567013883,6.67068971613509,6.7706639272146,6.56805372479055,6.62119597793313,5.8542512091497,5.86104450599367,4.08507404103676,3.91833263828072,4.10619382195874,3.56208680998737,4.06488199449129,3.08042386012299,6.73317354798281,3.618164496861
2009,Inde,IND,65.203,68.327,18.4773,16.6085,49.6,48,1094.94974598436,27.8,224.264,148.054,7.722,7.643,1.34070298945647,22.211,401824712,374234147,3.54637694,18.5,25.6,,,10.4648136434755,10.7224933118562,10.6394944088991,10.9464637583585,10.2439849450428,10.5474008042505,9.88193338124155,10.0618114938804,9.33324381568855,9.49930889399947,8.37493234529733,8.54543240515187,7.38405355388959,7.47507139099393,6.58262656467852,6.58268770368071,5.82783674382047,5.78964598076162,5.1656292819528,5.12332585682178,4.45749817980409,4.39519623462473,3.63404959982176,3.519544625103,2.61215114102558,2.39854542196954,2.01382899210321,1.75258704366636,1.53866898875728,1.2551965012179,0.999266697152055,0.780328183419465,0.845987717349911,0.60496039024394
2009,Indonésie,IDN,66.495,70.032,18.0793,15.6297,25.4,30.9,2218.48541852977,33.4,211.865,167.572,6.697,5.74,1.69136729151269,20.375,80794073,79820118,2.62324095,24,28.5,0.34,0.3,9.50544430529288,9.94211704121912,8.95132537927586,9.36564184116334,9.04712391596023,9.45574837286739,8.71020873317488,9.11293878447663,8.63432681627042,8.98103941254929,8.73767342911118,8.98404875263652,8.21031057380434,8.3220987913553,7.63252018100261,7.65313154215052,6.88551610978767,6.84706298565596,5.86370123284116,5.78361618426785,4.72988394988708,4.59388359553054,3.55623095110563,3.36323553236099,2.92495070329135,2.54564489383923,2.53666287423542,2.07421479120431,1.96028931917467,1.51845803953458,1.24131783458394,0.892514072586839,0.872513691200656,0.564605366601602
2009,Iran,IRN,72.074,76.134,20.8589,18.9746,17.3,18.9,5415.52280554144,42.1,143.566,82.561,17.102,11.028,7.49465211703315,17.157,27966219,26545690,6.11493444,12.1,19.3,,,8.07388871992889,8.21059591342411,7.39585790363124,7.54147018642457,7.98231172753075,8.1081658302302,10.4892593295199,10.5483687490668,12.2428835216485,12.1280305701889,11.070800264849,11.1751228437795,8.48906862218636,8.6688520480997,7.08609030895592,7.29917228118717,6.06598808313368,6.11155548408074,5.20267538968702,5.2484016480841,4.30378808333442,4.26111652678456,3.58087613625604,3.6145808188818,2.52061027685017,2.47530415605069,1.94164556339463,1.81639918497401,1.59303523435087,1.37989668621531,1.09734070333534,0.851921491243074,0.86388013140739,0.561045581284711
2009,Japon,JPN,79.59,86.44,28.3205,22.7689,2.3,2.6,41308.9968370512,33,84.429,41.645,4.783,5.271,9.07020156661226,8.5,41298874,40370687,8.9587822,6.3,12.8,,,4.05653243695462,4.45612025070147,4.33830141694883,4.77680270721308,4.43424148037187,4.87828932911415,4.45252345399752,4.88656837297662,4.89999903284532,5.33829783766659,5.51892302299795,5.89546896273,6.64803332915863,7.06713735582448,7.46872060577436,7.99786955473463,6.35971046291919,6.92580549442742,5.88824547553048,6.40568247304738,5.87023011879486,6.28238137942705,7.00776521310245,7.34466423034278,7.63791232282945,7.75344371447523,6.70141094727728,6.53892734463634,5.68002685175858,5.1657097765993,5.04415244453998,4.05179466743988,7.99327138419865,4.23503654864361
2009,Maroc,MAR,68.844,72.143,18.6202,16.6948,26.7,32.7,3119.58862304688,,170.356,128.166,9.286,8.846,1.52790856344482,21.913,10504814,10458365,5.27312183,22.9,23.3,0.1,0.1,10.0449375144699,10.3056252740869,9.30725996056556,9.82859202691566,9.46686194177215,9.98935862986769,9.9082170759161,10.3037984161172,9.74156615910035,9.77519752785485,8.92086955393123,8.72875219180309,7.90200137917784,7.56963407228446,6.884421685744,6.65083927374921,6.2099645677065,5.92480745645882,5.57715368002678,5.46440513022659,4.52380763074464,4.70189198281984,3.42618496363042,3.55368538509592,2.63951369320952,2.49100613628875,2.13767536034344,1.87896529369968,1.52631611531556,1.35155853161437,1.03242551234496,0.900640979017218,0.750823206001105,0.581241692099745
2009,Mexique,MEX,71.099,76.135,21.0864,19.5816,15,18.4,8423.56933214711,,193.536,103.558,5.353,5.358,4.12095937274701,20.567,34422919,37007982,5.84786463,14.9,18.1,0.28,0.3,9.68801772401616,10.4915648318215,9.77804655094175,10.5674612046013,9.61257910777143,10.3158763299159,9.60743203476443,10.0816825653696,8.9688903645519,9.12096423164684,8.39867724500582,8.03378819190501,7.84300807620007,7.32934725299597,7.25751084686502,6.86647377774061,6.36767819700049,6.06775659120424,5.45806287633662,5.20164622561644,4.43803206023359,4.24030648708604,3.50497778780949,3.3491964577879,2.75901442585697,2.62227163080893,2.14541995603211,2.00472044679152,1.66423452847199,1.51591337295313,1.17297839913897,1.04388240126024,1.33543981900318,1.14714800049478
2009,Nigeria,NGA,50.585,51.568,15.0387,14.6233,68.6,81.9,1820.48633854782,,383.557,364.208,3.685,3.838,0.501455530886545,42.497,42788296,42494106,3.5801971,17.2,20,1.4,2,17.7988756781041,18.0073133209552,14.4252230109945,14.6371756617286,11.7951975805207,12.0521639017373,10.019685686308,10.2372232558179,8.69062281396062,8.7906904617412,7.72695098590269,7.76464140393808,6.52209845916548,6.53467802474131,5.15731576431789,5.14065335388763,4.16019623907854,4.12105967515127,3.46507682824051,3.34560856760313,2.87792747089016,2.70610606329434,2.32581468348378,2.12445918113728,1.84377689938139,1.70228818081281,1.39022080865412,1.27813869171937,0.930108599080636,0.832841996360279,0.530714559623137,0.457933395705289,0.340193932293684,0.267024863668973
2009,Pérou,PER,70.471,74.962,21.14,18.8619,15.7,19.3,4181.18755462253,47,187.233,129.122,4.196,3.767,1.45239209959881,20.444,9161758,9137201,4.96264839,9.7,9.3,0.28,0.3,10.0614469899789,10.3794442142238,9.7039269619591,9.89774597188093,9.68220669084827,9.68067223521416,9.72710587625668,9.66000249626847,9.20552486919071,9.20095801129183,8.29430250160078,8.31363515276925,7.50469147808333,7.61886231890345,6.74820308845001,6.90710780820819,5.82374899085971,5.95454738231755,5.01361995082952,5.02408076434344,4.33011222648231,4.24436843802758,3.7049779472899,3.56193868740176,2.96323190150354,2.84932697014153,2.29167049950283,2.2325737596005,1.84699567489774,1.79526706529768,1.38340006539295,1.29362840088496,1.71483428687368,1.38584032322494
2009,Royaume-Uni,GBR,78.1,82.1,24.7352,21.7548,4.1,5.1,38744.131693043,35.1,94.258,58.132,6.467,8.63,7.76156632373776,12.7,20301990,20820559,9.84771252,10.1,15.2,,,5.87760773400255,6.46066558062346,5.3569398883332,5.89275378294696,5.72131471892931,6.30603398069971,6.18349808150332,6.74074134896019,6.45623034598381,6.71126219063662,6.77700432877055,7.06506781361849,6.34354599165185,6.66713113508658,7.05583068013979,7.23214041486732,7.39845274571585,7.27660253118244,6.9865924775654,6.92486521852493,6.35039480776297,6.36527746850092,5.84415744732889,5.82091359692621,5.91240184496449,5.98817959010711,4.63949085185365,4.46806000309198,4.0143437929428,3.8095047512874,3.43288039891955,2.90523849412651,5.64931386363202,3.36556209881315
2009,Russie,RUS,62.87,74.79,20.1673,14.5883,7.5,9.6,8562.82421875,39.8,383.267,138.248,7.672,8.909,11.6402461686755,12.3,49133637,53545212,5.64392471,20.1,45,,,4.94525321717013,6.04184079818707,4.3702584485658,5.34000866226393,4.32720527291837,5.26583035345558,5.97381126761578,7.13063217446818,8.00634014830479,9.49315010654101,7.56869784482146,8.79586258209991,7.12349820084151,8.08313179456706,6.64443988684913,7.51427312707735,6.28391892409076,6.8708521731888,7.95353833964337,8.27652800669801,8.0421172499782,7.77328141605645,7.2549970893441,6.44741280746207,4.9177854398227,4.0157210494629,4.14799323674925,2.84076089390073,5.12880839640185,3.11517036623565,3.41350677145274,1.70710650771157,3.89783026543005,1.28843718062373
2009,Sénégal,SEN,61.781,65.724,17.1571,15.3982,37.4,48.3,1308.69404336205,,250.144,180.534,3.041,2.689,0.534326995768716,37.29,3251998,3384001,3.841573,22.7,24.3,0.28,0.6,16.090477883111,16.8167380507944,13.8288359844025,14.3867270028353,11.9019032412105,12.3301818069958,10.6241345563411,10.7987010139513,9.48123895633257,9.46564824292944,8.05194083445273,8.06658097080669,6.56764623257247,6.5235564349126,5.17688901424431,5.07950865379833,4.10889078171296,3.94805822955146,3.33673152899691,3.07122464794448,2.76737179628237,2.45525020224048,2.32248496712017,2.07293223831129,1.91669318244424,1.72936067135987,1.4899886007588,1.30814086671501,1.12339626393363,0.97258692413822,0.72879170131386,0.607040521400839,0.482584474769963,0.367763521314445
2009,Suède,SWE,79.4,83.4,25.3074,22.2561,2.3,2.8,46707.8673215418,27.3,74.488,46.728,8.012,8.657,5.04581645563835,12,3091920,2992619,8.77037907,8.9,12.3,,0.1,5.64385148391202,6.02852688065015,5.17335127753445,5.50363521628816,5.28371539135813,5.6224188656664,6.65855282286747,7.10851676928792,6.20129031733348,6.5526944521627,5.91839733285477,6.28554742013823,6.10566210816753,6.42791272022555,6.64105594260938,6.92341918372689,7.01375554429049,7.36984944380483,6.42433005943696,6.71158419951589,6.18062580615404,6.37255744298822,6.18762455825728,6.30128293041889,6.72102792191747,6.77920582577008,5.36705832924805,5.3392445247503,4.17247621949242,3.82357769521678,3.62359855072324,2.92315202588751,6.68362633384283,3.9268744035015
2009,Suisse,CHE,79.8,84.4,26.1675,22.7724,3.6,4.3,71568.3123885672,32.9,75.903,42.165,4.511,3.764,5.76638358972452,10.1,2653191,2621751,10.1415062,7.5,12.3,0.1,0.2,4.6855990894201,5.12713152189816,4.71117989193733,5.16694015676013,5.17919027792124,5.66430511670326,5.6353070535851,6.14024880199781,5.87878897351656,6.21047538418419,6.38648712869675,6.60607943917501,6.65688549722415,6.84892393227883,7.29701614121926,7.57444976481253,8.1465888107967,8.55158035420885,7.86198171207948,8.29514234837586,6.81444085275787,7.20672882820243,6.10785863623666,6.28816198108571,5.8610058000113,5.91564719699141,4.96151812840622,4.72413312133583,4.1205826368045,3.58766292186186,3.68217271201283,2.81708805680539,6.01339665737396,3.27530107332275
2009,Togo,TGO,56.571,57.263,14.7421,14.2326,49.3,59.6,720.694168794129,,324.141,302.447,2.615,3.065,0.413714263038082,38.043,1826596,1824248,3.92726755,24.5,32.5,1.6,2.8,16.2035767825461,16.3766579810151,13.4688953172969,13.6258222544655,11.6310226211707,11.7823990477847,10.4128902316213,10.568882480894,9.15519409768226,9.30429775874824,7.99908922396075,8.09277818539143,6.87091889050363,6.93929337832006,5.67784812351101,5.69103522163046,4.59863964290244,4.56587418544387,3.72074934251444,3.64199790208969,3.01725125957576,2.89779005988084,2.44190364417386,2.28818872838921,1.85993914915791,1.69994455675204,1.31455851048386,1.16955222069492,0.875491108472509,0.74702802391697,0.486531670097358,0.402020713548656,0.265500384329151,0.206437301034275
2009,Turquie,TUR,71.555,77.997,21.6738,17.2788,14.8,16.6,9012.99945793034,39,147.769,64.292,14.323,13.915,4.18330263107009,17.6,24190213,23757293,5.49438715,12.9,24.4,,,8.37006857569807,8.77017660617796,8.59722276348524,9.00978963450739,8.74496899387769,9.14579227816031,8.41005981796627,8.7851223295421,8.40331777656889,8.70842250042681,8.84071705694249,9.04317919209761,8.3545701869006,8.43288746382024,7.07257032298739,7.19301556428235,6.59142391568212,6.69227674483548,5.94333791824451,5.9810749038525,5.04810972610076,5.04904088691843,4.29916721944715,4.14340433260357,3.20470547419844,2.91614791663426,2.58944643479259,2.20071615394444,2.11128895302673,1.75711910610791,1.71962064872698,1.27096285577132,1.69940421535409,0.900871530317307
2009,États-Unis,USA,76,80.9,24.4199,21.4297,5.7,7,47194.9500893872,40.8,134.966,79.055,8.046,10.264,17.1897216706835,13.5,104952090,102188850,16.20067787,11.8,17.8,,,6.54460977291373,6.89610086328459,6.36654031155793,6.73203977597897,6.3302999645717,6.74551904053704,6.89874027170676,7.4225985020093,6.85644421739365,7.39606771037455,6.80342998526724,7.28230842067085,6.36255389929206,6.74954283278014,6.52322166090539,6.85513800069297,6.7667952709857,7.02685702121749,7.39518685400905,7.56443253987303,7.19107101933326,7.10856757556725,6.30098014843104,6.10378423679242,5.34558814054007,5.09823038460933,4.06880265232404,3.67459146488788,3.13200159793225,2.69962702756477,2.62810412876656,2.06474806788066,4.48563010406958,2.57984653527871
2010,Afrique du Sud,ZAF,56.197,61.237,19.3768,15.7709,32.7,38,7973.47195771517,63.4,480.491,375.254,26.916,22.779,8.87081322765791,22.178,16349299,17857241,7.79358244,24.6,28.6,13.5,17.4,10.0949869576778,11.2826971085151,8.69523739338685,9.69097545798402,9.08153917830231,10.0810513637399,9.8652604190609,10.9283990399604,10.4628237253049,11.6168002844438,9.40892780088032,10.5411760697828,7.65247018576268,7.74842810099059,6.74320155527361,6.17959545135258,5.97092015673136,4.98788832557915,5.33379973917381,4.37276007580113,4.3910989338137,3.69501614390279,3.37518792481391,2.79523560155477,2.54591350481474,2.0525789475471,2.04403138935116,1.46783634775327,1.73941015149948,1.0342794802003,1.340956065575,0.774541236741816,1.25423491857747,0.750740964150472
2010,Allemagne,DEU,77.5,82.6,24.8657,21.0824,3.1,3.8,42409.9356994694,30.2,101.933,53.275,6.594,7.422,9.97076314799296,8.3,26959245,26799799,11.09592915,9.3,16.6,0.1,0.1,4.10259580809158,4.55347116416094,4.23344931447275,4.69900431043857,4.66782336163949,5.17173534613327,4.96385122124008,5.48028217126725,5.9703941981483,6.48281337625232,5.8780946441082,6.28778527441408,5.65945094486377,5.95465220525951,5.98418888649963,6.30901353973828,7.84680838743592,8.39334455985805,8.28311863703412,8.86280140762912,7.29419088000401,7.69983626394312,6.57779959942927,6.68746345182969,5.45433653550654,5.50274444615398,5.73189145564724,5.56607630523521,6.18649489756373,5.57856366949146,4.31988114974234,3.42505447955437,6.84563007857302,3.34535802864078
2010,Brésil,BRA,70.392,77.257,22.135,19.1538,14.1,17.7,11403.2821278747,,202.356,98.236,11.47,6.175,2.27034083899082,15.338,65849743,67078902,7.94516611,14.2,20.8,0.48,0.4,7.47001432796665,7.93362701745636,7.96893638376673,8.44600980405112,8.56112613464651,9.0506593661362,8.50479528563809,8.93636729869325,8.80694104707484,9.13727531352536,8.91934369512752,9.13452449958727,8.23560405188888,8.31799966277619,7.35293498499912,7.35413177861552,6.75913370830688,6.70285140775551,6.39792404409797,6.28127260843138,5.53814232256125,5.35732673971284,4.54744431115549,4.29050078841624,3.48522142947142,3.19262032316049,2.58290697388051,2.34089466683744,2.00978319817261,1.64827331336071,1.47317524847592,1.02247592358317,1.38657285276959,0.853189487900955
2010,Canada,CAN,79.21,83.54,25.9104,22.6906,4.6,5.3,47560.6666009406,33.6,85.399,52.66,7.354,8.912,16.5148773292354,11.2,11835641,11739850,10.70405102,9.1,13.2,0.11,0.2,5.31655288215788,5.68706732899676,5.10129703241064,5.48278546931325,5.56306255984702,5.98581881426986,6.41215821142674,6.83367278498062,6.66355954062871,7.00167420054947,6.81741473145775,7.01629969925064,6.67393111691096,6.76796132824553,6.64996550197545,6.77757000939384,7.03159546111538,7.22510554793917,8.03582137856302,8.29661514729495,7.64730311631527,7.82794110043716,6.68277839894217,6.73807880204535,5.80940705736067,5.76301899567798,4.39690211246028,4.19994095500847,3.4393932056989,3.09993878302158,2.92324862575165,2.43584788820311,4.83560906697746,2.86066314537226
2010,Chine,CHN,73.191,78.329,22.3044,18.8574,11.6,13.2,4629.24551710077,43.7,127.481,68.828,3.929,5.009,6.82816644925451,11.9,497906891,476804884,4.23068333,14.3,24.4,,,5.96143899129594,6.67356431059018,5.58307347257951,6.24637973744836,5.90975643246596,6.52745526275936,7.14682409551433,7.68761601172761,8.95104952878645,9.33497736503391,7.66285116911835,7.79597544229756,6.98736712708078,7.02043057990211,8.85528223186786,8.80401447778568,9.19248867761878,9.04304870274722,7.62891024175381,7.43367810092749,6.07949121907039,5.82624770774714,6.20891779288026,5.78034471688487,4.27411107946049,4.02092304684902,3.02795848420209,2.81354301059306,2.50824753149249,2.22376904023593,1.96672449952845,1.54682472192099,2.05550742528407,1.22120776454954
2010,Chili,CHL,76.607,81.536,24.6892,21.5859,6.8,8.1,12632.8704724192,,116.578,64.797,9.857,7.256,4.20891956587634,14.23,5892944,5869376,6.81958389,10.6,15.2,0.31,0.3,6.72494360716202,7.08971335647557,6.78372992099504,7.1587666688633,7.45716778005259,7.87802372334477,8.12076547235984,8.55960841814833,8.10925826559536,8.50202595009317,7.59399819288232,7.88202681391797,7.34820819245977,7.57337916676957,7.28773747361244,7.43926978009572,7.18042756103363,7.23415235552033,6.77960283929329,6.72893189232997,6.10022615018526,5.99626097294531,5.21364449098265,5.05902861378709,4.21394143248517,4.00189666899556,3.19424547048442,2.95483097535302,2.61369878554977,2.27761222436176,2.1943571853187,1.73978178942597,3.08404717954773,1.92469062957261
2010,Corée du Sud,KOR,76.8,83.6,25.8966,20.382,3,3.5,23079.2601257735,32,97.391,35.396,2.836,3.662,12.0701930850865,9.4,18617168,17368820,6.02606916,6.5,15.3,,,4.47902213220021,4.76950885870497,4.8986919231711,5.28742102371185,6.36542907685056,6.95803682037321,6.65755804559696,7.54392996855945,6.14733021069482,7.01787616283726,7.41012073017772,7.90293774674488,7.70768405605425,8.00540810150815,8.50292206007526,8.71165453348106,8.51758024942242,8.6837273525903,8.36669875921759,8.53496214621809,7.72131575572128,7.75095102785942,5.62935477315619,5.55398250143075,4.52224088735348,4.3078873230049,4.00107771005768,3.44638216570673,3.61306461096666,2.75373879754369,2.69689238057324,1.65711977997575,2.76301663871061,1.11447568974956
2010,Côte d'Ivoire,CIV,53.814,56.912,15.7067,14.1766,59.9,77.3,1553.54887048143,,410.858,376.955,6.731,6.527,0.325274762412862,40.936,6117753,5956549,4.57494831,21.4,27.4,1.6,3.6,17.0377321364361,17.0931312795719,14.4488480045366,14.5378475411996,12.4746738419285,12.4105574604783,11.1453541188265,10.6968593654809,9.89024553536899,9.45260139627805,8.23970049277008,8.05707324697359,6.80010811239377,6.91198683957327,5.31394604329249,5.59644848806126,4.07909613131985,4.23694206019688,3.20925859170393,3.23611795478015,2.33134825111787,2.43544814547338,1.60433614944802,1.76777014580772,1.11401947421171,1.26640426738555,0.858102663568815,0.940577403548705,0.632794847442327,0.645448378776953,0.420358413421307,0.392445560013662,0.400077192213075,0.322340466400163
2010,Espagne,ESP,78.7,84.7,26.8813,22.2755,2.9,3.4,30658.7422282912,35.2,88.989,40.911,20.227,19.568,6.25295197316386,10.4,16117447,15641468,9.1189127,6.7,15.4,0.14,0.4,5.0944004400168,5.53862446816536,4.78827266627478,5.16762941153102,4.45670451907644,4.80938497125914,4.66512029268286,5.06448356790197,5.49725742967434,5.83265644210442,6.81601224756263,7.29980335323094,8.23750711646735,9.01334859266366,8.1806155344538,8.97221318909781,7.93043037473647,8.47423605540445,7.53881516844805,7.81627017469078,6.6517393367965,6.72901700814034,5.60753427322589,5.57494388283788,5.36605467953552,5.13856956632333,4.66611153096076,4.33454313217338,4.08033197901441,3.48667027876617,4.21498398473857,3.24738054848614,6.20810842633484,3.50022535722323
2010,France,FRA,78.2,85.3,27.0911,22.343,2.8,3.4,40694.8211697025,33.7,115.675,53.661,9.648,8.945,5.80934663408268,12.9,20808293,21254945,11.22560215,7.8,15.9,0.15,0.3,5.82471648969797,6.48938035705941,5.84661907501475,6.52509150850267,5.86610638361458,6.57504609006609,5.76732003723501,6.41475214266095,5.92969847945337,6.39869816221,5.96590164305313,6.21557369615546,6.04226718968108,6.45056098566881,6.70275823836748,7.08046316873336,6.75689100995025,6.98871125125147,6.84857369120091,7.03411666228954,6.65304939768273,6.77892675721481,6.5072981484076,6.53039778865374,6.20146908441981,6.19113940765371,4.14264899448438,3.98144251038665,4.02145713491468,3.52570973328738,4.00333338760063,3.06915797523812,6.91989161522165,3.75083180296784
2010,Inde,IND,65.644,68.809,18.6086,16.746,47.6,45.8,1347.51939071367,,221.264,146.196,7.713,7.632,1.40226678905551,21.633,410231584,382079870,3.33625913,18.7,26.3,,,10.2507151271075,10.5051556629886,10.48080315428,10.7797666497798,10.1630795542978,10.4754737988755,9.80166562811377,10.0087167729496,9.31957874430382,9.47784293358945,8.44309759636657,8.6146454492791,7.43346063563728,7.53710974347387,6.63516934754824,6.6408477073278,5.86022655340292,5.81518804271484,5.20511850261143,5.14900537272008,4.50346828165048,4.43250938240236,3.7244071196776,3.60382482929672,2.71311213530763,2.51020316362751,2.03133604552656,1.77304617261759,1.55006972060614,1.26525209406392,1.0189477599182,0.790285045258244,0.865744093644096,0.621127179035019
2010,Indonésie,IDN,66.571,70.152,18.1267,15.6263,24.3,29.7,3065.68348377765,34.6,213.062,168.048,6.391,5.128,1.80144503739144,20.362,82077610,80967337,2.7908783,23.8,28.5,0.34,0.3,9.47640602340601,9.90554012501378,8.89355891842339,9.30207122602676,8.93111802679658,9.33160867816418,8.64260873632532,9.03817363763572,8.48824028323716,8.83553024090014,8.6455684477076,8.90856406924337,8.21318359636727,8.34296397860378,7.62774567392895,7.65755403586331,6.95086730324986,6.91822037880059,5.96961353469779,5.89013498556181,4.86683510105197,4.73216463059124,3.70220110446026,3.5054700901825,2.90055913925022,2.55485717035835,2.5289777898342,2.05950543181819,1.98050466931054,1.52731043193326,1.27235632218462,0.907952833524294,0.909655329768242,0.582378055778749
2010,Iran,IRN,72.462,76.433,21.0086,19.1761,16.4,17.9,6291.19443652344,,140.043,80.454,20.838,12.154,7.44708511436752,17.276,28318575,26957168,6.29153061,11.8,18.4,,,8.21066568374664,8.36334513423311,7.34193416514551,7.50287836512427,7.67275353144037,7.78737244760714,9.77186923344251,9.81634058682146,11.8913657761185,11.7854092457441,11.3072993824443,11.3887025766753,8.78588484675849,8.94063911433029,7.17571130770861,7.40438067832982,6.2109578984556,6.27071846641146,5.27951295295557,5.30448373542738,4.43352787296127,4.3890992049518,3.64303929804683,3.66033315283242,2.67250522286269,2.65166024570723,1.96960449552317,1.85707734157827,1.60475985761952,1.40621407733375,1.12650512818597,0.884343616869805,0.902103346584466,0.587002010022434
2010,Japon,JPN,79.55,86.3,28.2115,22.7083,2.2,2.5,44968.1562349739,31.5,82.824,41.443,4.603,5.46,9.52958147887874,8.5,41132945,40231266,9.0630064,6.3,12.8,,,4.03476210486551,4.43922930398867,4.27042023046823,4.70406319410862,4.43403713240041,4.88728141809046,4.44110426465122,4.88036662016215,4.75422900286475,5.17780579188801,5.39813065608728,5.77227986844055,6.36081151692554,6.76841822649834,7.52323679574681,8.04862544589662,6.50270700945666,7.06741864987821,5.98358166584456,6.51226451283682,5.82374230072976,6.25152272868643,6.6384684908186,6.98792398956219,8.07060394230828,8.18881914651411,6.48324280620725,6.35348809015761,5.79671309702559,5.31479725213649,5.15767940361926,4.17547186419196,8.32652957998029,4.47022389696275
2010,Maroc,MAR,69.238,72.484,18.7262,16.7925,25.2,30.9,3067.9853515625,,165.437,124.409,9.491,8.951,1.60244785045845,21.871,10691967,10617135,5.41861057,22.7,23.1,0.1,0.1,10.0737157442779,10.3347234919952,9.23861434899067,9.6959200852109,9.26470564513777,9.79310569670021,9.68156148481716,10.0502039515461,9.59941314281651,9.69970633901156,8.93168255761334,8.75385242913719,7.92853720858929,7.62800160392806,6.95718471347221,6.71048343029212,6.19368160689875,5.94601493270362,5.64755426747639,5.47362930807557,4.64893790339762,4.78921347061021,3.57205075292203,3.72443816107097,2.7090495695541,2.6242959380011,2.1793661679365,1.91828193870997,1.5518039567446,1.34941718452149,1.03599289805528,0.899311736741467,0.786148031299877,0.609400301744243
2010,Mexique,MEX,71.121,76.293,21.1977,19.6881,14.6,17.8,9728.80078237782,47.7,195.384,102.795,5.183,5.373,4.19738559393691,20.331,35127332,37740201,5.4897337,14.8,18.1,0.28,0.3,9.54723828830147,10.3395508040926,9.63501816360842,10.41609747016,9.47248355294292,10.1859566901166,9.51385028918943,10.0196142556738,8.96703877254964,9.19265861026374,8.38732970003803,8.089084045694,7.82205514647044,7.29589965052453,7.28862326559481,6.85729491880264,6.43702364624759,6.11473542461391,5.55249807694624,5.27365881210764,4.55732507094219,4.33789840415418,3.59540927918611,3.42228005431862,2.82420277160661,2.67432184366257,2.1820163928502,2.03459465808084,1.68920783952009,1.53369122422156,1.19667978530632,1.05834657868278,1.33199995869952,1.15431655482989
2010,Nigeria,NGA,50.853,51.768,15.0585,14.6469,67.5,80.3,2202.25672957344,35.7,381.744,363.335,3.667,3.816,0.568500715956155,42.139,43979385,43619056,3.29653287,17,19.7,1.4,2,17.7635554946049,17.9540562172059,14.4945027841767,14.6950801417794,11.8401386587915,12.0864095572541,10.0098357472863,10.2333281993196,8.62460012857567,8.72940586389315,7.66426337861454,7.6997672243384,6.55310756694641,6.56705476158993,5.21839572966462,5.20229969883267,4.16656147802487,4.13830431018341,3.45628587443774,3.34829516008483,2.86965108505553,2.70562483341846,2.32646741236944,2.1310720199099,1.82385382558532,1.66695821261085,1.38874506226187,1.2795703262605,0.929097989259242,0.834113234378641,0.530628710890626,0.459672526846429,0.340309073454817,0.268987712093864
2010,Pérou,PER,70.704,75.234,21.3448,19.0492,15.1,18.5,5072.11494019615,45.5,187.748,128.551,4.167,3.125,1.57606305627456,19.884,9240139,9238143,4.71338701,9.8,9.6,0.25,0.3,9.88671870835183,10.2218507855326,9.62017732510049,9.8485807410886,9.47963244542382,9.49509649382408,9.54672694211363,9.43621338403153,9.152964652949,9.09954551779864,8.30255532080201,8.29552110658592,7.4943844300046,7.58560725367877,6.80639069234105,6.97569811265766,5.90231745657241,6.05817601757234,5.07056306342714,5.11417319167798,4.40294049163881,4.33516886097011,3.78324845634163,3.65361911855837,3.08399778369419,2.95974492440344,2.3669244904887,2.29778851701343,1.89429486978859,1.83970452384708,1.43118532120441,1.34252321806763,1.77497754975768,1.44098823269184
2010,Royaume-Uni,GBR,78.5,82.4,24.8403,21.9385,4,4.9,39598.957119545,33.7,91.112,57.445,6.98,8.741,7.97606329440935,12.9,20438434,20926522,9.78937912,10,14.9,,,5.9447632154779,6.52242113229399,5.36379325167436,5.88677131598223,5.6360972247368,6.2014814323403,6.11804756197218,6.68275615686315,6.42122883977189,6.72437497336995,6.80728436284757,7.06925511739987,6.41775337810607,6.70968387714079,6.83830130666963,7.06041511898334,7.35460285876272,7.22441641999979,7.05247663182584,6.94915329400319,6.4099304862672,6.42535496077986,5.84236121996711,5.76537971699887,5.9233317190538,6.04371621252948,4.76828685914446,4.54301845855671,4.01668879454838,3.82865497019977,3.40299363545222,2.92024848095218,5.6820586537219,3.44289836160652
2010,Russie,RUS,63.09,74.88,20.0589,14.4954,7.3,9.3,10674.990234375,39.5,393.417,142.905,6.875,7.916,12.2285936689663,12.5,49260052,53774333,4.97111797,19.8,44,,,5.06509746437523,6.18795130458679,4.47644558684284,5.46052438839929,4.2279508386158,5.15187053391951,5.50235610189658,6.60445335618983,7.88617524742244,9.40693765199349,7.6615784014724,8.9071734908355,7.23643321394358,8.23461204594978,6.77857505391749,7.58240633151609,6.17006115168951,6.81233939822453,7.57825601533851,7.93374075685182,8.14166943804683,7.87446919550901,7.36466346404311,6.53876604110226,5.72348134334793,4.65521624473354,3.46204094251729,2.38196141480235,5.4118481214205,3.25077147692716,3.24733988224493,1.63308832283478,4.06602773286503,1.38371804562428
2010,Sénégal,SEN,62.264,66.18,17.2244,15.4614,36,46.7,1275.88357492357,,246.143,177.596,3.028,2.676,0.552209888192812,37.254,3331026,3461622,4.02764368,22.2,23.8,0.26,0.5,16.0762676876316,16.7919307177286,13.8425041923318,14.4010618418088,11.9122861502867,12.3371156097677,10.506704789162,10.6850786535588,9.38994463227384,9.3385080713744,8.04635887050498,8.05200226843958,6.60426890259788,6.57527269904863,5.23326638519844,5.15192428484025,4.14382884915756,4.00548711961036,3.35525392504785,3.11629362142708,2.77718791005014,2.47147961063458,2.32780414379747,2.06530371841069,1.92522105396598,1.73656044575381,1.49559774763704,1.30634107435943,1.12665215369794,0.971768595527035,0.738628577013902,0.61415877448047,0.498224029644926,0.379712893229864
2010,Suède,SWE,79.5,83.5,25.3223,22.3052,2.3,2.7,52542.8274141037,27.7,71.863,43.121,8.522,8.689,5.63879180126179,12.3,3103234,3003636,8.31963825,8.6,12.1,,0.1,5.72640121635612,6.1112470334285,5.27320916824812,5.60009465189997,5.08904182540919,5.41323210005691,6.48794055928127,6.91886115776191,6.42420462018658,6.77252546580459,5.95917225683524,6.34402218109457,6.03604404342412,6.35517911319521,6.6279748526571,6.89774650315301,6.85758139632679,7.16869292043405,6.5932291024542,6.88252082422104,6.14353074377675,6.33151613820248,6.06453513382583,6.16409791332177,6.59844308880799,6.61965836446014,5.66568110643551,5.652217440255,4.2545385308813,3.93536688586148,3.56134382374645,2.90938954342772,6.63712853134748,3.92363176342164
2010,Suisse,CHE,80.1,84.5,26.3822,22.8491,3.6,4.2,76531.3728182297,32.6,71.146,42.675,5.197,4.479,5.92147461395398,10.3,2678811,2643322,10.00535202,7.3,12.2,0.1,0.2,4.72336298369073,5.15816791769622,4.67513945612269,5.09921045789083,5.11078760689328,5.56335773113426,5.55810456738863,6.03279871995881,5.93883252740502,6.28031884775534,6.43185547291722,6.71510416423389,6.6644008783706,6.88363375169256,7.09108657765895,7.35045383231274,7.99370110853692,8.32335571744637,7.99191365332558,8.44540959605317,6.93983262118348,7.33153658398609,6.09864612855453,6.28191474730552,5.84557016359621,5.87702335410857,5.08695906664627,4.88070196744572,4.1165093517265,3.59043664330685,3.6596634926749,2.84219330054344,6.07363434330847,3.34438266712961
2010,Togo,TGO,56.887,57.547,14.7816,14.279,47.9,57.9,704.987164181378,,321.462,300.17,2.102,2.642,0.375011696835839,37.91,1876511,1872121,4.33284378,24.3,32.1,1.5,2.7,16.309918883719,16.4710179162296,13.452608971084,13.6078347285577,11.5887138839735,11.7345357560918,10.3289730716323,10.4774250643339,9.10553388533625,9.25250729642016,7.9489105197649,8.04872030532712,6.86941323182367,6.93847221962721,5.71744659123268,5.73996421558553,4.63314380115516,4.60343982355134,3.74899091893996,3.67211381021567,3.02693074810212,2.90900360898839,2.45156485300371,2.29779774302543,1.87485996350199,1.71267541139769,1.32187015265429,1.17949771921068,0.873277272117286,0.747747755763216,0.484537441407836,0.401662702977794,0.263305810551335,0.205583922696649
2010,Turquie,TUR,71.903,78.212,21.7491,17.4183,13.9,15.5,10622.7020439723,38.8,143.625,63.08,12.998,11.439,4.26765961897483,17.2,24705835,24233459,5.02053452,13.1,24.3,,,8.22077294941183,8.61075027292189,8.36206286145471,8.75644489846458,8.72261947717081,9.11321831920536,8.36752461710848,8.71979135092005,8.32327905909236,8.61661130896616,8.62844353703789,8.84541990798486,8.52494114619575,8.61519053406412,7.21230513431581,7.30338879535077,6.44594595815165,6.59018967698098,6.17940516595321,6.19715118060961,5.00797832354948,5.02844293556761,4.48940166227322,4.34522950241529,3.3341849165167,3.04188857332413,2.60050868911816,2.23494276070092,2.12780885940833,1.74163368685002,1.68731710269067,1.29557149081231,1.76550054055096,0.944134804861321
2010,États-Unis,USA,76.2,81,24.4777,21.5119,5.6,6.8,48642.6312088213,40.2,131.884,77.159,8.601,10.496,17.8479554089629,13,105729329,102962968,16.19723129,11.6,17.5,,,6.48458563822102,6.82877796682339,6.35121426393005,6.71359764506109,6.3074592732512,6.71674219890588,6.76924884130558,7.27901601128961,6.90756808008824,7.44396071838032,6.80012617118595,7.2727852315613,6.45147201983271,6.8306173922534,6.35714092557162,6.6721789920008,6.66200320496415,6.9214069585941,7.26811500166088,7.43223293112133,7.21229117273009,7.16215706880816,6.42822366328187,6.22287065012139,5.54525627051706,5.27719780305833,4.17465900079923,3.81782383390837,3.17123253087618,2.71858152121463,2.61182718952753,2.06262526896441,4.49757675225664,2.62742780793351
2011,Afrique du Sud,ZAF,57.735,63.139,19.1051,15.4222,31.2,36.4,8646.05571071635,,458.132,346.71,27.092,22.475,8.390151524086,22.075,16661056,18121601,7.94434404,23,27.6,12.7,17.7,10.0699752562676,11.2342317302093,8.82287789061456,9.81081601506114,8.73870390670179,9.68635492862769,9.66025765682509,10.6816342988197,10.2305679378188,11.3406160923661,9.70077447638437,10.8592288120815,7.70540667610724,8.03521753251891,6.74895959921846,6.26496568673456,5.9998353549083,5.07669035585804,5.31862265970128,4.28769911619507,4.53561181944951,3.78034833279723,3.42912361951808,2.80508261865969,2.65121743248541,2.1290385908882,2.00045788957834,1.44910894871099,1.74430952228638,1.05458199327945,1.3259773654142,0.739116715239458,1.31732093672061,0.765268231953005
2011,Allemagne,DEU,77.9,83.1,25.0737,21.3484,3.1,3.7,47646.582043143,30.6,98.648,52.91,5.708,6.191,9.82308149476656,8.3,26538662,26362145,10.77844906,9.4,16.2,0.1,0.1,4.11053994529567,4.55050653374136,4.15762555930385,4.60520792494584,4.6363415727143,5.13189204085755,4.82393207833493,5.33073933266763,5.99348050543813,6.51945863780425,5.90394409216097,6.36289904642694,5.78431517860307,6.09058147160411,5.73760493630944,6.03217752911736,7.5489472645951,8.03101378681742,8.33615968520338,8.91196232060648,7.50761533857177,7.91410192608874,6.6447552581249,6.75945370073107,5.81864901716339,5.83819173786079,5.21258060594602,5.05044478862674,6.33223114863938,5.72889927119209,4.51642660418421,3.62790049403573,6.93485120941145,3.51456945687592
2011,Brésil,BRA,70.654,77.532,22.3304,19.3547,13.5,17,13396.6243562986,52.9,200.627,96.762,10.444,5.495,2.37346407220956,15.141,66625947,67903805,7.78819132,14.2,20.6,0.51,0.4,7.32163319162617,7.78434374178834,7.77657151260873,8.25215532602943,8.42229550212764,8.91642799039472,8.41679385221525,8.85802886896781,8.61900076359456,8.95698569672414,8.84946062300461,9.07938924474771,8.32412144704741,8.41734410422298,7.42429772781352,7.42977454140484,6.75455037360813,6.69923524287068,6.43368108049973,6.31635790544406,5.65685165905394,5.47494351715475,4.67372759021199,4.41554342840891,3.64732438199019,3.33259101519795,2.65560791129152,2.39975134559808,2.05410077330604,1.71086410277724,1.50470834340407,1.05892124618192,1.46527326659653,0.897342682086446
2011,Canada,CAN,79.39,83.68,26.0342,22.8409,4.5,5.3,52223.8588398531,32.7,82.916,52.671,7.173,8.049,16.7706629104953,11,11920494,11824506,10.40832329,8.9,12.9,0.1,0.2,5.34388492023279,5.70908976658931,5.10904019394051,5.47240930582628,5.40104435285715,5.81872850944278,6.27842500751566,6.72701196933409,6.68705414287282,7.03332769001961,6.80266374199756,6.99270225512773,6.72935579443566,6.81603285868568,6.59270436483459,6.6790983086469,6.89654598754293,7.05477773276494,7.82883446128654,8.07614257101159,7.70684576851686,7.89992284875723,6.81600993027542,6.88689450275642,5.92109537298581,5.88723666393378,4.56729050320752,4.38575703145891,3.50892314445604,3.17190536122006,2.90060313699388,2.43399585914312,4.90967917604827,2.95496676528158
2011,Chine,CHN,73.334,78.65,22.4657,18.8613,10.7,12.2,5703.76027973346,42.4,127.107,67.374,3.947,5.032,7.42320645931147,13.27,500360801,478808788,4.34274387,13.8,24.1,,,6.0142799411661,6.72338853685265,5.53521272029387,6.19865197913343,5.77090607066533,6.39493086838437,6.64788193994617,7.19571598451607,8.89629182375944,9.32844444467815,7.81627390409647,7.97869108057626,6.93977986921575,6.98336503235592,8.33936043481688,8.3014091011566,9.25955416247611,9.11546146891142,8.38470413061034,8.17131776703586,5.66849702791165,5.43549166363449,6.34287669982582,5.91421678785558,4.60476602932617,4.27815787937049,3.11535296876086,2.87751346873339,2.521247540216,2.24094450757162,2.01894786190245,1.58938470506263,2.12406687501058,1.27291472417106
2011,Chili,CHL,76.882,81.543,24.6463,21.7177,6.8,7.9,14487.3927832032,46.9,113.262,64.173,8.85,6.222,4.55673342778646,14.017,5969661,5942411,6.79947519,10.3,15,0.32,0.3,6.73268092855196,7.08968171332782,6.61357554866283,6.98371248224478,7.23777830063906,7.64117139026624,7.9573513324986,8.38392373692233,8.14199332998409,8.5481421456095,7.63678705499912,7.92738161022701,7.32214938783675,7.552650256454,7.22879667742991,7.38820005637167,7.15346453075604,7.22078292643126,6.80918234844514,6.76637907535631,6.18116226331173,6.07634768152975,5.3159573983327,5.15788007298647,4.37376391628577,4.16411502972493,3.28380639701354,3.03265430816759,2.63143791660732,2.30354288511677,2.18562384308583,1.74706969318237,3.19448882555962,2.0163649360812
2011,Corée du Sud,KOR,77.3,84,26.2247,20.6504,2.9,3.4,25097.595426845,,90.886,32.7,2.639,3.237,12.5940576936717,9.4,18808456,17573990,6.12371254,6.2,14.4,,,4.49645907242368,4.77406640267913,4.63479470749922,4.99315984454289,6.06649486652681,6.60394882334203,6.69728984557177,7.55511171805381,6.08224905903004,6.99312582301128,7.12742572780346,7.67790052686579,7.62859682039746,7.96127538327093,8.30323323076085,8.54376858996035,8.56871252446955,8.73307009558182,8.3141404555902,8.49454381193026,7.98564645528605,8.0165071507375,6.0052340647942,5.91395239680786,4.63749572098799,4.43494162324921,4.02174924566615,3.50605138412103,3.66411360021162,2.82327097665916,2.80801406590432,1.77036080717952,2.95835053707662,1.20494464200743
2011,Côte d'Ivoire,CIV,54.445,57.673,15.854,14.2834,58.3,75.2,1596.62826565998,,399.84,363.207,7.236,7.053,0.307997563310417,40.846,6350627,6140774,4.39700699,21.8,27.9,1.4,3.4,16.9429469286837,16.9897968775369,14.1179470250958,14.2000675080967,12.1121533423829,12.1986660741905,10.8952414911408,10.3739777650547,10.033454348673,9.41901164728301,8.55227127282957,8.2549327909898,6.91887226251019,7.06767900327286,5.37633560184826,5.76971193696965,4.09223667704978,4.36157422045239,3.25163804230778,3.32805089597771,2.43356660343656,2.52570862138212,1.70167210571523,1.85409705784333,1.18564772049114,1.31345120190048,0.887545807403823,0.949501380070584,0.641094206454702,0.644322056347897,0.424980293136355,0.394794185758355,0.432396270840371,0.354656776872922
2011,Espagne,ESP,79.5,85.6,26.9796,22.4155,2.8,3.3,31824.6219134777,35.7,85.896,41.086,21.814,21.046,6.2718203872575,10.1,16065981,15636010,9.1679697,6.7,15.1,0.14,0.4,5.04789595629854,5.50443154709247,4.85229360226893,5.25023911697441,4.50227165987253,4.8743951932222,4.5779515679733,4.97199567081711,5.32653724405606,5.64655157853135,6.49645817693387,6.88121128301197,8.02309509296299,8.70913368640431,8.23771054294374,9.02950406430542,7.92652077094979,8.49612146705517,7.64582139710039,7.98130966238273,6.84259542922227,6.92388257931634,5.73413930061016,5.71774069256555,5.35696030196037,5.1565955027268,4.77369281124838,4.44207506004094,4.00961677553128,3.47591618223062,4.22037489237662,3.27235826279885,6.42606447769079,3.66653845052373
2011,France,FRA,78.7,85.7,27.3874,22.6497,2.8,3.4,43929.7840873812,33.3,112.601,52.563,9.711,8.79,5.57559339237044,12.7,20810009,21270326,11.18497562,7.6,15.6,0.15,0.3,5.80719652681118,6.46870530013682,5.82808031726326,6.50456563981301,5.91383010390028,6.62888764058342,5.68304672751916,6.32042132124176,5.86372269611712,6.33915508412582,5.89230900039653,6.12525190049755,6.10533583127601,6.48410317979176,6.51677236075204,6.91378243729252,6.73500873149301,6.97318999739221,6.82663274964685,7.01269080798429,6.64091911797699,6.78620718080377,6.47172238947676,6.47339562648373,6.3788541658903,6.34391021636354,4.40599305465667,4.23828095634831,3.90045170132925,3.45548574088946,3.92189523212265,3.0432376478676,7.10822929337193,3.88872932238442
2011,Inde,IND,66.094,69.28,18.7469,16.8917,45.4,43.8,1445.46127486037,28.8,218.148,144.819,7.681,7.594,1.46709109594735,21.156,418644475,389896933,3.24634218,19,26.6,,,10.0560987019774,10.3088079205694,10.2766023691498,10.5664064765354,10.1036791546461,10.418984908199,9.72353952751095,9.95814257005559,9.28663926574609,9.44239400854952,8.50610755524862,8.67395450862699,7.49704340771389,7.61357424628095,6.68603494786683,6.70039307115577,5.90290051240079,5.85366950450682,5.23840191462041,5.16962770210224,4.54936243549668,4.46916998262618,3.80647496333662,3.6804664549801,2.82232540323162,2.62915915958689,2.05875479335729,1.80099229659444,1.55791031693956,1.27446543735209,1.03937407553821,0.801654274510698,0.88875065521916,0.638137477767978
2011,Indonésie,IDN,66.793,70.463,18.2321,15.679,23.4,28.6,3579.46442466152,37.9,211.02,164.815,5.564,4.898,2.00412047888782,20.611,83377396,82135851,2.98942471,23.4,28.2,0.33,0.3,9.44834855774096,9.87180386899722,8.87409336187963,9.2776813193753,8.789450243139,9.18216953722561,8.59531201669924,8.98226951119022,8.38304952102452,8.73182642661099,8.50572554951269,8.7799212327791,8.20379648516615,8.35245748571626,7.62410082862612,7.66439198352833,6.99395411699979,6.96731708824271,6.07075632273225,5.9919569739904,4.99631203101285,4.86316732242146,3.84303258201575,3.64280712393937,2.90661039479631,2.59127733945025,2.52180245698546,2.04820602141544,1.99420255236017,1.52983358989485,1.30227384690048,0.923523669486807,0.947179132408657,0.599389505735649
2011,Iran,IRN,72.826,76.723,21.1558,19.3663,15.6,17.1,8025.68743364356,34.7,136.762,78.351,21.187,10.78,7.47323566341009,17.673,28628113,27324773,6.09787989,11.7,17.9,,,8.28198898075235,8.44704345677975,7.35987131286337,7.53806881315215,7.45818614296206,7.56249706210926,9.07526738477928,9.12515239526857,11.4609571509549,11.3502583343585,11.4536790089567,11.4935211383114,9.11161381115751,9.25353822058334,7.27382434595025,7.51511576039613,6.35986918985488,6.4445558759315,5.34617170837986,5.34211175086287,4.57021470922657,4.52953117764663,3.69535937825391,3.69502143785123,2.83184716443627,2.83099527237123,2.01221610345704,1.91049409571473,1.61245360428687,1.42969514945488,1.15416249613805,0.91722199052474,0.942317507590114,0.615178068683135
2011,Japon,JPN,79.44,85.9,28.0649,22.6672,2.2,2.4,48760.0789494211,33,83.291,45.256,4.148,4.839,9.961007721011,8.3,40750906,39857725,10.48780155,6.3,12.8,,,4.01301716286239,4.4209339648826,4.19880028384772,4.62639242395668,4.44329489826998,4.90504423684533,4.43843887667486,4.88804754902837,4.64222907600871,5.05153790212294,5.28683099498744,5.66304032080654,6.11164654408317,6.51166624986442,7.44280833361444,7.95595448913743,6.81320454708787,7.37329870789653,5.98321978324712,6.52087498412497,5.78746260626567,6.2296372891335,6.34208107773155,6.68423283744601,8.17106032350622,8.30981588733426,6.44633314682299,6.35222272720245,5.96340382348642,5.50519477734104,5.25766812941618,4.29670584889839,8.65850039208727,4.70539980397856
2011,Maroc,MAR,69.605,73.014,18.9563,16.8853,23.9,29.3,3301.98876953125,,160.812,118.779,10.246,8.451,1.70947966777939,21.506,10872978,10771348,5.37019396,22.5,23.2,0.1,0.1,10.0760650083879,10.3353291885479,9.20001907855128,9.59639864885098,9.09975872000309,9.63539115134365,9.43060871905713,9.77195839557282,9.45178125767451,9.6194322709731,8.92809461785864,8.77067435708586,7.95328228535084,7.69117310768224,7.03390551231145,6.76736442739631,6.18307927205408,5.97803313795768,5.69416996576821,5.47221322801196,4.77123280198099,4.86003697019993,3.71275587897659,3.87760684707138,2.79157288879084,2.76994836674943,2.21935105128267,1.96452249217519,1.5937723347169,1.3590560810798,1.04067190788023,0.896375208114566,0.819878699354666,0.63448612118719
2011,Mexique,MEX,71.292,76.524,21.3054,19.7681,14.2,17.3,10664.4944046282,,193.621,100.325,5.132,5.2,4.2216609449848,20.095,35810894,38453783,5.30093002,14.2,17.5,0.28,0.3,9.42445717377367,10.2087175108879,9.46988593808634,10.2415253886219,9.36828669118412,10.0895035668588,9.38241414612527,9.92645520786941,8.97285029433004,9.2517593596293,8.37615641231292,8.15763861568108,7.80964402698959,7.28263133725185,7.29641860661064,6.82285839085427,6.51145027974872,6.16155298755532,5.63797518254177,5.33833322607539,4.67356535750215,4.43281981626718,3.69333393667483,3.50079103438537,2.89018222728672,2.72669917167057,2.22605865521119,2.07139233960165,1.71125531696815,1.54868368036703,1.22217882665315,1.07443601730782,1.33388692800074,1.16420234911509
2011,Nigeria,NGA,51.108,51.861,15.0412,14.6737,66.6,79,2418.41316975875,,379.82,364.028,3.689,3.842,0.609298896826681,41.793,45231689,44802536,3.32077932,17,19.3,1.3,1.9,17.7074847467925,17.8767057735037,14.5346491443426,14.7260817189318,11.9077187987181,12.1448238930028,10.0186628157136,10.2438447177199,8.57795910684762,8.68974536168657,7.59402259034964,7.62631723563038,6.56505624006595,6.57890860839715,5.28293703439426,5.2714364260486,4.18363967095619,4.16187193483273,3.44862004451273,3.35388799226439,2.86102400191882,2.70509278654417,2.32295295931991,2.13419313970481,1.81114172790028,1.64051590027512,1.38583011936982,1.27936086712476,0.927264978069549,0.834820209265413,0.530665303289652,0.461509636253102,0.340370717438754,0.270883798814583
2011,Pérou,PER,71.221,75.572,21.5511,19.3664,14.5,17.8,5861.35793645245,44.7,183.157,126.519,3.819,3.191,1.67801514096021,19.75,9324630,9343573,4.53380108,9.6,9.6,0.25,0.3,9.69700060550756,10.0454493613197,9.56790980495834,9.82749629180744,9.29868579274585,9.3430032804417,9.36242612381351,9.22492758821873,9.09104275224507,8.98933604688837,8.32509103934094,8.29613420477238,7.49036390151548,7.55416456540591,6.85101273271532,7.01991037662729,5.98921343715088,6.16299880101404,5.12790878156528,5.20516867646363,4.47220720298149,4.42168189092884,3.84929172671994,3.73455298114582,3.18909062998371,3.05368816963765,2.44793231960565,2.36639198965546,1.93426746377615,1.87526961651873,1.47097060303436,1.38345085316506,1.8355850823405,1.49637530598925
2011,Royaume-Uni,GBR,79,83,25.1367,22.2692,3.8,4.7,42109.6418795749,33.2,87.266,55.723,7.445,8.798,7.25618139196738,12.8,20537699,21003022,9.7956152,9.7,14.2,,,5.9968918862375,6.56938652627743,5.42216629804406,5.94239789833473,5.52823914574291,6.06619101168226,6.01694423309233,6.58652428735839,6.41058862511829,6.77604757342007,6.81263694708381,7.07714502611343,6.53391610440704,6.78417368016336,6.58001832318628,6.89958307292196,7.30925913726719,7.12500484837308,7.08896679081169,6.92657617368506,6.49173315194607,6.50124444393351,5.87827399701754,5.7713052728418,5.84807993232734,5.94920534420567,4.97709694151179,4.75034618068072,3.99804141444349,3.80172988663397,3.39116675017703,2.94666767071663,5.71598032158566,3.52647110265794
2011,Russie,RUS,64.04,75.61,20.8023,15.2709,7.2,9,14305.33203125,39.7,361.822,131.131,6.133,6.99,12.8134885215129,12.6,49245301,53769675,4.79491472,18.6,41.4,,,5.20915434368052,6.36453733137829,4.5612674685299,5.55329421961049,4.18501733884695,5.10405614804508,5.07193819265374,6.13478049831983,7.62649480064593,9.12900758408342,7.84222881334108,9.14811097807149,7.26927538850257,8.2794136549809,6.88560252953486,7.64364781206089,6.19587986257413,6.88392820271502,7.14485212306791,7.50809068043407,8.22440795221946,7.98262015733632,7.48082608044579,6.64821815616841,6.23494594070647,5.05499389731855,3.15533509200353,2.2166508365649,5.46236767994944,3.2387026690553,3.2579682633841,1.64963350717002,4.19243812991362,1.46031366668703
2011,Sénégal,SEN,62.785,66.818,17.3696,15.5493,35,45.3,1374.67591873844,40.3,241.048,171.338,3.078,2.725,0.577070718287212,37.391,3416719,3546239,4.21416712,22.2,23.6,0.24,0.5,16.0874428996641,16.7932956293687,13.8470437903146,14.4033249140594,11.9139190915977,12.3390604787584,10.398543128448,10.5869834387046,9.30023490523449,9.22972476655797,8.03324635973403,8.01915027466218,6.63639424290885,6.61913238957457,5.29718955398612,5.22814266011337,4.18337146398757,4.06284125552692,3.3757336006305,3.1620959423655,2.78625153989181,2.49026107169033,2.32954067227277,2.05522071388895,1.92854136857167,1.7303705520865,1.50399797996802,1.31170540069718,1.12444621282261,0.964619514218294,0.743578364233191,0.61606266100373,0.510524825733983,0.388008336723432
2011,Suède,SWE,79.9,83.8,25.5244,22.5242,2.2,2.7,60379.7748160321,27.6,70.821,43.573,7.763,7.841,5.1284800120391,11.8,3106882,3006750,10.41646671,8.2,12,,0.1,5.78619768416245,6.16479296629399,5.37805465216293,5.69904291927937,4.99137506875423,5.3118824187401,6.20226162519967,6.61483784654236,6.61295706730189,6.96489635067779,6.03202009020977,6.42583428787263,6.01777089166127,6.33345095395349,6.53646914141459,6.79694982087721,6.73710756035474,6.99969407312066,6.75748465257954,7.05349940104805,6.09990154236236,6.27449552062946,6.01610444209008,6.11083897553041,6.41351047621961,6.40839826094214,5.96899032668212,5.94861596492321,4.32958364601236,4.04095321336313,3.52637604700231,2.9227325970771,6.59383508583006,3.92908442912887
2011,Suisse,CHE,80.5,85,26.5888,23.1227,3.6,4.2,90476.7589651577,31.7,68.348,40.045,4.798,4.08,5.34586354225356,10.2,2705961,2664893,10.11940575,7.2,11.6,0.1,0.2,4.77632787513443,5.19523267877647,4.66301214294675,5.05790212127901,5.02073655475077,5.44484769433607,5.46466862560699,5.90712383360674,5.98915253510938,6.35523623701454,6.465213154043,6.7956194705352,6.6974256922992,6.97290329924039,6.91370476293579,7.15014867436405,7.8200437541243,8.09145389659114,8.07041969800161,8.531439776436,7.07250375570145,7.44668987724847,6.13196822923862,6.33584281406386,5.78863252353363,5.80008188049293,5.19904439059096,5.01065548744144,4.14541737151602,3.62919775318287,3.64409242706826,2.85780608986807,6.13763650739885,3.41781841552274
2011,Togo,TGO,57.308,57.895,14.8388,14.3487,46.4,56.2,783.989380490906,46,316.733,296.872,1.645,2.291,0.334982825063754,37.105,1927040,1920467,4.38927078,24.2,31.7,1.3,2.7,16.3528884049148,16.501664879003,13.4687720312936,13.6207706027875,11.5767719860901,11.7197295448138,10.2409059021627,10.3822137422423,9.05667452029914,9.20014820727203,7.90065188723339,8.00617934291891,6.85897103409187,6.9286755389034,5.75399073385343,5.78571063742112,4.67075739403899,4.64488112108875,3.78040698835168,3.70571564691926,3.04012654673626,2.92376069027191,2.45374098428395,2.30167105430602,1.89243469464573,1.728781846456,1.33601096707473,1.19324745045113,0.871689456302808,0.749664470394184,0.483417109598595,0.401784258575519,0.261789359028263,0.205400966175211
2011,Turquie,TUR,71.758,78.121,21.5949,17.2081,13,14.5,11300.7852215681,40,145.759,63.944,11.291,9.18,4.48281099270961,16.9,25200364,24706491,4.6530509,12.9,24.1,,,8.12767648006509,8.51368281982747,8.12865034191072,8.51391369866993,8.65527425045168,9.0441699145861,8.32964460616202,8.67758397855469,8.2488749393399,8.53906338467202,8.4308680769142,8.66227483205309,8.59288757855176,8.70723311734707,7.42522993081063,7.48638069870059,6.32408839971207,6.49671182889494,6.34789932183778,6.35823821617208,5.03196038741198,5.05535535019032,4.61086523053244,4.48210600377879,3.48539744208153,3.18122050824809,2.6328233263934,2.27972990611768,2.14050775912252,1.7257227004427,1.66539573187192,1.30446277527,1.82195619683036,0.972150266474454
2011,États-Unis,USA,76.3,81.1,24.4975,21.6004,5.6,6.7,50024.8812320773,41.2,132.138,77.926,8.453,9.363,17.0213053953425,12.7,106434443,103542555,16.14000893,11.5,17.2,,,6.38915245193343,6.72036102520844,6.3547083068393,6.71210298603681,6.31276567765116,6.71015384004658,6.62177041087815,7.11147700402536,6.96301579705228,7.49251495411464,6.79532982218794,7.26409908947967,6.55686766684933,6.93599996999744,6.20445194532283,6.5070743220464,6.61835250311114,6.87889943206504,7.08447166125395,7.24676310695759,7.21640118479672,7.21105023672493,6.55589003208168,6.33513394198308,5.67879877088045,5.3950983340963,4.33002193563243,3.99368979293092,3.23289737942013,2.76169271695605,2.60098299713885,2.06866767337676,4.48412145697024,2.65522157395401
2012,Afrique du Sud,ZAF,58.714,64.427,19.4806,15.8055,30.4,35.4,8076.97678479741,,432.549,320.219,26.972,22.774,8.56950729034559,22.118,17001497,18413107,8.00428867,22.4,27.9,12,17.9,9.99419093052092,11.1160745572662,8.98228288582619,9.95675415498653,8.48033991757396,9.38034848480526,9.43523478368871,10.3886883336254,9.99783293531381,11.0334767395772,9.86817900137486,10.9777574733938,7.84294956988875,8.39557386873583,6.73763882831103,6.37499297437646,6.011107360357,5.19150404163209,5.30689843657247,4.26152736169082,4.6556350676717,3.84976799829828,3.52393595408862,2.86601686812698,2.75532568223792,2.20040023502783,1.99085666435785,1.45576123874252,1.73463588042422,1.07045445626531,1.30717442439129,0.707510166048348,1.37578167740073,0.773391047401159
2012,Allemagne,DEU,78.1,83.1,25.0857,21.4042,3.1,3.7,44735.5882319701,31.1,95.548,51.099,5.226,5.497,9.95283318393894,8.4,26673597,26384560,10.85345554,9.2,15.9,0.1,0.1,4.06709400220324,4.47938241057283,4.12734839262826,4.55194455600709,4.55837383680739,5.02687689628218,4.78715777753662,5.27640788856927,5.81168667103002,6.32622126027874,5.90385821840021,6.38851582167565,5.88768208887302,6.22074746848613,5.61880711463015,5.91369474200827,7.21840925726148,7.66929357175908,8.35672702125144,8.94275340823482,7.73812180608614,8.15656066758994,6.75129934482445,6.89328623402086,6.09292579687652,6.07212226144973,4.9958291232672,4.83427593404481,6.31188609887316,5.72395494744441,4.78847154418307,3.88096470330551,6.98432190526766,3.64299722827068
2012,Brésil,BRA,70.945,77.816,22.5022,19.5346,13.1,16.5,12521.7213519966,53.4,197.533,94.646,9.248,5.811,2.52810306680631,14.935,67398441,68713396,7.73637724,13.8,20.1,0.54,0.4,7.19580990052027,7.65873718906727,7.59734455836977,8.07156005194195,8.24806188093519,8.74346800958258,8.35511930519121,8.8063493848229,8.43755868547431,8.78269508909554,8.74822091045534,8.99013751433323,8.3963261867771,8.50290176210248,7.50478390763607,7.51571055784501,6.77695556394089,6.72282906507037,6.44117500787186,6.32411237546807,5.76774987416348,5.58469615610991,4.79942909404348,4.53978522370028,3.80165114739368,3.47580064913466,2.74708408333078,2.46463049141099,2.10081208302281,1.77168091092222,1.53649223558667,1.10087381013966,1.54542557528711,0.94403175925289
2012,Canada,CAN,79.61,83.82,26.2183,23.0119,4.5,5.2,52670.3447335415,33.5,82.45,52.44,6.95,7.785,16.3415448128885,11,12002519,11898276,10.54460621,8.9,12.7,0.1,0.2,5.34043826422249,5.69587578322798,5.16181843233898,5.50473591057542,5.27992920621922,5.68162260596082,6.09936528803285,6.57967963651885,6.67965260555064,7.08742777632037,6.75838933586908,6.9682151836397,6.78416644442819,6.86275611277183,6.57788427432556,6.62952965468118,6.81128649519992,6.93588487637961,7.57250191525421,7.78557641422928,7.75143973768278,7.93781536598795,6.96318092529173,7.03031686906997,5.97235077889087,5.93137812859046,4.79357970275436,4.6217378600115,3.59545946979108,3.2668686641775,2.88401240924032,2.43804423995604,4.97454471490771,3.04253491790155
2012,Chine,CHN,73.624,78.981,22.6516,18.9809,9.9,11.2,6405.0574241349,42.2,124.948,65.855,3.973,5.066,7.6044757382642,14.57,502640881,480683034,4.56584787,13.2,23.9,,,6.0903988628198,6.79614218762983,5.54573129918553,6.21357501912184,5.63740708729183,6.26464830205236,6.3446106647881,6.9056893301655,8.49311983842608,8.95584699043878,7.98438034079966,8.1850166115527,7.06494958789803,7.12153903129986,7.82135646745219,7.79610975748718,9.30990944164563,9.17374753974652,8.77997463633115,8.55661361923308,5.51737974706308,5.29606012195271,6.40876512172626,5.98937844297847,4.96846799282442,4.55759488701175,3.23956380932757,2.98478648018839,2.54431379859017,2.25383847711144,2.05703608086734,1.6274291490908,2.19263522296318,1.3219840529388
2012,Chili,CHL,76.901,81.508,24.5548,21.6743,6.6,7.8,15241.9069981119,,112.371,63.316,8.07,5.542,4.64295036753846,13.776,6040290,6009272,7.01951265,10.3,14.6,0.33,0.4,6.72059430926735,7.0713654952652,6.49113120592038,6.85562345415335,7.03528640307487,7.41895053250556,7.77257507994476,8.19117297568087,8.13870433426206,8.54741822626549,7.69558398351286,7.99308996469514,7.307630839019,7.54267278517339,7.17887329341181,7.34540471805439,7.11846017807136,7.19806057133419,6.83107633393845,6.79837077799534,6.25186892607895,6.14610577638526,5.42400315662928,5.26280992760027,4.51519482676152,4.30584200545519,3.39687942215517,3.1348021032209,2.65903436098838,2.33720735839217,2.18340527060573,1.76040501103245,3.27969807635807,2.09069831679083
2012,Corée du Sud,KOR,77.6,84.2,26.251,20.7048,2.8,3.3,25459.1689000965,31.6,87.057,31.39,2.554,2.992,12.5926085879176,9.6,18939234,17761158,6.17752457,5.8,13.8,,,4.47723355373465,4.72209491184357,4.45888715962761,4.7895012115323,5.71327421232801,6.20352366451568,6.6254248858553,7.43637323791195,6.15090939494363,7.05118640452671,6.77273210155468,7.3988745445622,7.62447684954522,8.01203931241665,8.05494142728709,8.33475824113118,8.62786623426167,8.81252801407291,8.26437689971092,8.4475515024638,8.2115818435882,8.24743281743394,6.42381226206861,6.32311021075598,4.78187419473374,4.58156207138705,4.03391977385404,3.5640013900106,3.7281703184572,2.90047137538909,2.89929282915869,1.86991050874304,3.15122605929075,1.30508058130334
2012,Côte d'Ivoire,CIV,55.013,58.314,15.9805,14.3587,56.5,72.9,1546.9460184731,,392.217,353.604,7.332,7.132,0.384372523924794,40.688,6571963,6307904,4.4273715,21.6,28.5,1.3,3.2,16.8109484835092,16.8481784241405,13.9428674095056,13.9792459709114,11.7530747693282,12.0169925451493,10.5320282520972,10.0169642983988,10.0631252481587,9.28051152115376,8.86846613561887,8.40101270016395,7.12330409903104,7.25503203568956,5.45875643413757,5.95372757325709,4.10683693687192,4.49946987348664,3.27899807229346,3.42443521393226,2.52084533016853,2.61128709318066,1.79677250337365,1.9404101053208,1.2663032493226,1.37721239652388,0.925709055205756,0.965943042969099,0.656335997003235,0.646125668626205,0.430436089910797,0.396096099111265,0.465191934463647,0.387355437984822
2012,Espagne,ESP,79.5,85.5,26.8614,22.3694,2.7,3.2,28456.4438151477,35.4,83.213,39.442,25.035,24.584,6.14450135874169,9.7,15968660,15595422,9.15596581,6.6,14.8,0.14,0.4,4.9591540611514,5.42062463057616,4.92496880584949,5.35127286810033,4.54388262188387,4.93593538073891,4.50642422082482,4.89834050201502,5.19074487994813,5.51087775018877,6.22718291248165,6.52901459813146,7.71824366360053,8.30985286443775,8.26305856479197,9.04214330346014,7.9281871820881,8.51237379292832,7.75554239901289,8.12821821895457,6.9913300923588,7.09409633350658,5.89186614665806,5.88551724161693,5.39874720031015,5.22553524787985,4.94999849683197,4.60912179500321,3.9172201689897,3.44297207048077,4.1932694669346,3.26371052365458,6.64017911628384,3.84039287832662
2012,France,FRA,78.7,85.4,27.1975,22.5711,2.8,3.4,40863.5814412333,33.1,109.097,51.592,9.968,9.726,5.57648270706697,12.6,20769337,21239880,11.29740047,7.6,15.4,0.13,0.3,5.76885610061401,6.4269131713977,5.83688840126984,6.51550722319094,5.93383310552993,6.65222337429343,5.62678655727139,6.25979631040801,5.78926806082413,6.26701929985682,5.83317919942561,6.06279616412676,6.1544678115585,6.47187752995038,6.32343852666084,6.74391713791662,6.75048100826609,7.00757156598715,6.78994140732294,6.97953069911558,6.62329367256776,6.77416632782878,6.45317735738543,6.45163671796451,6.37658710633012,6.30764599614511,4.82498302862339,4.64067642385456,3.80798828600461,3.41001829120124,3.84053876436756,3.01715923419548,7.26629160597786,4.01154453256692
2012,Inde,IND,66.544,69.735,18.8825,17.0387,43.2,41.8,1429.32199520032,,214.964,143.788,7.725,7.647,1.58192315310593,20.672,426997208,397634456,3.32935286,19.6,26,,,9.87936976775574,10.1284424884595,10.0501723940157,10.3337455863388,10.049196695925,10.361256691232,9.64537791804178,9.90476676349657,9.24322886231638,9.4013603813722,8.56159699484794,8.72570119499695,7.56692400118842,7.69426758727553,6.73348440857647,6.75876855974232,5.9515918909454,5.90106329008785,5.27140320814762,5.19167389983276,4.5953539757093,4.50563122090275,3.87983159818532,3.74897642120861,2.93942048596908,2.75506077544546,2.09320387141813,1.83412362551416,1.56326014515164,1.28373453745686,1.06149118896815,0.815293315218608,0.915092592837959,0.656133661419046
2012,Indonésie,IDN,67.002,70.721,18.3253,15.7339,22.4,27.5,3632.27254030331,37.1,209.081,162.476,4.784,4.272,1.99554706542114,20.41,84693852,83329301,2.91427088,23.2,28.1,0.32,0.3,9.42240220120955,9.84175223097213,8.8751617471511,9.27364901618291,8.63450937838173,9.02016720173737,8.56326416303149,8.9408630904575,8.29590611607366,8.64551657628784,8.34153386401454,8.62290312127305,8.19198953816891,8.35957148458256,7.61693254064531,7.66974191424672,7.0209062221921,7.00060020162545,6.16520491104358,6.0875384649586,5.11800473429716,4.98613502959687,3.98083003440129,3.77757626143507,2.94344322958575,2.6524442819733,2.51200779785295,2.03973632170063,2.00222675428759,1.52722404104329,1.33065046849422,0.938678839772424,0.985026299169063,0.615901922154315
2012,Iran,IRN,73.184,76.993,21.3001,19.5449,14.9,16.4,8114.08099831877,34.4,133.239,76.355,19.921,10.651,7.46289872141542,18.138,28930473,27654669,6.12235117,11.8,17.8,,,8.34600166929854,8.50604655111407,7.43651791795222,7.61697379387644,7.26769846649409,7.37451209625245,8.43004890085017,8.49981529845662,10.9465965993701,10.8593302619006,11.5073493830587,11.4960904078167,9.47880754275313,9.62100839408043,7.40538069646263,7.63366129603681,6.48463006048781,6.59835793891608,5.40983482438629,5.38209129585669,4.69035329595195,4.65513240880684,3.75605797505636,3.7319248890438,2.98779398550946,3.00279667612827,2.06868485685587,1.97581112712465,1.6181714371993,1.45066254992198,1.18157033840233,0.950563756647792,0.984502049911,0.645221258019742
2012,Japon,JPN,79.94,86.41,28.2617,22.896,2.1,2.3,49145.2804308193,32.5,77.023,39.817,4.051,4.58,10.2743091303701,8.2,40210091,39291581,10.67169094,6.2,12.5,,,3.97527570682206,4.3812004204974,4.14766153851001,4.57141995187053,4.43933169696931,4.90598122278384,4.44885838303176,4.90870949333594,4.55813345659725,4.96228367804188,5.17712103134219,5.56403560344308,5.89687948530291,6.28529185428423,7.26167496256434,7.7521845269505,7.13029127798662,7.68538066816393,6.02311017873599,6.56955718178493,5.80430612939961,6.26787265018206,6.0847525867549,6.42295960295438,7.85350494328475,8.01844230955608,6.75354170251187,6.67530584368533,6.145034476631,5.70358987965585,5.31974600663452,4.3877273261692,8.98077643692091,4.93805778664083
2012,Maroc,MAR,69.94,73.514,19.1824,16.9723,22.6,27.8,3164.17724609375,,156.574,113.549,9.957,8.665,1.75488463716991,20.978,11049997,10923532,5.39619017,22.3,23.2,0.1,0.1,10.0340007060262,10.2902624644505,9.20383362221262,9.55259421904705,8.93953612225991,9.46841369900836,9.19280385071382,9.52105775708768,9.29738421565361,9.51229762876563,8.89688867974965,8.77373998493496,7.98271099937768,7.75766028603113,7.10336926581066,6.82434520866641,6.19691544734305,6.0247314039059,5.71007946451759,5.46443716591972,4.89403048822241,4.91994982841006,3.84748044058891,4.01074072045853,2.89699819178228,2.92916976679527,2.24960197634165,2.0191723960236,1.64601057395486,1.37840693511844,1.05615652533067,0.896811072350063,0.85219943011437,0.656209463026741
2012,Mexique,MEX,71.5,76.727,21.432,19.8332,13.7,16.7,10744.1335229686,49.6,191.565,99.139,4.88,4.899,4.33344945678331,19.855,36448565,39131002,5.42140484,14.2,17.6,0.28,0.3,9.31564682987975,10.0958395441626,9.30450743319171,10.068538852138,9.28725274871852,10.0171179781195,9.23047797509399,9.807154374194,8.96642105351329,9.27882434470673,8.34972340079723,8.21811285918056,7.80406534256963,7.29279384570082,7.29087822402671,6.77830998701704,6.58707872325945,6.20653664379509,5.7168761165285,5.39776711373306,4.78685699135924,4.52407750357965,3.79713096771609,3.58499467961128,2.95963695005829,2.78196759107592,2.27772546004591,2.114847288468,1.73474932537489,1.56526566922952,1.24802664190226,1.0909613777612,1.34294581596453,1.17689034752706
2012,Nigeria,NGA,51.345,52.018,15.0563,14.7024,65.9,78,2633.19734671361,35.5,377.929,363.264,3.55,3.948,0.583423583202386,41.116,46527386,46025655,3.35984254,17,19.1,1.2,1.9,17.6265099699553,17.7731293231513,14.5606849801937,14.7442055258551,11.9947062566877,12.2230425359039,10.0321361972318,10.2549939525061,8.55099432140191,8.67189418796507,7.51681778080302,7.54661281904237,6.56221426551699,6.57582466331553,5.34710576925078,5.34226263941996,4.21186596210914,4.1923215428864,3.44334650167719,3.36286847475943,2.85362758680386,2.70596816269822,2.32043021383573,2.13835847074542,1.8040942563879,1.62216409400932,1.37850764508841,1.27415952479796,0.925208127307507,0.835508025113258,0.531250109372735,0.463841247251296,0.340500056376283,0.272844810579401
2012,Pérou,PER,71.822,76.278,22.061,19.7912,14.1,17.2,6519.37852981527,44.4,177.811,120.501,3.719,2.837,1.66202679181706,19.21,9415693,9453329,4.7344017,9.3,9.1,0.27,0.4,9.49862611077852,9.85593488338567,9.53468909696281,9.82141139291445,9.13686706196775,9.21891686748914,9.17810267108839,9.03216077215553,9.01895830541356,8.87217122133758,8.35180489380165,8.30195101078764,7.49873456682021,7.53281425251088,6.87953103174827,7.03811417736674,6.07822074212331,6.26439438508217,5.19326947769761,5.3016354487417,4.53657287833544,4.50403510231446,3.90719651815537,3.80570334024255,3.27722175649834,3.13481219790252,2.53431477486378,2.43843830253905,1.96901132310826,1.90434716865375,1.50620018307704,1.41883687271373,1.90067860755966,1.55432260386246
2012,Royaume-Uni,GBR,79.1,82.8,25.0083,22.3144,3.7,4.6,42490.1465463521,33.1,83.863,54.293,7.638,8.782,7.55269890599739,12.8,20556918,21021811,9.89160061,9.7,13.7,,,6.03262535253894,6.60276256165877,5.53442945767311,6.06034733114384,5.409719380591,5.9250275134745,5.8920728067208,6.46555586836612,6.42137504454833,6.8254410459931,6.76525610988532,7.02904626936969,6.64781366966879,6.863988588892,6.33977331983463,6.6839189834722,7.24514055996958,7.08282302348061,7.10232567900247,6.90158710205318,6.57828283466064,6.56964398012144,5.93530820497375,5.82466522217098,5.67970719199252,5.69784832750524,5.25442798149177,5.07888282456046,4.02091652829763,3.79282131219146,3.41083453732269,2.98961302928998,5.72999134082803,3.60602701625642
2012,Russie,RUS,64.56,75.86,20.9776,15.5298,7,8.8,15401.8515625,40.7,348.229,126.201,5.122,5.83,12.6919361875917,13.3,49081007,53543129,4.93637609,17.6,39.6,,,5.40215269749612,6.60085090348533,4.65793199777274,5.66637107362562,4.20322631614528,5.12366485492899,4.71339539895808,5.70890958651426,7.18941055100048,8.62598619925618,8.06529996492168,9.4613566980348,7.28137894268851,8.30181060673576,6.9562668161848,7.70360088728659,6.29494988294032,7.01020007434248,6.76984964988563,7.11256300213553,8.17252038864761,7.98181521611004,7.56914014164161,6.75620172619959,6.52616686869033,5.27645815752254,3.31973895505455,2.38244488250366,5.13737440149712,3.00811295230355,3.46889423980816,1.77153139102966,4.27230278666698,1.50812178798544
2012,Sénégal,SEN,63.209,67.253,17.4482,15.6116,34.1,44.2,1326.83798848379,,237.354,168.001,4.201,3.706,0.553187541109478,37.536,3510082,3638692,4.26688004,22.3,23.6,0.2,0.5,16.1298457580272,16.8266619038486,13.8263177243196,14.3746286622874,11.9140937500675,12.3430762047854,10.3141350058623,10.5157765317292,9.20296353132314,9.13338526380467,8.01262653869918,7.97208479633954,6.66459195328676,6.65406125674771,5.36472142166157,5.30455827741112,4.22790666860128,4.12097375996306,3.39791698478566,3.20694141339958,2.79537073615287,2.51189416848681,2.32861239159828,2.04451992642476,1.92421468484217,1.70973653920675,1.51448860140993,1.32275757468338,1.11810209035571,0.952540881612159,0.74486234567363,0.613955117408615,0.519229813333178,0.392447721861123
2012,Suède,SWE,79.9,83.6,25.3945,22.5829,2.2,2.6,57749.8251328664,27.6,68.068,43.703,7.712,8.215,4.80354065298832,11.9,3107259,3007519,10.7351532,8.4,11.3,,0.1,5.80982853963065,6.17666091469515,5.48273852199393,5.81013732573038,4.99039597334841,5.30777647517739,5.88155494722604,6.27359573292972,6.74163282699888,7.10499983303446,6.14312011025356,6.50765297335072,6.02691432093623,6.33395614463197,6.39981412101996,6.65546751035002,6.64490117112976,6.86918339736839,6.88910827115369,7.18715530438976,6.07691434188743,6.24777664582986,5.99591703160152,6.09138734877373,6.21198668006984,6.19396844635777,6.19199924240488,6.14456350204999,4.45248458096986,4.20298079306418,3.52837985685307,2.96364354406421,6.5323094625223,3.92909410820231
2012,Suisse,CHE,80.6,84.9,26.4825,23.1892,3.5,4.1,85836.2076767359,31.6,66.999,39.904,4.737,4.282,5.45326472474637,10.3,2730429,2685469,10.34784985,7.2,11.6,0.1,0.2,4.81020663835684,5.22833857546934,4.66336042663624,5.04188957622636,4.90172950834033,5.31465802585276,5.35717238008073,5.78233891121944,6.00596317518474,6.37157400280636,6.46815490239576,6.7883729106683,6.76907736113089,7.06111602066447,6.81101403342448,7.04351764746873,7.62693462049347,7.88374177649813,8.09717068731479,8.53832777445195,7.21505702967942,7.57112675833278,6.20931717128447,6.4431584582102,5.72357230861936,5.7226767518395,5.28840067917915,5.10000601816218,4.23511038388526,3.74444982911587,3.62910757922379,2.87237378488554,6.18865111477027,3.4923331781281
2012,Togo,TGO,57.608,58.252,14.9002,14.3844,45,54.5,762.392047587088,,314.275,293.348,1.65,2.378,0.311559252449324,36.144,1978346,1969527,4.64366484,24.1,31.3,1.1,2.6,16.2959963654404,16.4335792046424,13.528837740011,13.6761595862417,11.591751876364,11.7340543985003,10.1587239736647,10.2928793409941,9.00766244903019,9.14675828330073,7.86164108046263,7.97216155748278,6.84495548144503,6.91631412749963,5.78738391052297,5.8273551288092,4.71390125868368,4.69272548528748,3.81397221617498,3.74157916755521,3.05854176566973,2.94372662909059,2.45948321599794,2.30901564658591,1.90564489008648,1.7418342825691,1.35508195971433,1.21005434118374,0.871650519813743,0.753319796503632,0.483713801585009,0.402677134249219,0.261057495333267,0.205805889504293
2012,Turquie,TUR,72.477,78.813,22.0747,17.6343,12.3,13.6,11713.2849831139,40.2,136.498,59.447,10.791,8.548,4.57761375874189,17.2,25640873,25140859,4.44444656,12.6,24,,,8.08098191423006,8.46861916612254,7.94235709929533,8.32648085797316,8.50112771187538,8.89356695731765,8.31510569203068,8.67122668999271,8.17314092203149,8.47131089840521,8.28063063048637,8.52540398216544,8.56674722056492,8.71039132843933,7.64131145717476,7.68882525156067,6.31655424241813,6.48810722832963,6.36699116671956,6.3917455981927,5.16318756237563,5.17276329008356,4.64262560873116,4.52883095098239,3.64773799508329,3.33562486205866,2.68562677626096,2.32576536876089,2.14961135893231,1.71913956438388,1.65264259166208,1.29269680813962,1.87362005012788,0.989501197091938
2012,États-Unis,USA,76.4,81.2,24.6002,21.6947,5.5,6.5,51708.3940614082,41.2,131.345,77.717,7.888,8.219,16.1863895270629,12.6,107057123,103917869,16.11974716,11.3,17,,,6.27134247114897,6.58489267954582,6.39761613080394,6.74617124829864,6.3167923532354,6.69655993702316,6.49071697378087,6.95437790083743,6.98998587619039,7.50863255242873,6.79008323106569,7.25806914722676,6.64524947234856,7.02977268077864,6.15139060985178,6.45299330623089,6.55309032803521,6.81361573625333,6.87821651904411,7.04283763852304,7.19471425422573,7.22246085053087,6.66071942569568,6.44260621204522,5.72589755756301,5.42978343893062,4.54100237765361,4.20649990024982,3.34332051829998,2.85648907962382,2.59895184715595,2.08817509596609,4.45091005390112,2.66606259550715
2013,Afrique du Sud,ZAF,59.233,65.244,19.3368,15.6707,29.5,34.4,7331.65467384919,,420.19,303.13,26.459,22.9,8.64586417062513,21.894,17371104,18730031,8.10322285,21.8,27.6,11.3,18.1,9.81716578892151,10.8702189197675,9.16563925220378,10.1178419422053,8.3211482408322,9.18243167507416,9.20991936849173,10.0793483861122,9.79130256537502,10.7268684396604,9.87627490785276,10.8987420634618,8.04577192880763,8.77713677820771,6.75985372725549,6.54310349414949,5.99828382498863,5.31149907072537,5.30262570957202,4.3042999406074,4.73995117569447,3.89958452070088,3.66094053081888,2.98158128695432,2.85588094443453,2.26969384168057,2.02656906002337,1.49632881461871,1.7104386311469,1.07747870180724,1.29422923332217,0.687734997081122,1.42400511025892,0.77610712718597
2013,Allemagne,DEU,78.1,83,25.0274,21.3808,3,3.6,47220.0102098851,31.5,94.684,51.743,4.989,5.597,10.146596333427,8.5,26799563,26389818,10.99905777,9.4,16.2,0.1,0.1,4.02997301386242,4.41649637085856,4.12859181488019,4.53159607637047,4.47206021354889,4.9113103663238,4.77670538850163,5.24932341595301,5.58743603513791,6.08560898131112,5.92903952582961,6.43045468659597,5.96652998132855,6.3293603508335,5.62313051894693,5.93301216535132,6.83009968731347,7.24886451338809,8.30386075257019,8.88361484840233,7.96898278279948,8.4069561951078,6.87683002409928,7.05643300008698,6.28294874847078,6.21463219065218,4.97916884486185,4.81161656753627,6.13629828707235,5.57416234979272,5.11400338477169,4.17250318200237,6.99434099600478,3.7440547394335
2013,Brésil,BRA,71.246,78.062,22.6605,19.7111,12.7,16,12458.8912138813,52.7,193.843,92.895,8.983,5.69,2.63609675534352,14.785,68158591,69506148,7.9766016,13.6,19.9,0.56,0.5,7.09350573251178,7.55745233493233,7.43285338868316,7.90608126162619,8.03647489760226,8.52950271514761,8.30859390254471,8.76918236228175,8.27843100561927,8.6308300412343,8.62000939037624,8.87099243247886,8.44362943136736,8.56641454306241,7.59357242776039,7.61087941489497,6.82640051293908,6.77401471748647,6.42335731305968,6.30770072895176,5.86888853143886,5.68484358137569,4.92490136919969,4.66369450582454,3.94613097757504,3.61069400445374,2.85857832703893,2.54711544285563,2.14917326803038,1.83006049308758,1.57014156988518,1.14776923640719,1.625357954368,0.992772183898978
2013,Canada,CAN,79.74,83.85,26.2254,23.1346,4.4,5.1,52638.1187235237,33.8,81.208,50.975,6.682,7.554,16.397634935751,10.9,12072262,11958173,10.43964291,8.6,12.5,0.1,0.2,5.31111306842221,5.65798121654655,5.23213706463779,5.55557634613469,5.20801792067573,5.58661747431544,5.91239416538178,6.40605926478691,6.63518718361189,7.12704702970884,6.70229753535624,6.95911755437504,6.82903124286325,6.90855930970884,6.59459046553545,6.61867071010737,6.72896293245622,6.82080084682346,7.30051525933532,7.46747959037252,7.77949470309086,7.95157378319906,7.09814715398317,7.15624271625469,6.0417247138374,5.97630275824106,5.01727939091377,4.84414716899969,3.70015828925964,3.38532841333642,2.88548375465204,2.45765404202711,5.02346515598723,3.12084177506232
2013,Chine,CHN,73.881,79.223,22.7713,19.0798,9,10.3,7147.03518622344,39.7,122.974,64.887,3.991,5.089,7.9165358997682,13.03,504272441,481872619,4.71490669,12.8,23.3,,,6.15292049228609,6.850714440406,5.59702499585631,6.27147924389516,5.5308357836576,6.16097039128213,6.09122947873959,6.66337070606314,8.00410109723858,8.49007519630898,8.18563982302559,8.43160885621247,7.21366492382501,7.28512845538637,7.3106759930789,7.29842045988957,9.22036265912259,9.09640167290704,8.75191372163466,8.53184991576657,5.89974354045245,5.67208322823762,6.38693107401941,5.98484869216127,5.32485052622654,4.83608369373943,3.41639795222133,3.1353439873506,2.5679771253155,2.26073140899566,2.07083584494639,1.65061304741099,2.27489496835348,1.38027660398701
2013,Chili,CHL,77.302,81.763,24.7892,21.9906,6.5,7.7,15683.5486369155,46.8,109.713,62.713,7.053,5.404,4.8285164826653,13.622,6105228,6070852,7.47552681,9.9,14.4,0.33,0.4,6.67379328597326,7.01695370564,6.43586813099797,6.79474905374593,6.83731410585842,7.20561052535666,7.58328645803984,7.99187007905681,8.08977583205474,8.49405304706911,7.7647925435046,8.07225527774416,7.30780482916191,7.54686393989447,7.13818769036234,7.31064218292595,7.07660024715962,7.16876588825502,6.8427636750725,6.82173169680695,6.31499342396152,6.2087647150472,5.52925440107547,5.36660726544185,4.63640800390434,4.42445999614274,3.5332948432903,3.26177352985095,2.69843096273136,2.38125946019594,2.18677883893469,1.77769974076313,3.35065272791713,2.15593989606311
2013,Corée du Sud,KOR,78.1,84.6,26.6369,21.0597,2.8,3.2,27179.5170146052,,80.543,28.897,2.454,2.953,12.4705275604602,8.6,19024903,17910061,6.31104422,5.6,12.9,,,4.43825525029717,4.66214245805818,4.36827995017454,4.67232204627828,5.35927953854684,5.81400079844102,6.46512851227969,7.20648289423105,6.27513859485272,7.1724261399465,6.4122921162793,7.08971574762687,7.6513013736436,8.09826355122274,7.76674481102108,8.08928237726089,8.6315395586991,8.86183765278148,8.26804416388095,8.42332698101145,8.36323747555602,8.41245211443656,6.84758524198387,6.75141231634698,4.93956064436399,4.73109782788307,4.07121165326267,3.64669337301478,3.80417822357947,2.99084185689793,2.99075991355516,1.96465458393058,3.34746297802384,1.41304728063166
2013,Côte d'Ivoire,CIV,55.462,58.856,16.0702,14.4129,54.6,70.6,1786.15862031324,,387.018,346.136,5.122,3.558,0.409402344006993,40.451,6786800,6457224,3.71773791,21,28.6,1.2,3.1,16.6201923058346,16.5960162865021,13.9204675111609,13.9071752019077,11.421770248741,11.8294195747605,10.1029966635234,9.70571103700333,9.96705341561113,9.05162937007137,9.14116265631295,8.47277480178105,7.41376933406614,7.4666667534291,5.57436011509344,6.15350508987761,4.12617790039275,4.65343273814031,3.29187199515425,3.52616908247179,2.59107495632389,2.69549061188421,1.88892118988274,2.02618213750702,1.35004272189269,1.45212661643501,0.974130424543683,0.994086028371154,0.680218572252851,0.652743627495677,0.438132856005647,0.397328573763023,0.497657133207939,0.41954246859898
2013,Espagne,ESP,80.2,86.1,27.263,22.7772,2.6,3.1,29228.846559842,36.2,79.599,39.371,26.676,25.605,5.5917238526822,9.1,15788970,15471746,9.06588078,6.6,14.3,0.14,0.4,4.8081151488663,5.26527011575371,5.00190323259473,5.45983132964812,4.61084540090995,5.01651625981578,4.44833967032008,4.85096958523706,5.06366593520143,5.39417698167908,5.9688375895626,6.22355052317592,7.36801192994142,7.86089318951579,8.24725423728956,8.99273069918072,7.94382530532922,8.55018810981193,7.82593287077719,8.21690065648073,7.12658777518646,7.25360453557252,6.08639322467299,6.08910862916721,5.41515614748338,5.27218132752001,5.1066794338915,4.76468113726694,4.02461860778604,3.56258901782485,4.0631042589826,3.18850291143992,6.89072923120454,4.03830499090972
2013,France,FRA,79,85.6,27.378,22.7447,2.8,3.4,42669.1795111893,32.5,105.322,50.507,9.775,10.039,5.4697532037822,12.4,20759312,21232674,11.39591122,7.5,15.1,0.13,0.3,5.71126954308347,6.36904227121418,5.85165478547335,6.52733569753118,5.89481897114295,6.59831743442592,5.68564146661321,6.33769883228492,5.67772567354598,6.16050505733851,5.82376053655375,6.04679349179555,6.13859136738271,6.39897784502962,6.1564647673652,6.58514315222186,6.76888394349663,7.05638671354398,6.73211322508277,6.91077369419749,6.62241843243536,6.77653904711488,6.43710575657643,6.43972094830651,6.33996299950224,6.23793282812569,5.21193011353042,5.01170796984263,3.7919509740619,3.43097690333141,3.77063088388902,3.00118198133411,7.38507656026463,4.11096613236154
2013,Inde,IND,66.97,70.151,19.0031,17.1772,41.1,39.9,1432.84397512195,,211.869,143.043,7.765,7.693,1.60762730152084,20.061,435329609,405365662,3.74944186,19.3,25.1,,,9.70175117882624,9.94349570397642,9.83329399716937,10.111950665976,9.97825196364695,10.2840038275941,9.57333008130983,9.85497448488563,9.19667758130425,9.36215526632249,8.60102982727207,8.76179640265606,7.65040077472483,7.78632297088666,6.77370820340937,6.81095448380711,6.00410413190644,5.95491893197368,5.30782147931946,5.21905273799979,4.64302194960346,4.54403878961148,3.94216882486216,3.80685474112551,3.06751450615885,2.88546141290042,2.12936810337265,1.8732972724072,1.5696610764369,1.29544449163655,1.08339241013534,0.83004964931784,0.944503910541841,0.675228166923071
2013,Indonésie,IDN,67.16,70.971,18.4185,15.7601,21.5,26.5,3566.60284506078,38.9,207.908,160.188,4.266,4.379,1.85645776868745,19.643,85996573,84521817,2.86934805,22.9,28,0.3,0.3,9.37219240464409,9.78721996674348,8.88315657091086,9.27640628239454,8.49128237918355,8.87074384738381,8.53134951328546,8.90099668003674,8.20388684965007,8.5509402502878,8.18529689923435,8.47244140838113,8.17097105550217,8.35773325383785,7.61307074293541,7.68046498147363,7.04636856979063,7.03334954075921,6.25173201115377,6.17610864594587,5.23320060239606,5.10190526346992,4.11688252098698,3.91124740543117,3.01498725728587,2.73888661809222,2.49837665760866,2.03510329375989,2.0064959921814,1.5215533951932,1.35718376989676,0.952610723075658,1.02356620335393,0.632288443733883
2013,Iran,IRN,73.509,77.285,21.4493,19.7102,14.3,15.7,6222.74194840326,34,130.245,74.045,20.016,8.808,7.61662863422734,18.531,29230458,27959134,5.54722023,11.9,17.9,,,8.44976958829307,8.6026085345786,7.54163688175417,7.71018091279538,7.08628558341738,7.205193408692,7.87728914137066,7.95281532460524,10.3458576155288,10.3154140027707,11.4434594678793,11.4042344622335,9.85649776615535,9.9961343190462,7.59563628596078,7.77942436185896,6.56822820472181,6.71125558576019,5.49340526996182,5.45324084709539,4.77628922451789,4.74567951368133,3.83854696940378,3.78970890749192,3.1346063676068,3.15170202410157,2.13256485246503,2.05149405105167,1.62604914718272,1.47237611417009,1.20632748556482,0.982103224121342,1.02755014821581,0.676434405945967
2013,Japon,JPN,80.21,86.61,28.4061,23.1012,2,2.3,40898.6478964744,31.5,75.083,39.211,3.683,4.299,10.4100600258935,8.2,39665338,38710600,10.67438698,6.1,12.2,,,3.93085187283453,4.33255940151465,4.11163708679838,4.53295535982753,4.41614989559859,4.88481464603078,4.47337140957976,4.94235823422978,4.48656800875542,4.88923824230692,5.05699792004411,5.45530721523788,5.72156704403508,6.10073986169231,6.99882797564758,7.46259890989903,7.32070751202642,7.86895315449982,6.21219547886243,6.7691201140282,5.83907429306999,6.32270525622857,5.91219131026575,6.25839093911668,7.4022344796341,7.59716144137231,7.11636662509839,7.0420153238372,6.38734546696971,5.94191882153089,5.32199904942517,4.43054558253302,9.29191457135457,5.16861749611446
2013,Maroc,MAR,70.381,73.961,19.3895,17.1043,21.5,26.3,3379.7431640625,39.5,151.008,108.942,9.572,9.112,1.73073406194248,20.341,11222530,11074548,5.25540543,22.1,23.2,0.1,0.1,9.93978005117135,10.1925279049008,9.24165144192994,9.5641906069881,8.78855897963835,9.28833842986687,8.98009194704483,9.31065753619611,9.14864083899574,9.3830750074622,8.82878857210998,8.75240099921961,8.01878642291093,7.82323573086075,7.16175674253759,6.88533128329078,6.24331583276927,6.08621157726068,5.70764542500814,5.46262402471699,5.0033186951849,4.96437925818488,3.98100778874274,4.12844462219621,3.02331012584304,3.09258915254444,2.28166933739913,2.09079505218614,1.68873569620292,1.40001533539543,1.08003370201955,0.900247010243715,0.882908400491576,0.674936468486232
2013,Mexique,MEX,71.721,76.819,21.4819,19.861,13.2,16.3,11216.800851866,,188.799,99.111,4.96,4.897,4.17439314596324,19.557,37051911,39780850,5.5773263,13.7,17.2,0.29,0.3,9.21134472748552,9.99027324554945,9.15136931916189,9.91040475164335,9.208712075693,9.94652906329211,9.08035378479865,9.68584436185894,8.94574501039815,9.27901697855624,8.3186800551159,8.27482132623225,7.79192755629333,7.31014466905703,7.2785026507203,6.73253633016408,6.6555807362295,6.24216547448739,5.79460450402128,5.45770290972303,4.89487345731395,4.60798611923952,3.9046057797178,3.67248868728645,3.03721390391607,2.84509687193065,2.33325371516055,2.16008797939977,1.76166768482355,1.58579300386182,1.27437771147444,1.10843942714145,1.35718732767609,1.19066880057648
2013,Nigeria,NGA,51.466,52.178,15.0779,14.706,65.3,77.2,2872.79083379398,,378.192,362.22,3.374,4.014,0.644514548437467,40.441,47861101,47279223,3.4206934,16.8,19,1.1,1.8,17.5061562628537,17.6292250807816,14.5849316073546,14.7605946016859,12.0998223146689,12.320809404082,10.0467228919132,10.2637261867851,8.53785070131829,8.66988434062782,7.43787647116418,7.4677643517147,6.54675736046004,6.5607773665313,5.41341918041067,5.41464198924783,4.2493037225485,4.22946523089515,3.44283882840435,3.37647311413608,2.84822605237996,2.70910359849251,2.31861914068526,2.14323071387558,1.80403619501405,1.61951890409482,1.36617262937266,1.25644693786138,0.924033761337555,0.836962381633295,0.532308831543209,0.466465730550301,0.340924048570954,0.274910067004644
2013,Pérou,PER,72.401,76.922,22.4826,20.1448,13.7,16.7,6746.80025696601,43.9,170.922,114.541,3.955,3.259,1.68743164135633,18.82,9513606,9567533,4.72346115,9.1,8.8,0.29,0.4,9.29433872496644,9.65778521341653,9.48118674595594,9.78946364316368,9.01208600199281,9.13750695691632,9.00092514868078,8.86627035055469,8.93535304260332,8.74931690387078,8.37590062025279,8.30285837313792,7.52359718487985,7.52893690929189,6.8993696210748,7.03998618861077,6.15994383475535,6.35438103513541,5.27149570971843,5.40513352409083,4.59490288215894,4.58244898905132,3.96186517582044,3.87209954948404,3.35215040477097,3.20718460943695,2.62303158109611,2.5124938995779,2.00288594954049,1.93102164982284,1.53863396513206,1.44940990906718,1.9723334066005,1.61370229537093
2013,Royaume-Uni,GBR,79.2,82.9,25.0906,22.3642,3.6,4.4,43419.0352598932,32.7,85.055,53.751,7.116,8.22,7.33051341617425,12.1,20570281,21036594,9.97822475,9.5,13.6,,,6.0322174115708,6.59938587879028,5.66688222958738,6.19637934243207,5.32215448957276,5.82064159967787,5.78034259077339,6.35131170462648,6.45205543601194,6.90048138548374,6.66501269567523,6.89980414620793,6.72426232432289,6.92431798753544,6.22285108348894,6.49796017750584,7.06850473587771,7.04775158622285,7.12904755948096,6.90226568099962,6.64952478432475,6.58662142517979,6.00415355962866,5.90361530626743,5.56452508814949,5.49119244770674,5.44657201554719,5.32372719380878,4.10331063689973,3.83233687169443,3.44733673497363,3.05039672105802,5.72124662411457,3.67181054480268
2013,Russie,RUS,65.13,76.3,21.2693,15.8942,6.7,8.4,15941.4482421875,40.9,339.467,123.116,5.192,5.818,12.2679042667298,13.2,48877409,53268855,5.08104897,16.9,38.3,,,5.5551025845892,6.78797415160586,4.77830751653279,5.80633233586479,4.27290142990813,5.20498348722111,4.48327364391363,5.43944646616619,6.64466535470213,7.98466321210109,8.11184421976526,9.54761637900946,7.41728029201573,8.48350770272902,7.01405517910437,7.76806641082762,6.43765000019744,7.1520176748567,6.45063939090451,6.77491637619697,8.01224579253801,7.88065109677849,7.68273373258381,6.89466738784241,6.75690080223789,5.44519161863688,3.83382536673787,2.77110416859366,4.43548010714817,2.58189256921666,3.83353612668493,1.95561422240895,4.27955846043614,1.52135473994411
2013,Sénégal,SEN,63.613,67.664,17.5204,15.6731,33.4,43.3,1379.83196553924,,233.849,164.784,5.387,4.748,0.571817252162867,36.748,3623815,3744414,4.38573599,22.4,23.7,0.18,0.5,16.1021911021168,16.7976680474229,13.7936193704808,14.3363526316883,11.9679460757012,12.3744927525165,10.2993239972534,10.5005634798258,9.12402648134488,9.05681575637759,7.98203605352812,7.89410676241137,6.68151634847662,6.66680078482618,5.42161433666909,5.36824575870288,4.27849362698539,4.17853936660448,3.42409472573529,3.26428426314541,2.80463505408362,2.54777757521367,2.32830094653136,2.04556870052205,1.91549447621833,1.6911002787039,1.50976675836682,1.32593422047601,1.10431436558547,0.949005901761923,0.739776727307979,0.611351198116922,0.522849553614739,0.391392521684006
2013,Suède,SWE,80.2,83.8,25.5924,22.8032,2.2,2.6,60844.2767113975,28.8,67.302,43.703,7.888,8.201,4.57963169995685,11.8,3110851,3010167,10.90491486,8.3,11.3,,0.1,5.82476246703746,6.18151301554099,5.57031297910666,5.90824876023828,5.07365834543389,5.37858789808851,5.57834767903193,5.96606429538426,6.7929801876565,7.15594328879481,6.2958058450623,6.624017402069,6.05243655133633,6.35865463802924,6.25852192703911,6.50886647523556,6.57647984516832,6.77609762360302,6.93690837635657,7.21525144382269,6.10272358657363,6.28515093727134,5.95806780538356,6.04359702603317,6.02572351277497,6.00949640257733,6.28562994438075,6.2060212077278,4.64890024395137,4.42729845195486,3.56657523254376,3.03514336979292,6.45216547116291,3.92004776383622
2013,Suisse,CHE,80.7,85,26.5386,23.2959,3.5,4.1,87304.3305813557,32.5,66.885,38.848,4.918,4.6,5.51550150036851,10.2,2757584,2708323,10.61460495,7,11.3,0.1,0.2,4.83883571677831,5.25178925379215,4.68386559846525,5.05708020506384,4.8051603633031,5.19815105228217,5.25906945157037,5.67044749049039,5.98587344562847,6.34099382441253,6.49320155907851,6.8020671539773,6.83487574917894,7.13294241381666,6.76597436424034,7.00056728622731,7.41470721612275,7.67634356375364,8.05602855982552,8.45985918189168,7.37553733434303,7.72500205819551,6.29335945961192,6.55432047142561,5.67412611969329,5.65812334108816,5.33451543022279,5.13844461477211,4.35580562849711,3.88724942251663,3.61295761178984,2.89107028418613,6.21610639165047,3.55554838210819
2013,Togo,TGO,58.029,58.641,14.9713,14.4589,43.5,52.9,826.543259457126,,309.353,289.234,1.66,2.474,0.260972498305525,35.414,2030962,2019902,4.78670263,24,31.1,0.99,2.5,16.1545157935975,16.282613033744,13.6269317502615,13.7682960511927,11.6154859931673,11.7584985570102,10.0934183455328,10.2209062298891,8.96015789605544,9.09392887673996,7.8313574760418,7.94565500349148,6.82769942595016,6.90272773384496,5.81636021400433,5.86219563837414,4.76163207344843,4.74649613391515,3.84744992309202,3.77765502320034,3.08342209801438,2.97016653167009,2.46792426649722,2.31892551665276,1.92059330505528,1.75570373091491,1.37290444001439,1.22609650389428,0.874303430120561,0.759297587115222,0.484904314472823,0.404250654019417,0.260939254674015,0.206587194331293
2013,Turquie,TUR,73.118,79.365,22.4571,18.0081,11.5,12.9,12578.1878632,40.2,128.298,56.069,11.925,8.753,4.38412234635187,17,26092445,25583581,4.37099934,12.3,23.8,,,8.04642670565912,8.434778290189,7.79390752679453,8.17624974362838,8.2808322790148,8.67210161885939,8.31433135549268,8.67388535726662,8.12718894067297,8.42871201377699,8.18095734783521,8.43310415970145,8.48681431397315,8.65578830681313,7.82908575826596,7.87992212305112,6.40197337340689,6.55333486140692,6.27671550036245,6.33173244007402,5.35310410771463,5.34338086515567,4.62015754806295,4.52233534078498,3.81058953123139,3.4999739942162,2.75296870401689,2.37986195613235,2.15828920179667,1.72545700565412,1.64799281768037,1.27556477503144,1.91866498801931,1.0138171482582
2013,États-Unis,USA,76.4,81.2,24.6185,21.6821,5.4,6.4,53297.3862901595,40.9,131.259,78.083,7.067,7.629,16.4969524063684,12.4,107623664,104233252,15.98621559,11.2,16.9,,,6.1490286603199,6.44605032542639,6.43715942887899,6.7756941994456,6.32220697215446,6.68781872547939,6.39331790624302,6.83122743232544,6.96954412636205,7.47648480518549,6.80248503157749,7.26949820916159,6.70633934571802,7.09588925557029,6.18392404327359,6.48886086130579,6.45459946313036,6.71116583930938,6.67993348177599,6.8491702257391,7.13526336295705,7.18520854613027,6.74146944607325,6.54012103404596,5.78343021036236,5.48026629323608,4.72387085412262,4.38070659609734,3.48525993783321,2.98707667993775,2.61757064964095,2.11988215259215,4.41459707957671,2.67487881901198
2014,Afrique du Sud,ZAF,59.91,66.184,19.4186,15.7053,28.4,33.2,6856.73137092522,63,403.681,284.727,26.96,23.097,8.70671122380103,21.784,17750137,19033773,7.87136555,22,27.8,10.6,18.3,9.67422065106051,10.6696370648393,9.29674584709694,10.216660268537,8.20854672061121,9.03273480977846,8.97102833586795,9.79330712870646,9.59251300355602,10.4651367755011,9.81530121018141,10.7843497099793,8.30374718235601,9.16033854268642,6.83194347998422,6.75946130165365,5.99494306880699,5.41096947710974,5.30696805611938,4.35706680580786,4.77447569242341,3.88621764031102,3.79305026003628,3.08470175400235,2.92616917038266,2.30698036504928,2.08932204705118,1.5497809630708,1.67290864645352,1.07092716280676,1.29218866911921,0.682009757212827,1.45592795889308,0.769720472947663
2014,Allemagne,DEU,78.7,83.6,25.4114,21.737,3,3.6,48971.0824722599,30.8,91.119,49.597,4.629,5.28,9.62211712407002,8.8,26910231,26426620,11.02588272,9.1,15.6,0.1,0.1,4.07365234265708,4.45168007058666,4.12277751448994,4.51173418403544,4.40111890944097,4.81954767717144,4.77290862210214,5.24917134578334,5.45435844408521,5.96216757415759,6.03182950711419,6.57629298843147,6.01968994689895,6.41662291047459,5.68634659778512,5.99939253334996,6.42201793916756,6.78292131796543,8.13740631179208,8.67202162223602,8.14657732493959,8.5888014714053,7.01815309353303,7.22159198917476,6.37404351658404,6.26084765229594,5.00672181103711,4.82704426597932,5.8628683964197,5.33070207157198,5.40174363118491,4.42998179165492,7.06778609076837,3.89947853372584
2014,Brésil,BRA,71.462,78.273,22.7941,19.8197,12.4,15.6,12274.9939689363,52,190.816,91.345,8.326,5.616,2.72958719215547,14.784,68874617,70248867,8.39644146,13.1,19.4,0.58,0.5,7.01488687503926,7.48067370631035,7.27715220302006,7.74930246305106,7.81723514591652,8.30646647814635,8.24930792026831,8.71796160337287,8.14748962818715,8.50654627007826,8.47554845861883,8.73440491701061,8.45748939509051,8.59795703071018,7.6924914040675,7.71711039567788,6.88888727564942,6.83897775472853,6.39594220230497,6.28262464970127,5.95401615636281,5.76933881144987,5.04943426654957,4.78668122858126,4.07403297487811,3.73164119587857,2.99468243348153,2.65170222771211,2.20033945192263,1.88623499332003,1.60776136751083,1.19968150002114,1.703302841132,1.04269477424967
2014,Canada,CAN,79.76,83.91,26.2979,23.1641,4.4,5.1,50960.8431174661,33.2,81.436,51.4,6.502,7.485,16.3820544895977,10.9,12131400,12011894,10.28526115,8.5,12.4,0.1,0.2,5.27198935644678,5.61180230833675,5.30058995236816,5.60817568581568,5.1725317794298,5.52474922343743,5.75747006472816,6.24383887894931,6.54076390902689,7.10890716313111,6.65348193950182,6.97183101579801,6.84528104922788,6.94055210377345,6.62131496926181,6.62275586819066,6.64781360373856,6.70123462168485,7.04613668952264,7.16826552534611,7.78147240422517,7.94037968361537,7.19969958934077,7.25024360181891,6.16799287905576,6.07629853666347,5.2114723552258,5.02766431223805,3.81444474586479,3.51656782328674,2.90730778773653,2.49406960937004,5.06023692529868,3.19266403854404
2014,Chine,CHN,74.119,79.51,22.9326,19.1691,8.3,9.5,7781.06597484974,39.2,121.058,63.521,4.018,5.123,7.95775283192162,13.83,505393911,482416155,4.77790594,12.3,22.4,,,6.17267682142204,6.85481260207553,5.67545529341194,6.35767063167614,5.45783384326535,6.09215045188226,5.86785885033507,6.44864649324909,7.48464487402904,7.98912819209116,8.41841527492097,8.71631925595872,7.28180474962792,7.37106849618013,6.92384203771183,6.92484894961418,8.93567189639085,8.8287638626691,8.73894777817302,8.52428137505936,6.58253067917211,6.33559232382875,6.16242859196691,5.78577823538616,5.61565675392529,5.07440552801537,3.63950075778869,3.31044334066173,2.61164957588741,2.28673050357323,2.0675113717731,1.65805633406497,2.36357085019844,1.44130342401414
2014,Chili,CHL,77.414,81.983,24.9792,22.0772,6.4,7.5,14529.6767206336,,109.257,61.921,7.065,6.079,4.40520269735076,13.473,6168112,6130664,7.84150171,9.6,14.1,0.34,0.4,6.60355883110253,6.94087619147948,6.42458265435129,6.77647675588715,6.65041750156585,7.00854028450207,7.38426381715463,7.78041966368965,8.0088289196902,8.40308801272967,7.83995394653022,8.159488273977,7.33042785446426,7.57208696344102,7.10629695890291,7.28566256168918,7.02838293428939,7.13174700877326,6.84181693367106,6.8362343244007,6.36633089538316,6.26003720624729,5.62848085025628,5.46551309067225,4.74204733466323,4.52682574031237,3.68332537413433,3.40141498088872,2.74966010062447,2.43648697303014,2.19305816778645,1.79617666360873,3.41856692542973,2.21892530467131
2014,Corée du Sud,KOR,78.6,85,27.0672,21.4009,2.7,3.2,29252.9312377352,31.2,74.701,26.556,2.961,3.168,12.2869803113541,8.6,19118024,18066632,6.50225973,5.3,12.4,,,4.39106337841843,4.6032944816159,4.31257225465733,4.59351785365928,5.03703314855032,5.45636773972487,6.25255110081791,6.90250199236424,6.37955293888406,7.28877225405185,6.15481727431951,6.86377521271642,7.56531335477797,8.07600428093924,7.52294955968238,7.88932164584583,8.55587276939863,8.8410111539933,8.3670793692437,8.49312925778394,8.40762038091557,8.48259513299431,7.26476900319377,7.16862145118882,5.13828518584909,4.91685291743019,4.16784404678934,3.7812648209912,3.8392654453434,3.0516163260833,3.08489179989436,2.05803822683174,3.5585189892642,1.53331525178555
2014,Côte d'Ivoire,CIV,56.268,59.462,16.1936,14.5595,52.8,68.4,1991.36539423404,,371.161,336.396,3.994,2.734,0.426425227791211,39.841,6982876,6610131,3.7310183,20.8,27.8,0.99,2.9,16.5821777019466,16.4459506425487,14.0450538243664,14.0103512952439,11.264765390791,11.6963919761506,9.79216050396604,9.62109828925772,9.72027913922978,8.80654934268439,9.19203986379596,8.397966656345,7.62784278438923,7.55146956131137,5.71071403722321,6.28454054110625,4.17155730479419,4.78268420660585,3.28961840726943,3.59796646605946,2.62830061945798,2.7481671241382,1.95075927183158,2.07749782767258,1.39518417936862,1.49623894693765,0.999255461980763,1.01499890050639,0.693047310770807,0.656219488655989,0.440214083846009,0.394668056596785,0.497030114972415,0.417240678179232
2014,Espagne,ESP,80.4,86.2,27.3371,22.9114,2.6,3,29707.765509467,36.1,77.539,38.519,25.431,23.604,5.55341001615278,9.2,15632814,15353286,9.08675957,6.5,14,0.14,0.4,4.6484702368087,5.09512845487984,5.04497856926044,5.52725804947913,4.69371834593801,5.11299652356996,4.43661147806215,4.84818453230558,4.93355610234045,5.27905614881981,5.75008052450856,5.98662645453173,7.00705165227518,7.42228796926032,8.16761904087001,8.85574204748731,7.98108817167943,8.61235696446977,7.83175085168693,8.24262873184142,7.28874823322732,7.44441013309821,6.30969633191249,6.32142678440444,5.41793907201009,5.2966352519049,5.21073715231255,4.86772773243541,4.28863029371662,3.81366593955244,3.85604200401332,3.04649050294985,7.13328193937774,4.22737777900993
2014,France,FRA,79.5,86.1,27.7263,23.1094,2.8,3.4,43148.0459288416,32.3,100.472,49.309,10.005,10.518,4.94763494553714,12.4,20733674,21219357,11.52531433,7.4,14.7,0.13,0.3,5.64143452847705,6.28122404165448,5.86486927940292,6.54520721645637,5.86779111153792,6.55511207269006,5.7605299046747,6.44524558759805,5.54808274095185,6.02888725381165,5.83351127790494,6.05454570008083,6.09228821066056,6.29974716038706,6.05817919182932,6.46269601279494,6.72219626120262,7.0508130139052,6.6585242946671,6.83629186573619,6.63713048993716,6.78916837486195,6.43589417135994,6.44219830789618,6.28972165233593,6.1668273418983,5.56474167924765,5.35192026030441,3.81628886053596,3.47852006219452,3.71433190277935,3.00153538839918,7.49448444249503,4.21006033933064
2014,Inde,IND,67.416,70.567,19.1083,17.31,39,38,1553.88396075118,,208.354,142.189,7.733,7.655,1.70912130103464,19.089,443434941,412907483,3.61956549,19.1,24.9,,,9.48631613152648,9.71762115609757,9.6452634321976,9.918132279969,9.8890431617795,10.1897414570809,9.50984300737337,9.80791912189156,9.14581522184325,9.32792565737952,8.62796835831015,8.78244690715861,7.74223163164065,7.88473015406888,6.8182574818292,6.86785648187553,6.06618860809296,6.02085352605926,5.34728319255726,5.25165380885682,4.69390967577276,4.58583394355351,3.99454366634757,3.85509088755739,3.18018416212809,2.99341279192027,2.19168361649527,1.94401869791195,1.58257162891561,1.3127217870284,1.1021809718952,0.84428919793737,0.976716051295075,0.69575214365347
2014,Indonésie,IDN,67.353,71.238,18.5269,15.8119,20.7,25.5,3441.06808464008,38.8,206.17,157.649,3.884,4.151,1.95132793342072,19.091,87256870,85692432,2.96433568,22.6,27.8,0.28,0.4,9.28981350794479,9.69975473804596,8.88260408110358,9.27060293870996,8.38995826046426,8.7643699425414,8.46674313280828,8.83013939625845,8.12502472216689,8.46775602774925,8.04425092952922,8.33537348837566,8.13141498877605,8.3373026139182,7.62464360157491,7.70817543832976,7.06183717840504,7.0569923247066,6.33281164330403,6.26093638169622,5.34288223702593,5.21156514492576,4.25131549868533,4.04360055974864,3.1275455731039,2.85178895286585,2.47609074200317,2.0336470794364,2.0085585488377,1.5146419417448,1.38139037866294,0.964458951478778,1.06311497560396,0.648894079468337
2014,Iran,IRN,73.802,77.565,21.5985,19.8591,13.7,15.1,5672.06372896319,34.8,127.508,71.795,19.907,8.971,7.80814640908704,18.828,29489651,28227605,6.35239553,12.1,18.1,,,8.5706795263828,8.73285110024908,7.65466851084076,7.8116943127637,6.96155157786414,7.08469919798293,7.43920356365251,7.50502316768655,9.67876816551548,9.6971676300272,11.228613190398,11.2024510487573,10.2097417475126,10.3262917918718,7.85290141772604,7.99104656495823,6.62591407802634,6.78759490244943,5.61266610396107,5.57417922592983,4.82098580459532,4.78731939066209,3.93826512383075,3.8737015068805,3.23693697536737,3.23850674633192,2.23116318449356,2.16835551428682,1.64234570626195,1.5009783966119,1.22554706096985,1.00991943530819,1.07004826260153,0.708220067242592
2014,Japon,JPN,80.5,86.83,28.6052,23.3106,2,2.2,38475.3952461838,31.3,72.613,38.752,3.367,3.754,10.0274639366416,8,39192500,38195235,10.7290144,6,11.9,,,3.88064726074657,4.27890686424621,4.08394807992145,4.50436440631623,4.37847393054776,4.84395655919784,4.48870698982037,4.96562910314941,4.45483899110295,4.86228944811088,4.91887668010114,5.32384943549074,5.58090027457421,5.95476737801116,6.69625347989525,7.13302319962216,7.5053110011625,8.04483627467192,6.37252552332337,6.93639259475182,5.88168541805248,6.38085398363116,5.84945915076087,6.21733202888734,6.9524502718784,7.18279249545716,7.50921970285152,7.42067631308665,6.48577814095673,6.03883049825923,5.34978438235931,4.50019182250445,9.6111407219451,5.41130759460566
2014,Maroc,MAR,70.796,74.356,19.5781,17.2344,20.4,25,3435.40698242188,,145.763,104.932,10.287,9.497,1.73798808236744,19.787,11385197,11217238,5.41626596,22,23.2,0.1,0.1,9.79246265964743,10.0414227184988,9.29048855331488,9.60614458200484,8.68971255774489,9.14070172485908,8.77896923969224,9.11883041817851,8.99015805677862,9.22273724229579,8.73157051804231,8.71244153846105,8.05816897092846,7.88320449747115,7.21175058954261,6.95320291154777,6.31278196437653,6.15509878424233,5.70418874776051,5.47861883379526,5.09405921572956,4.99390487700571,4.11347125396099,4.23460383932599,3.15925719827908,3.25375762528106,2.33168153378654,2.18464351349947,1.72546798423357,1.42708754230373,1.10411243918027,0.902437072308337,0.911698517001512,0.691162278921165
2014,Mexique,MEX,71.877,76.886,21.4932,19.868,12.8,15.8,11391.3773510244,48.9,186.874,98.728,4.857,4.796,4.0140164992127,18.959,37622093,40406577,5.35336781,14,17.7,0.29,0.4,9.09083376326008,9.86990267422105,9.02022054261517,9.77830237364477,9.1195029771396,9.86424483004335,8.94007021881812,9.57107666962002,8.90169508184868,9.25413307996817,8.30159973854603,8.33579237645984,7.77755002944195,7.33629491307138,7.26421916305453,6.69289448390803,6.71380173700057,6.26405691471455,5.8708585054123,5.51567128354561,4.99760597832667,4.68687107305363,4.01904406338205,3.76617471581859,3.1211470876004,2.91432928600101,2.39271515381344,2.20751175135604,1.79218511955987,1.61003246159239,1.30084896284493,1.12713627331972,1.37610187733561,1.20557483966185
2014,Nigeria,NGA,51.565,52.306,15.0952,14.7133,64.8,76.4,3088.72131316169,,378.732,361.45,3.578,4.192,0.663324079369472,39.892,49229956,48562690,3.34840417,16.5,18.8,1,1.8,17.353674408025,17.4542512671367,14.6099233639331,14.7786140390143,12.2047977726589,12.4200748986266,10.0752356907862,10.2849130591913,8.52861310658617,8.67098733045526,7.3733147667337,7.40594397973621,6.51734749372574,6.53151612750617,5.46982842854474,5.47522854658977,4.29743788507868,4.27692350884031,3.44840957376241,3.39452464127083,2.84499653211924,2.71477523356022,2.31659674178838,2.14776447352716,1.80931812462055,1.62924779155524,1.35108196030023,1.2296246189045,0.924408227062527,0.839662167455336,0.533328606471912,0.468884039872342,0.341687317802422,0.277064276757793
2014,Pérou,PER,73.07,77.576,22.9663,20.6243,13.4,16.4,6667.13410360861,43.1,165.323,109.357,3.404,3.046,1.76795416469733,18.366,9623551,9690621,4.93103409,9.1,8.9,0.3,0.4,9.09454478163538,9.46149043846986,9.38081596034728,9.70622304953529,8.93945250570793,9.10923877334853,8.84324889950763,8.73880442378557,8.84208570743817,8.62987800000985,8.39435949276077,8.29471439843695,7.5653515106783,7.54425029914093,6.91494487728887,7.03042061256982,6.23674093598321,6.4319191718624,5.35626087634294,5.50824545645824,4.6469390617262,4.6566669998218,4.01501094394727,3.93467967932465,3.41328273878643,3.26774613365927,2.70866340151031,2.58402729192654,2.03801855168735,1.95723871798533,1.56558361886219,1.47313347840443,2.04469613578978,1.67132307526054
2014,Royaume-Uni,GBR,79.5,83.2,25.3323,22.5862,3.5,4.3,47426.6209829995,33.1,83.741,53.443,6.024,6.661,6.66196533580935,12,20638175,21094187,9.90305996,9.2,13.4,,,6.00031570729959,6.56045720220529,5.7802681728731,6.30938011245168,5.2832324437687,5.76741343085598,5.69540955692392,6.25536436730405,6.44349379621555,6.93302330785539,6.59199561848443,6.82017454571176,6.74243944113612,6.93673773595271,6.21256199193926,6.43232909839235,6.84097366911956,6.9295605987312,7.14663697295187,6.91484447826429,6.71677783296485,6.59177418895046,6.07130375553404,5.98234996904171,5.5396747277818,5.38871954145362,5.5154050124919,5.43657289149018,4.21490705185678,3.89145733140005,3.48208073930821,3.11199065216421,5.72252350935035,3.7378505477751
2014,Russie,RUS,65.29,76.47,21.4163,16.0546,6.4,7.9,14055.47265625,36.9,339.604,122.93,4.873,5.532,12.1337887932022,13.3,48593818,52893337,5.18209648,17.9,40.2,,,5.67996041020406,6.94245596819609,4.90899053177141,5.96063548411842,4.36985663822737,5.31717425989844,4.33668209605672,5.26340249244358,6.08385235911524,7.32946396059953,8.04330702679332,9.49128717443148,7.56182541027824,8.66943014276273,7.09132266903492,7.86929873937386,6.58420460070945,7.25976552475171,6.18879469137365,6.54765697268909,7.77264823685558,7.70043808945934,7.78349014946876,7.00698744889946,6.90117927485423,5.55509166357829,4.57406860521299,3.30087069633337,3.67172067236114,2.14267920209736,4.22248996171418,2.13189641211503,4.22560666596874,1.5114657682522
2014,Sénégal,SEN,64.041,67.976,17.561,15.7485,32.9,42.6,1398.89137601382,,229.715,162.916,6.326,5.548,0.592286573400898,35.48,3760049,3865729,4.38962269,22.8,23.9,0.17,0.4,15.9427895687267,16.6442096038566,13.7746102742056,14.3198468454803,12.0464289331169,12.4125597036008,10.3662518473123,10.5518917781467,9.08349453806443,9.0160117249706,7.95125988121603,7.80017319560362,6.69896884100865,6.66246140665309,5.46402576873491,5.41602347377937,4.33430357620793,4.23444520862153,3.45806580925244,3.33016295228834,2.8144808309177,2.59823203131086,2.33124315538212,2.06102200730668,1.90970512888273,1.68234995472877,1.49088366044516,1.31907338223657,1.08415298669724,0.952795755331341,0.727706787953712,0.6126478764241,0.521628411875525,0.386093099660689
2014,Suède,SWE,80.4,84.2,25.8523,23.0179,2.2,2.6,59583.7140001673,28.4,66.376,42.586,7.695,8.189,4.41171768884635,11.9,3122647,3016660,10.9479475,8,11,,0.1,5.82625359310125,6.17006685512307,5.65703011508227,5.99257729642924,5.189025458217,5.48944761446208,5.32678418726368,5.71753196912861,6.74737536188583,7.10842946877942,6.48060498037317,6.79282365313422,6.07920792079208,6.39335084657244,6.13316368057201,6.37980659594682,6.56344978930776,6.7540181362884,6.84720948681757,7.09521556573003,6.21249523495534,6.39663367561127,5.9164236923172,5.99871969667485,5.85544142343475,5.83805721764547,6.25794088253779,6.14343258178916,4.8898630757977,4.6812419458422,3.64163773297205,3.13751739873582,6.37609338457259,3.91112948210688
2014,Suisse,CHE,81.1,85.4,26.866,23.5723,3.5,4.1,88724.9910735609,32.5,63.344,36.652,4.986,4.688,4.9959034756527,10.4,2786315,2733410,10.69967365,6.6,11.1,0.1,0.2,4.86922251127742,5.26794101966929,4.70984642621374,5.09256692180978,4.72983936590508,5.10112506911043,5.17599823443992,5.57286052183457,5.91784978348226,6.26221743448973,6.54140977268414,6.8269316621441,6.88668639238993,7.19654976994885,6.75867604242173,6.99546418193065,7.21106459506329,7.48090748963853,7.94273857879174,8.30413210321595,7.54115334150114,7.8969100148477,6.39840471794743,6.6767503788493,5.63989238582897,5.61934373459024,5.34072267233166,5.13262843673522,4.48071236679221,4.03406117926824,3.60901536703705,2.91674750390458,6.2467674458923,3.62286257801282
2014,Togo,TGO,58.47,59.044,15.0505,14.5417,42.2,51.2,855.585284856656,,303.99,284.86,1.672,2.572,0.231998875870698,34.996,2085547,2072164,4.90473413,23.8,30.7,0.96,2.4,15.9607299454708,16.080724225311,13.7567235105566,13.8911050246486,11.6259436276386,11.7697284288474,10.0538820679264,10.1755913169689,8.91413105968515,9.0423318908924,7.80544830251078,7.9216511935853,6.80569239101744,6.88647383817832,5.83881726900675,5.88760539020537,4.80988620212515,4.80252663042268,3.88338369504887,3.81650369231709,3.11270578688469,3.00110060541968,2.47949884789688,2.33192023832089,1.93918785926861,1.77276039602587,1.38604141341477,1.23802436325021,0.880370047842959,0.767795999964251,0.486270491418101,0.406467680870581,0.261287482287472,0.207689084771428
2014,Turquie,TUR,73.443,79.582,22.5647,18.1386,10.8,12.3,12165.220135038,41.2,123.751,54.701,11.904,9.042,4.60410113855215,17.5,26577445,26059835,4.32517862,12.2,23.8,,,8.02844906716985,8.41576056213277,7.66545980359817,8.04490144981028,8.00447859934134,8.3893828095339,8.31059743326328,8.66563421000139,8.14314339956515,8.43904572419391,8.15663851338176,8.40879584377301,8.38749722294536,8.57669028379234,7.98168391033041,8.049831703651,6.55331824764135,6.6746423128314,6.11930808847547,6.21234219913014,5.54768554750282,5.52012714789837,4.5682386623857,4.48602493479075,3.94716659085785,3.64694122540628,2.82785471162007,2.43948269956931,2.1633597791047,1.73770234248015,1.64469868508993,1.25425632149467,1.95042173772682,1.03843822951032
2014,États-Unis,USA,76.5,81.3,24.7424,21.7661,5.3,6.3,55153.3940182967,41.7,131.878,79.372,6.057,6.259,16.4258340507269,12.5,108269247,104626789,16.19414139,11.1,16.8,,,6.05225157763674,6.33458329013933,6.44344834217444,6.77194708223807,6.32805241597645,6.68099700633689,6.33350396505276,6.75015180931252,6.89830695106229,7.39009881113982,6.8424779311056,7.30778346691322,6.73895862717466,7.13334680620541,6.25125311010503,6.55979802002553,6.33713058258314,6.59026819910466,6.51174256201464,6.68824293717594,7.05520457288917,7.11778444917923,6.79314496078736,6.61275385500008,5.87820586008269,5.57624302580702,4.892621638421,4.53027852363672,3.6088039917179,3.12314360106384,2.64762048096251,2.14444724652851,4.38727243025362,2.68813187019323
2015,Afrique du Sud,ZAF,60.802,67.027,19.7248,16.0943,27.3,31.9,6112.27382485974,,391.264,274.858,27.468,23.151,8.11041631624629,21.007,18246308,19373806,8.05304241,22.2,27.9,10.1,18.5,9.61594837862936,10.5450158850919,9.29596087971454,10.148094731604,8.16016933188472,8.92661669101227,8.686163041163,9.48445565449227,9.43683443585865,10.3051130558452,9.72909046127569,10.695114302155,8.62418682874553,9.55588507955768,6.91813602914586,7.02245439045589,6.00844539144169,5.50846769607521,5.31966115057767,4.41815912960427,4.76579895459264,3.82139977480697,3.90723479581975,3.15677810720088,2.96613045462644,2.311835645775,2.16340774183889,1.60391824396658,1.62822044623798,1.05218187579322,1.29170401632471,0.684322516204661,1.48290766212289,0.760187220359014
2015,Allemagne,DEU,78.3,83.1,25.0973,21.4559,3,3.5,41911.0109851054,31.7,92.451,50.173,4.205,4.962,9.61463807085839,9,27193557,26504391,11.19027996,9.2,15.9,0.1,0.1,4.16640477346711,4.53216532402591,4.14520537127826,4.51495076450342,4.34234301527747,4.73668815190553,4.7915555882578,5.32946179416006,5.32017054013257,5.90775466280044,6.1455843210901,6.76981054851279,6.04523208588429,6.49011170207144,5.80574122761959,6.1185903208831,6.08823076015981,6.39709862769393,7.88882424024348,8.34677558181932,8.23407576071271,8.65195469900176,7.18079300089079,7.37026082000657,6.40090094699901,6.24801385936638,5.23504540241294,5.0099281352162,5.39156585563097,4.88068651910889,5.59549762609286,4.59501641100715,7.22282948385023,4.10073207791713
2015,Brésil,BRA,71.818,78.472,22.8928,19.9763,12.1,15.2,8936.19661712113,51.9,185.465,89.318,10.313,7.233,2.56644717813364,14.684,69527590,70921246,8.90929985,13.1,19.3,0.59,0.5,6.95249396823548,7.42063507026013,7.12637372247142,7.59673104805316,7.61976384931175,8.10607482799026,8.15763076586851,8.63221992115704,8.04671281965602,8.41178502470695,8.31817203807984,8.58472347623589,8.43620344955361,8.59333399864472,7.79541413349258,7.82881399814084,6.95647876260106,6.91019024801151,6.37846024303416,6.2676856176466,6.01752289813154,5.83277189631122,5.17094118878925,4.90709605301836,4.19310860082453,3.84699162932206,3.14708587643757,2.77066678886412,2.25726454436107,1.94222156709731,1.64802935339801,1.25436232788099,1.77834378575359,1.09369650665884
2015,Canada,CAN,79.86,83.89,26.2991,23.3036,4.3,5,43594.1941045394,33.7,81.203,50.736,6.305,7.51,16.1640586572594,10.7,12156512,12035828,10.76850224,8.6,12.2,0.1,0.2,5.23797428943638,5.57303464767703,5.35930679968828,5.65649850774994,5.16188698178194,5.48427300766263,5.64140171353549,6.11307183472855,6.41362402265631,7.03328219527443,6.62144960266237,7.00707920750033,6.82891655353987,6.95366973712724,6.65041028413717,6.63585059262676,6.57066771805692,6.58459667398648,6.85303298309337,6.93662434039486,7.70832759181892,7.85122858460054,7.2784471314594,7.32099649502803,6.31921352521757,6.20637162592034,5.38554465847155,5.18730020677319,3.93249253561746,3.65292017975115,2.94293269852667,2.54126935536193,5.09437091030032,3.26193280783654
2015,Chine,CHN,74.365,79.785,23.085,19.2658,7.7,8.7,8175.33285077393,38.6,119.046,62.188,4.036,5.145,7.81014936297885,11.99,506061884,482310233,4.93827963,12.1,22,,,6.16202157916578,6.82319306194308,5.75010569449938,6.43761094745314,5.39003242866281,6.02717071090885,5.70072141471314,6.29189204643546,6.88281650106156,7.3976395465259,8.61983630811717,8.97662753781766,7.37926055954002,7.49246845325365,6.72735053569939,6.74155876483846,8.51698946057459,8.42942727531201,8.82210296535292,8.61277149158264,7.29453923261256,7.02612836432839,5.77980023609089,5.43410340209481,5.84716506165961,5.28104177250126,3.92816326769102,3.53054058596884,2.67775049640351,2.33182917354941,2.06929596367011,1.66780149834013,2.45204829448556,1.4981953671463
2015,Chili,CHL,77.689,82.297,25.2552,22.2943,6.3,7.4,13433.9202987032,45.3,107.535,60.75,7.014,5.828,4.67367312873577,13.147,6229600,6189168,8.3513937,9.5,13.7,0.35,0.4,6.51672958493018,6.84836959760886,6.43311294073123,6.77595801910886,6.47871901285398,6.8310019590117,7.17631443077212,7.55959612163586,7.90633127922276,8.28600679666216,7.91301179160042,8.24810769049954,7.37585339825042,7.61916857025566,7.08516291823962,7.2725900451904,6.97774557070179,7.09089825449105,6.8309947773496,6.8426100920574,6.4063357714815,6.30414088396713,5.71910837648612,5.55583406162671,4.83820675425156,4.62030431801383,3.83943708194778,3.55271813570264,2.81466191674152,2.49743078149361,2.2024469746732,1.81506305655957,3.48582741976619,2.28020161611503
2015,Corée du Sud,KOR,79,85.2,27.0896,21.5603,2.6,3.1,28737.4391706499,,70.854,25.723,3.483,3.592,12.5980842438198,8.6,19188436,18196072,6.72447348,5.1,11.8,,,4.33084637131959,4.54043373742507,4.29961699787895,4.56406067207584,4.70595308332254,5.08392556573323,6.04338853953431,6.60663517281902,6.43057058302833,7.35077413985671,6.04470509702576,6.7673241331387,7.28151344679474,7.85234115925205,7.45618264450547,7.86231897444794,8.37371301093353,8.70418540219441,8.48699796159903,8.61289543079598,8.30883368749845,8.42662267982808,7.65672446006383,7.55029916535693,5.49166239293869,5.24395181458123,4.31102125895958,3.94358874839471,3.82889751200153,3.08274023100245,3.15986589612302,2.14059324171533,3.78950705647264,1.66730973138232
2015,Côte d'Ivoire,CIV,56.731,60.022,16.3064,14.6236,51.2,66.3,1814.71855088017,41.5,365.066,327.799,3.161,2.139,0.44620325590139,38.768,7168277,6781976,3.2198832,20.7,27,1,2.7,16.6702334256456,16.4227205684527,14.2008350776251,14.1782421667144,11.3096389788451,11.6631003024652,9.64736642894788,9.72653966885584,9.39525845810475,8.59697955925932,9.04884717138098,8.2236151422383,7.72089720112026,7.50305031436719,5.84608490384735,6.3286971177137,4.25258239864704,4.88461364786286,3.28746872164101,3.64550019776287,2.63904333986751,2.77124834469761,1.98334193264265,2.09465138688706,1.40667925292849,1.50907123639448,0.996766627122873,1.02252869393253,0.69059538490704,0.654848248185786,0.436211365811361,0.388785177621982,0.468149330915103,0.385808226588237
2015,Espagne,ESP,80.1,85.7,27.0669,22.6663,2.5,3,25982.4416197775,36.2,77.049,38.837,23.557,20.782,5.92556987101652,9,15554251,15298687,9.12383366,6.6,14,0.14,0.4,4.52675641890136,4.96481444749579,5.03781834639084,5.53195051306571,4.76211810414013,5.19126590266952,4.47396446089598,4.89447511018386,4.82475002075567,5.18405724660758,5.57487548286459,5.81042048332331,6.66522094155811,7.02541302574776,8.03976085757697,8.66146027484367,8.03914282802224,8.688945859925,7.81989209752397,8.25554526901103,7.43194461037729,7.62914939425095,6.53608651367545,6.53830544492226,5.49728218866666,5.38139339035214,5.23045372903424,4.89064993138613,4.46603554247892,3.98493767308499,3.76380842551887,2.99499097405763,7.31008943161868,4.37222505907268
2015,France,FRA,79.2,85.6,27.4333,22.907,2.9,3.5,36702.4323733379,32.7,101.59,49.377,9.877,10.792,5.00350933229341,12,20673642,21187492,11.43985462,7.4,14.5,0.13,0.3,5.5454009840975,6.17213496449917,5.87682400759099,6.56555268949134,5.8537853649545,6.54050502165315,5.80137528875728,6.51105515218575,5.44893301129582,5.9206428831384,5.80389616640778,6.02372060935574,6.03576616434436,6.19692002811871,6.07621214625717,6.44537067516515,6.60211140294155,6.95318516396936,6.6006442491639,6.79043898464986,6.63766338969985,6.78351419098078,6.44033195287048,6.45771307344227,6.24791092898968,6.10959378039892,5.91000586189874,5.67742522197656,3.88769631857088,3.55519957387452,3.6480726442611,2.9912657677719,7.58337011789842,4.30576221932841
2015,Inde,IND,67.827,70.94,19.1913,17.4265,37,36.2,1583.99815907985,,205.008,141.371,7.695,7.61,1.70187477972263,18.936,451259170,420161099,3.59565973,19.7,25.4,,,9.25981371036155,9.47814079211845,9.48076619289716,9.74930004114906,9.76867718420922,10.0630825655032,9.45933094619837,9.76702023988062,9.09514173298086,9.3025245573944,8.63762527058657,8.78562152212268,7.8256725149608,7.97061688893259,6.88234985785462,6.94505693585814,6.13041206865311,6.09157226679522,5.39106236690411,5.2908284058891,4.74183948180319,4.62482958396063,4.04293743164847,3.89942995327079,3.26725032314855,3.07508609262899,2.28480784021385,2.04521220184412,1.60421797372725,1.33647055024121,1.11723370569192,0.85766659429075,1.01086139816039,0.71754080812008
2015,Indonésie,IDN,67.584,71.46,18.6069,15.8909,19.9,24.6,3288.22269725538,38.2,203.819,155.628,4.43,4.566,1.95725313176892,18.569,88461180,86819936,2.92428517,22.4,27.8,0.27,0.4,9.16634599928922,9.56918016320356,8.87027369584295,9.25354036376825,8.34775229988241,8.71880509764479,8.3705023243786,8.72843261356661,8.07578013203519,8.41381742240873,7.92252371701567,8.21613113617272,8.06009228619586,8.28281241475459,7.64075192238858,7.74179034993889,7.0696794873084,7.07388300114037,6.40403326618494,6.33745996376422,5.44915202967905,5.31741128821774,4.38274846914364,4.17342493090547,3.26291689055306,2.9787008841476,2.46202699310363,2.04633814696456,2.0096012318294,1.50848077205659,1.40240776004871,0.973605976716869,1.10341149512071,0.666185474628399
2015,Iran,IRN,74.072,77.84,21.7471,19.9944,13.2,14.6,4952.73355532178,35.3,124.94,69.55,19.624,9.453,7.61735124509918,18.879,29709229,28456742,7.53311825,12.2,18.2,,,8.69562308826746,8.88032849738829,7.75160912550904,7.8988247612197,6.91556714313365,7.03148222667598,7.10092486439228,7.16150096481028,8.97555117623043,9.02187912579438,10.8846602918037,10.8998115975052,10.4992472608092,10.5729171799636,8.17194559167013,8.28247621696055,6.68508975069814,6.84664545124992,5.75555367783207,5.73797982702877,4.83767890962951,4.78766752676932,4.04344507425528,3.96745945641719,3.29203888605708,3.27429097338677,2.36940603895128,2.32327811554284,1.67088549662754,1.53942067212445,1.23960483185813,1.03396481277361,1.11116879227516,0.740072594389151
2015,Japon,JPN,80.75,86.99,28.7428,23.4883,1.9,2.1,34960.6393843385,30.7,70.19,37.142,3.09,3.605,9.71691822464823,8,38804141,37776215,10.74969959,5.8,11.6,,,3.82889444106069,4.22237310105795,4.06784030660705,4.49057823670751,4.32384204352898,4.7839753043991,4.50135081164302,4.98527524699644,4.45305773077829,4.86838085622796,4.7852687923342,5.18625286533008,5.46523537090973,5.8354886859441,6.41686801013843,6.83498970226225,7.57203312571868,8.10141781039131,6.52698776030499,7.08921673580241,5.98637880015353,6.49863830457502,5.81147101976784,6.1983044329039,6.59638687689276,6.84983671342169,7.94578084713625,7.84713209936674,6.28458108272657,5.87573500984391,5.4762348212292,4.65458421705242,9.95778815906983,5.67782067771723
2015,Maroc,MAR,71.172,74.722,19.752,17.3543,19.3,23.7,3146.24780273438,,141.058,101.268,10.415,9.132,1.7664016342312,19.488,11537580,11348666,5.10435581,21.9,23.4,0.1,0.1,9.60554672259635,9.85046225078199,9.33822741343392,9.65575407119121,8.64186653172512,9.03390278206216,8.60346230490437,8.95378105064346,8.79407229067976,9.00933585998218,8.62055644260936,8.66878127016486,8.09019500320541,7.93110917247477,7.25500220010853,7.02726238140081,6.3961114350014,6.22629709439297,5.70351458736682,5.5128940684802,5.17186153905901,5.01569885890972,4.2411071706511,4.32742408833965,3.30036105571155,3.41341315568701,2.3992495489865,2.29825589459353,1.76887734520315,1.46424927160565,1.13162433552116,0.906650593442385,0.938364073236499,0.704728135847461
2015,Mexique,MEX,71.883,76.929,21.5234,19.8842,12.5,15.2,10021.2386124039,,188.499,99.243,4.456,4.223,4.04965029740162,18.227,38142330,41004330,5.52738619,14,17.7,0.29,0.4,8.93333901770247,9.71362523775624,8.91271691779614,9.67675462562764,9.01095936316594,9.76390034393977,8.82693046590616,9.47713982685288,8.82034645692301,9.19898154965145,8.30286028461191,8.39498871529526,7.77332130369442,7.38406553826646,7.25461025573782,6.66531885261967,6.75521015047916,6.26479832652997,5.94874363924456,5.57155107722146,5.09764375615124,4.76588384506037,4.1383266339194,3.8649537052286,3.21131026463773,2.98808478036476,2.4581085070323,2.26059194804444,1.82845549656253,1.63984070602092,1.32550575167816,1.14543285185254,1.40161173475702,1.22408806966761
2015,Nigeria,NGA,51.626,52.243,15.0343,14.6959,64.3,75.7,2585.73360671797,35.9,379.757,364.365,3.82,4.418,0.616825098874833,38.951,50627973,49873424,3.58194995,16.4,18.5,0.93,1.7,17.1676034236366,17.2512872655068,14.630590510075,14.7906069238392,12.2937194001471,12.5035719711025,10.1332873854759,10.3363750140941,8.5314800739318,8.68086491628846,7.3276049839622,7.36562658505284,6.47536758969197,6.48856685585116,5.50619517657634,5.5132898489169,4.35712350761531,4.33750717676745,3.46110431683784,3.41655028678288,2.84415096564798,2.72349182218884,2.31527697823758,2.15271173115625,1.81405782575305,1.63849245344745,1.33981110379763,1.20736510294123,0.92589369147764,0.843247522115593,0.534123211308971,0.471123962785471,0.342609855827048,0.279320561162933
2015,Pérou,PER,73.556,78.028,23.303,20.8927,13.2,16.1,6231.71150338894,43.4,158.869,106.108,3.346,3.211,1.80225296806052,17.948,9754126,9829607,4.92147398,8.8,8.5,0.32,0.4,8.90126379799253,9.26815838419861,9.23765770859909,9.57785356309556,8.90953164451103,9.12209736047946,8.72080265197401,8.66515316152318,8.74588134965453,8.52608190020443,8.4069258479317,8.2787581745913,7.62515903075026,7.58179593388672,6.93064026904437,7.01407189892067,6.30912030276828,6.49406516847713,5.44274236214275,5.6062764907141,4.69383728674959,4.7272151434058,4.06445565975859,3.9907627196481,3.45796456821581,3.31452295250065,2.78468211751604,2.64384471946651,2.0756553160992,1.98306206813577,1.58404601744483,1.48659477764049,2.10963406884738,1.71968558311155
2015,Royaume-Uni,GBR,79.2,82.8,25.0506,22.4155,3.5,4.2,44983.885522934,33.3,84.408,53.822,5.344,5.669,6.38913470993117,11.9,20727095,21156654,9.83625221,9.2,13.4,,,5.95069197940483,6.4992463144727,5.8730327736435,6.39881936505162,5.2970859677008,5.77204055532195,5.61549486415116,6.15696634577562,6.35516844757298,6.86431500772554,6.55684467325965,6.82343595926317,6.7436220488275,6.94337226498075,6.28316084027534,6.46809465507416,6.63660634568258,6.77477406392398,7.11375222542945,6.88890013372431,6.79425833012373,6.6165394774421,6.13868641454625,6.05233375860123,5.5484950593159,5.34604391312684,5.53726539619754,5.48904651237314,4.34188328938938,3.96819153132385,3.49156533445165,3.13505422458028,5.72238601002776,3.80282591723876
2015,Russie,RUS,65.92,76.71,21.5391,16.1769,5.9,7.4,9277.7138671875,36.5,325.084,120.72,5.352,5.862,12.1477371558365,13.3,48241366,52444074,5.29604387,16.5,37.5,,,5.81837000159703,7.11234036488796,5.02788295725953,6.10853961167521,4.46455138860888,5.42018667254453,4.23337094291652,5.13600984985018,5.5619491319492,6.70873053141619,7.91917595917877,9.37353941392148,7.65362224397813,8.78750927919207,7.19269132679524,8.01003394038842,6.70410782639315,7.30661327288747,6.06759865914225,6.48495895669392,7.39658486234827,7.37845105399992,7.86986334052828,7.10574535778036,7.00036075894691,5.64607865412099,5.31664857311991,3.83044707268186,3.0687656951537,1.81382437433729,4.46228998929912,2.23751684311453,4.2421663427851,1.53947475050764
2015,Sénégal,SEN,64.589,68.336,17.6239,15.8681,32.4,42,1218.00613555438,,223.166,160.068,7.325,6.408,0.631630982672839,34.505,3902930,3993817,4.37789631,22.3,23.5,0.16,0.4,15.6983004114263,16.4061166788291,13.7654206174118,14.3179428274218,12.0984193187111,12.4446713388152,10.4650317736196,10.6216139531804,9.07125855723912,9.00729710136723,7.9291026263756,7.72356443279781,6.72653500641139,6.65045927240327,5.49823698873324,5.4541312558775,4.39150141387167,4.29220792810559,3.50010052647405,3.38680332478019,2.82983735240777,2.65773132847455,2.33688125407769,2.08379607090769,1.91241181008831,1.68406628563508,1.47834136929239,1.31294989328302,1.06479365794967,0.951597735493542,0.714497559923428,0.622927973502763,0.519329755986868,0.382122599125336
2015,Suède,SWE,80.4,84.1,25.7647,23.031,2.1,2.5,51197.9529341175,29.2,66.933,39.95,7.291,7.561,4.37774117156262,11.7,3141605,3027765,10.80418396,7.8,10.6,,0.1,5.80274716580488,6.14045332987603,5.75794110591034,6.08678834605866,5.30365318945848,5.59555126362625,5.16189494209105,5.54984269253983,6.586766439863,6.96473768880287,6.67598041968037,6.97955905764655,6.10560917967853,6.43001575063705,6.065733930203,6.31182221946581,6.55016818861626,6.73667425824047,6.69377421380117,6.91068508487809,6.37083165314862,6.55336054902512,5.87668890465569,5.95554833811449,5.73360352404919,5.7017489725262,6.13556155601268,5.98840424248167,5.15884253564118,4.9480216736763,3.713053376278,3.23196625501751,6.30714967510758,3.91482027738707
2015,Suisse,CHE,80.8,85.1,26.6203,23.3529,3.4,4,83806.4476003837,32.3,62.284,36.484,4.912,4.704,4.85765230254627,10.5,2813176,2756922,11.00444603,6.7,10.9,0.1,0.2,4.88260603480994,5.27741879915826,4.75024432561888,5.12828864979754,4.66871285763793,5.02133315082458,5.10150458708582,5.49505073096831,5.83120226601335,6.17566443374036,6.57518736409182,6.8514226228143,6.92273241873941,7.22488238494049,6.7927001800621,7.04288601974389,7.03881172633954,7.30392478004096,7.7920191384519,8.10119280939901,7.6643044242857,8.03725374585192,6.52632821331642,6.80069592443064,5.63583733892757,5.62004970923647,5.32817998707681,5.10102213443258,4.59939020434952,4.18401323334879,3.61174249053369,2.93524342898329,6.2784964426596,3.69965744228862
2015,Togo,TGO,58.923,59.498,15.1508,14.6303,40.9,49.7,751.052405084336,43,298.335,279.587,1.687,2.678,0.201586935997322,34.669,2142001,2126125,6.21763563,23.9,30.4,0.87,2.3,15.7358257390555,15.8491371189607,13.891444980809,14.0180966493855,11.6389495496869,11.7825203545374,10.040791821833,10.1585000826287,8.86427793655671,8.98751364737941,7.7830314088908,7.89912985726112,6.78043218428379,6.86750044239808,5.85262975364338,5.90291010171971,4.85598965025066,4.85738139083195,3.9225424256688,3.85892045506997,3.1445431344768,3.0348443259342,2.49442265545252,2.34825290789786,1.9529284431344,1.78628707676221,1.40244970960089,1.25230186774553,0.889624763959864,0.778269562349005,0.487927606238034,0.409372624263802,0.262188236458977,0.209061534874946
2015,Turquie,TUR,73.481,79.74,22.6302,18.1141,10.3,11.6,11049.9951100942,42.9,123.431,53.808,12.664,9.255,4.70226607193423,17.1,27058909,26535485,4.11690426,11.9,23.5,,,8.02672771157613,8.41197472158809,7.56002937917401,7.93679020659515,7.7055784197779,8.08155397623938,8.27243200215132,8.61804775602381,8.20589486832167,8.4896893916583,8.19044078332904,8.43709210893897,8.29274845470426,8.49693774079505,8.09109864249112,8.18499691963862,6.74123224045619,6.832482896938,5.95511983374386,6.08320132378243,5.70050517004605,5.66289930374956,4.52689927885614,4.45619379038642,4.04086799262173,3.75643138264392,2.91166988761454,2.50899473501063,2.16957938478434,1.75338238839163,1.64068509443417,1.2326581937862,1.96849085591751,1.05667316383383
2015,États-Unis,USA,76.3,81.2,24.673,21.7264,5.2,6.3,56849.4697923159,41.5,134.303,80.429,5.175,5.366,15.9508362566966,12.4,108946772,105054108,16.48159981,11.2,16.8,,,5.99095927885012,6.25950188461957,6.41118329234326,6.72928721337308,6.32433780767467,6.66588704524465,6.31535526526919,6.71473125521195,6.77667723805927,7.24949608196645,6.90051884694401,7.36352902131821,6.74902450708298,7.14696689208544,6.34744609266598,6.66061007068885,6.18978501490867,6.43936440094111,6.42030384328761,6.60729583410374,6.93907763354687,7.00713853737566,6.81347756842405,6.67006524914342,5.99421062478377,5.68603904052667,5.07438647950569,4.68750734623164,3.701496591644,3.24452873315093,2.68063329063245,2.15947068497782,4.37112662437741,2.7085807090408
2016,Afrique du Sud,ZAF,61.332,67.916,20.0196,16.1638,26.1,30.6,5651.20585165749,,381.314,263.469,28.925,24.486,8.04226005893759,20.27,18380645,19524788,8.07959366,21.7,27.2,9.3,18.6,9.5513496276324,10.4910307839663,9.2764030694866,10.1348121281762,8.2530509047262,9.02384418277976,8.34212956636269,9.10636594859292,9.22092968447388,10.0309264940926,9.55154298560621,10.4560116782427,8.88550109134463,9.81049168951824,7.02159298034569,7.29827716330809,6.03596258170413,5.60673034923229,5.35536117123913,4.50999898328145,4.76143332059602,3.77168025420088,4.03362712268256,3.23573513187707,3.024788678816,2.33750055951917,2.25653334967943,1.66987157687432,1.60709140708175,1.05250077936723,1.29495396918379,0.699143838029554,1.52774848903888,0.76507845894121
2016,Allemagne,DEU,78.6,83.5,25.3866,21.6875,3,3.5,42961.0356905775,31.4,89.99,49.545,3.722,4.433,9.58987934583375,9.6,27409123,26560968,11.24166584,9.2,15.6,0.1,0.1,4.29935126801681,4.65847358795978,4.1915857180558,4.5486265415889,4.29419838883066,4.67502158940634,4.78353583532257,5.39321244245171,5.23463343139111,5.89658533575536,6.19042214545254,6.86465137791463,6.06629501127938,6.54208348850528,5.93984431028802,6.24174772947023,5.8416724194229,6.10657490771095,7.58146215928898,7.96369355995416,8.25539196025603,8.64776862130675,7.35630996596058,7.52142841927349,6.43065008878876,6.26803820302685,5.55429443873725,5.26889859626623,4.87394143072911,4.39548193161955,5.70386152829983,4.69083015215543,7.40254989987968,4.31688351563435
2016,Brésil,BRA,71.716,78.539,22.9517,19.8433,13,16.1,8836.28652735657,53.4,185.917,89.504,13.608,10.079,2.3739483184063,14.146,70132420,71542414,9.16901684,13.1,19.5,0.6,0.6,6.88039037755294,7.35017624784433,6.99146442656913,7.46064259215114,7.44134665967326,7.92572754963096,8.03338641744769,8.51124099492335,7.97758483721481,8.34947454627722,8.15648329733627,8.43082557164503,8.38569107338746,8.5580534990434,7.89196352685616,7.9368361421542,7.03375301540081,6.9932428045682,6.38232304822302,6.27445266717002,6.05744764643842,5.87357284231753,5.28748553956386,5.02278754343266,4.31437816101578,3.96537773812836,3.29890882740196,2.89701136940967,2.32567366528066,1.99543488985803,1.68961125185767,1.30784959934722,1.85210822878013,1.14729340209867
2016,Canada,CAN,79.94,84.04,26.5128,23.4921,4.3,4.9,42314.0615817218,32.7,82.791,51.593,6.275,7.715,15.9473357598833,10.6,12228807,12106338,11.06097317,8.6,12.3,0.1,0.2,5.20074341092585,5.53548563801297,5.38833734332637,5.68299581184789,5.17321442368282,5.46994065682343,5.56578973546764,6.01812672671126,6.31428780637802,6.95443091864262,6.61938005222893,7.0596483729004,6.80334420837951,6.96814215566543,6.68247265925623,6.66749035756217,6.50254765261688,6.48373759947544,6.72077907989102,6.7739111842907,7.52446066642092,7.64572681187897,7.32974091011918,7.36597875814678,6.46117639083269,6.3330803570822,5.50143625879562,5.28944310445254,4.09039212691161,3.81958463186881,2.99686881309073,2.60290019974597,5.12502846167599,3.32937671489242
2016,Chine,CHN,74.575,80.052,23.2401,19.3427,7.1,8,8254.86859320357,38.5,117.26,60.855,3.958,5.047,7.78579720274681,13.57,506401569,481766703,4.97955608,11.9,21.7,,,6.14607688111883,6.78372211705905,5.80526793787801,6.49359221827458,5.34728992016526,5.98816978612046,5.56924139642357,6.1703822627963,6.40303456136845,6.92946143938852,8.57011751531924,8.97824318008274,7.53061006447677,7.6758806163806,6.68527176209179,6.71356533284186,8.02550634932583,7.95788894031189,8.8931395398174,8.69314243122686,8.0218546418919,7.73005684351238,5.39278721008678,5.07600593390543,5.97740749726367,5.40919705439888,4.24187917084721,3.76418237805761,2.76370563483215,2.39483801997498,2.09043056094814,1.68881313449138,2.53637935614499,1.55285831117651
2016,Chili,CHL,78.008,82.549,25.4695,22.5474,6.1,7.2,13649.8520452803,,105.275,59.591,7.216,6.292,4.86291264555238,12.685,6305141,6261923,8.55767059,9.1,13,0.35,0.4,6.41159305377398,6.73257140982924,6.43716068096475,6.7727609870864,6.31134290490177,6.65862544931925,6.98779860551602,7.35156684319703,7.80305466434934,8.16781754251109,7.99642107676469,8.34280152006084,7.45273732898076,7.69924548374922,7.08022326338223,7.27539760605938,6.92942599723957,7.053636768769,6.80557412392757,6.83416524602592,6.43016293848549,6.33910647833092,5.7884781217079,5.625451190328,4.92741271677686,4.70721042729946,3.98457991626126,3.70126030067725,2.89371082659676,2.56603544321185,2.21424364614513,1.83453340742788,3.54608013422596,2.33781389611729
2016,Corée du Sud,KOR,79.3,85.4,27.3481,21.843,2.5,3,29280.4403170048,35.2,66.208,24.218,3.538,3.732,12.8839106980048,7.9,19248019,18285161,6.89293242,5,11.3,,,4.19964567140059,4.40492509277563,4.33680752342114,4.59321876233491,4.41711320376285,4.75751849194001,5.85032037603121,6.36095263724278,6.44608750729282,7.36329111246914,6.05409047342324,6.79252641303381,6.90442911139898,7.49954797339443,7.53368493794074,7.97429021705468,8.06368758426252,8.40892257812044,8.61618660246327,8.74979140039837,8.09803175886921,8.27462111045285,8.02641759223312,7.91258345370352,5.94597585552181,5.68090772117867,4.45354529480804,4.08650535249505,3.77169311487777,3.08672542665562,3.24846594294808,2.24401708519508,4.03381744934464,1.80965517155502
2016,Côte d'Ivoire,CIV,57.176,60.661,16.434,14.6877,49.9,64.6,1862.59597081287,,359.042,317.061,2.352,1.561,0.43877495464017,37.742,7367046,6967491,3.32101274,20.8,26.4,0.99,2.6,16.7077756372575,16.3530152674218,14.2381641538651,14.2531503280956,11.4437759362079,11.7021980400826,9.57003483712201,9.85861159187524,9.07653758090434,8.4141089573445,8.88528517430036,8.05253324648325,7.78973153599155,7.44390136475338,5.98381125169794,6.35776031808491,4.35682273091103,4.99131174172763,3.29912771505951,3.70628511438752,2.64686836627285,2.79917859467591,2.01352252795421,2.11070369716406,1.42408700341221,1.5248669608108,0.99709909885497,1.03169222788305,0.688067822552876,0.654814741250722,0.433766430865332,0.384573379740719,0.445522196770269,0.361294428218395
2016,Espagne,ESP,80.5,86.3,27.4451,22.9793,2.5,3,26755.6061149398,35.8,74.559,37.557,21.394,18.132,5.7370162847031,8.8,15518850,15289572,8.94896126,6.5,13.8,0.14,0.4,4.4141253172482,4.84319331169956,4.99764238611792,5.49827058251937,4.83257045946971,5.27300769951249,4.52883381886935,4.96326579760807,4.75512179587239,5.12039124798321,5.44222521522215,5.69100907587732,6.38107837825392,6.687343388147,7.84018795382593,8.40171347176402,8.09640171879138,8.75276284934708,7.81626964356243,8.26783340038829,7.54695229159374,7.78818293850084,6.73422878652341,6.72338492740218,5.6289265883909,5.51354419076619,5.22840701842691,4.90267381456452,4.57627878469884,4.08175326057931,3.71294549116268,2.99402961135453,7.46780435197014,4.49764043198601
2016,France,FRA,79.5,85.8,27.5879,23.0818,2.9,3.5,37024.2157133669,31.9,97.921,48.309,9.853,10.245,5.03218147372949,11.8,20641952,21148805,11.49048996,7.4,14.3,0.12,0.3,5.45045577028779,6.07664887824909,5.84527253134867,6.52275027775289,5.82760883394482,6.50711268986765,5.87365354502814,6.59341306450311,5.42079743234599,5.92335067732088,5.72802071444795,5.98447885278135,5.93692873514662,6.0779155038208,6.12884000630802,6.45691114402574,6.43185466872513,6.78277041297263,6.58558615197089,6.77666743637714,6.63974142550311,6.77218504212339,6.44748923679384,6.47672954864766,6.23138919568573,6.07556319918763,6.10041581966397,5.83975180233835,4.15067561148959,3.79727997396402,3.55662306251831,2.95022809101241,7.64464725879142,4.38624340505524
2016,Inde,IND,68.231,71.297,19.2618,17.5346,35,34.4,1707.50892912243,,201.451,140.3,7.668,7.579,1.71388197178672,18.756,459164278,427477653,3.50430417,20,25.5,,,9.06314670838152,9.26713006261536,9.32951399626133,9.59503191432828,9.60179343065392,9.88843367911865,9.42692615931307,9.738176864659,9.04510751016195,9.27790672709696,8.62775339795044,8.77403426408467,7.90278391803466,8.04575538593707,6.95804920134177,7.03413893941732,6.19163257372722,6.16220698692452,5.44281259166042,5.34039635265832,4.78308549062237,4.65808106096859,4.08992314648314,3.94221935992068,3.34559012043229,3.14934450540475,2.38402993451214,2.15138476480845,1.63266363877707,1.36518356516084,1.12877781616553,0.870195172082826,1.04641036552118,0.740380394813757
2016,Indonésie,IDN,67.781,71.692,18.6994,15.9518,19.1,23.7,3521.46943457574,36.9,201.924,153.416,3.866,4.574,1.91619146584425,18.138,89612032,87894213,3.02147198,22.1,27.6,0.25,0.4,8.98937058845164,9.38226384936933,8.86386230403002,9.24441438155082,8.34657714989584,8.71532624157171,8.25477191844964,8.60791797336114,8.04946963132837,8.38175175603949,7.8423926000108,8.13956029174419,7.94791773561717,8.18288111134414,7.64963312954253,7.76930562932063,7.08269348818256,7.09733404051521,6.45882230086297,6.39805785289416,5.55488554384583,5.42306843816965,4.51076184148703,4.30035640886408,3.39650992339066,3.1043637571149,2.47601572190978,2.08319635777615,2.01240765663072,1.506303262556,1.41983864347758,0.9797747994345,1.14406982288683,0.68412384837389
2016,Iran,IRN,74.302,78.109,21.8935,20.116,12.7,14.1,5477.03712389913,35.9,123.013,67.349,20.902,10.746,7.66192732640397,18.787,29946525,28707129,7.99202633,12.2,18.1,,,8.7911458157326,8.98850413667561,7.81026964876825,7.95631898327533,6.932884272711,7.04553996921109,6.85742570966947,6.92828746890887,8.30210727565258,8.34662056860977,10.4671759812514,10.5099160873601,10.6662870321556,10.6998162962993,8.52413653402888,8.62666691984977,6.7563021603622,6.90465574468765,5.89687789541566,5.92268302978794,4.8754812671511,4.80519608536145,4.15825207162227,4.07229420445368,3.33840915671434,3.30058014911283,2.51201557581716,2.4781572790171,1.71036125104315,1.58699449258839,1.2494206279584,1.0550617769516,1.15144772394586,0.772706807849497
2016,Japon,JPN,80.98,87.14,28.8866,23.6347,1.9,2,39375.4731620781,31.8,68.737,36.993,2.835,3.357,9.70188627278164,7.8,38495020,37451598,10.65891552,5.9,11.5,,,3.78173523589601,4.17006675186611,4.05696770244774,4.48359090576081,4.26370871870621,4.71906509251887,4.52064260034235,5.00702474645205,4.46107087382715,4.88252824641916,4.69110253630861,5.08708205984846,5.36443785651977,5.74003277759101,6.17617963385418,6.58521083499699,7.50193145320712,8.0154953293035,6.84820368237699,7.40393939008244,5.9927492597506,6.5136600033659,5.78083544972327,6.18394432903924,6.3070276287175,6.56415582432845,8.04805726908728,7.96928452885379,6.25475287919885,5.88532683306073,5.64660583514517,4.84127265463232,10.3039913848912,5.94831969188015
2016,Maroc,MAR,71.501,75.064,19.923,17.4624,18.4,22.6,3140.85546875,,136.945,97.916,10.693,8.837,1.74157565314012,19.224,11689204,11483163,5.09203386,21.8,23.4,0.1,0.1,9.40920380931347,9.64769075403607,9.35963606248527,9.67730746211464,8.62045678576287,8.96154111451509,8.46774224921497,8.83396971909452,8.58561729624756,8.78335423308712,8.50982339606295,8.62538525344835,8.10967356032293,7.97078470752539,7.29623919957815,7.10346897434805,6.48274720526923,6.29335524766024,5.70672567267807,5.55493783348858,5.22786279673037,5.02765404946239,4.36218649178184,4.40066426530278,3.43294324727845,3.5500524912863,2.48041892454559,2.42667162805941,1.81153530598999,1.5074332901192,1.17163560683432,0.919224191633342,0.965552389903971,0.716504784818546
2016,Mexique,MEX,71.738,76.962,21.5649,19.9272,12.1,14.8,9097.92397674769,46.9,193.513,100.078,3.903,3.822,4.0599543149425,17.69,38634205,41584874,5.38499022,14.2,18.2,0.29,0.4,8.73962066408487,9.51907232139592,8.82600997955392,9.60034677817525,8.88619442960002,9.64730939915751,8.75203244510099,9.41906919855321,8.70622839274626,9.11599068476658,8.31200472423315,8.44165131157129,7.77040611827869,7.44509783248706,7.25535391318981,6.65883366204287,6.77771500069069,6.24514929478711,6.03387235206993,5.62996438230918,5.19217740519134,4.84131319211092,4.25777792907479,3.96427095407745,3.31022694447638,3.06861415707604,2.52604720452323,2.31638578394066,1.87257180170232,1.6770949085263,1.34856945286413,1.16278989767597,1.43319124261949,1.24704624134668
2016,Nigeria,NGA,51.939,52.429,15.0612,14.7376,63.6,75,2070.4127339595,,375.861,363.036,4.176,4.787,0.617495984777202,37.771,52111076,51264221,3.64773679,16.3,18.3,0.83,1.7,16.9177819740165,16.9903435625968,14.6421144487633,14.7894926728817,12.3678676933677,12.572776848872,10.2225578676285,10.4194599069037,8.55976358183061,8.71224104180303,7.30369099746578,7.3488116109898,6.43061656202678,6.44183678716073,5.52989132251541,5.53728805480545,4.42263405537955,4.4070367464669,3.48493833974978,3.4458334026617,2.84605964271056,2.73618947555332,2.31518888213719,2.15893032125828,1.81682442727551,1.64615124194407,1.33485303392935,1.19253704849349,0.92675341289235,0.845988847981671,0.534730897283331,0.473306408755428,0.343732861027856,0.281776020871933
2016,Pérou,PER,73.803,78.209,23.4219,21.0201,13.1,15.9,6217.03599995447,43.6,155.852,104.587,3.975,3.547,1.86257629389331,17.565,9916030,9993789,4.91142178,8.5,8.2,0.35,0.4,8.70168986203971,9.06430401084573,9.08794958288727,9.44085423092222,8.91822489748924,9.1737804078008,8.63309027006282,8.64625480235985,8.65767830811804,8.45339070573353,8.41920859676409,8.26592751830463,7.70414527238572,7.64279315407641,6.95286888722807,6.99712956128379,6.36892883834609,6.5299850164554,5.53518492334417,5.7016843042239,4.7357408043307,4.79184707587047,4.10478679782657,4.0350864885945,3.48554184256772,3.34428974179302,2.84007352495607,2.68134518818288,2.1114977679924,2.00294812347147,1.58851717938877,1.4833696165309,2.15487264427253,1.74501005355052
2016,Royaume-Uni,GBR,79.4,83,25.2595,22.605,3.5,4.2,40988.1044233026,33.1,85.495,54.788,4.715,5.001,5.99545627753136,11.8,20840405,21235703,9.76546955,9.3,13.3,0.1,0.2,5.87552375545426,6.40967328738477,5.9536500083374,6.4752939923828,5.36902436780765,5.84524340395284,5.52070575971078,6.03850844513169,6.24129632794837,6.77425457253469,6.53185790635175,6.83986445694109,6.74094724210259,6.95007063682211,6.39425798943365,6.54977057872481,6.40485635613755,6.62879026774967,7.08214877346597,6.82678081587014,6.84316611174408,6.60374059814252,6.22494494542713,6.13694955032094,5.59228311324123,5.36263574277611,5.47800675708102,5.40741753410712,4.54044402908796,4.16186232398607,3.48006782716224,3.11833683425846,5.72681872950637,3.87080695891415
2016,Russie,RUS,66.5,77.06,21.7013,16.4223,5.4,6.7,8663.158203125,36.7,310.981,116.811,5.381,5.787,11.9612088255969,12.9,47920945,52030076,5.28970242,16.5,37.7,,,5.91403569463508,7.22512928033957,5.17991411526315,6.29702217864414,4.53887707817967,5.49809355998974,4.19851473002364,5.08711816860907,5.12626454235665,6.17599369697735,7.66574184528443,9.09598198647092,7.84022450424539,9.03628999219243,7.22127895696898,8.05746018642622,6.7978014806256,7.3440496460639,6.08061012097811,6.53340697172354,6.95749570620776,6.96545169164326,7.93247037213147,7.19534576506534,7.09943063348007,5.75028589520108,5.78199725325497,4.16647117976653,2.8077942573424,1.71301538138624,4.49941715967362,2.24314997449594,4.35813154934899,1.61573444500476
2016,Sénégal,SEN,64.939,68.543,17.6366,15.931,32,41.5,1266.43957151587,,219.984,159.496,4.763,4.257,0.684837248888741,33.828,4051186,4127119,4.25606871,22.3,23.4,0.17,0.4,15.3802833412541,16.0963332415851,13.7631020935041,14.3223601220428,12.1400793760484,12.4880842439964,10.5633687895669,10.6814058944867,9.09893165047496,9.03687215788629,7.91451871651521,7.6688716350277,6.75825407329279,6.62690718516102,5.53012003654082,5.48363888325057,4.44817593947252,4.3537940723564,3.54801678107044,3.43278716573448,2.8529751364536,2.72461665007051,2.34383476833444,2.11287475517572,1.9211441554164,1.69420928796649,1.47331590661508,1.30866085500132,1.04756135291636,0.947222898230676,0.700023878755867,0.64023609403378,0.516294003767981,0.381124857993945
2016,Suède,SWE,80.6,84.1,25.8395,23.1635,2.1,2.5,51820.3972482676,29.6,63.956,39.668,6.585,7.356,4.29603293733753,11.8,3173655,3048209,10.85240364,7.6,10.7,,0.1,5.7976271784502,6.12583285911853,5.83733612359702,6.15374776170447,5.42826935551029,5.70572161984066,5.09481318567234,5.50650615329525,6.33627316199442,6.72950268334012,6.86629466965985,7.18199360068959,6.17966924226102,6.51939678469797,6.05574542082241,6.29748537610052,6.45816710093697,6.63950326758214,6.57181022396269,6.74414392907684,6.51495331623721,6.69753529309491,5.82205646082817,5.88374951443053,5.66866399698406,5.62872435431453,5.94370802574133,5.7685703738616,5.41307048408456,5.17938090256643,3.76886566227542,3.30903215030526,6.24267639098203,3.92917337598065
2016,Suisse,CHE,81.7,85.6,26.9818,23.9211,3.4,4,82153.0745447889,33,58.204,35.896,5.006,4.841,4.87137865448642,10.5,2839831,2777441,11.2294054,6.7,10.4,0.1,0.2,4.89960215626549,5.29078405873911,4.79799709439571,5.16011423153642,4.63846212357537,4.9756264190501,5.01275297903699,5.4411369251284,5.7348717113361,6.10834735634365,6.59510187655287,6.89016056562763,6.9377601862653,7.2186732619111,6.85200688628928,7.11509925350296,6.89394307726942,7.13093728993358,7.62934653240934,7.88243644927616,7.73849892568824,8.10755593665412,6.66081571037364,6.90711955897457,5.66961923476448,5.66998088226059,5.27850658421858,5.03522998841799,4.70602138639273,4.31107976717363,3.64272305351306,2.98097398620596,6.31197048165342,3.77474406926405
2016,Togo,TGO,59.414,59.904,15.2342,14.7349,39.6,48.2,772.581787093976,,291.916,275.071,2.224,3.652,0.266521121837082,34.409,2200319,2181716,6.55580902,23.8,30.2,0.82,2.2,15.5227914955293,15.6299981609113,13.9703181414731,14.0888646155652,11.6781811623932,11.8199665212337,10.0522422890272,10.168196135328,8.8092823619765,8.92774282467045,7.76002865027487,7.87473460910238,6.75572305977883,6.84862195724923,5.8580382968725,5.90969808145401,4.89903857271956,4.90911213333406,3.96393111310739,3.9043055336038,3.17880830239583,3.07130353620894,2.51200969591536,2.3673039174618,1.96077554546232,1.79543731083908,1.42123199503859,1.26933879119777,0.903766430243978,0.791441887394282,0.490123614999283,0.413066174113666,0.263709272792294,0.210867810332282
2016,Turquie,TUR,73.49,79.858,22.6711,18.1061,9.8,11,10970.0458948862,41.9,123.83,53.213,13.743,9.603,4.93489476936857,16.6,27491161,26961366,4.28469229,11.8,23,,,8.04675645798867,8.43415741362771,7.48701509517125,7.8621267794849,7.45327915946156,7.82377525749029,8.15536881636512,8.49936917722322,8.22011844434564,8.49926163360155,8.19199268661568,8.43542227326905,8.18789582070092,8.40293676700238,8.1475113761056,8.2682224937237,6.94903449708381,7.01588924013966,5.8554486770216,6.00383532329159,5.79828033746393,5.76105681943821,4.55439918712682,4.48484888184147,4.10348742213071,3.83454237824238,3.02333117272136,2.60555586725553,2.19501312494449,1.7805239747668,1.6453703279589,1.22111505113192,1.98569739679396,1.06736066846964
2016,États-Unis,USA,76.1,81.1,24.8206,21.8474,5.2,6.2,57976.628204291,41.3,138.505,82.097,4.786,4.937,15.5053254577246,12.2,109625866,105478913,16.79114342,11.2,16.7,,,5.94649636297447,6.20121535768024,6.3351876103088,6.64208223897937,6.33594198483754,6.67056266182925,6.32429291812486,6.70818341621217,6.6379691623214,7.09126376994821,6.95939885268443,7.41652731809169,6.75174133796458,7.15190854349223,6.45418462965769,6.77374352505854,6.0501611391237,6.29693389776909,6.38339259989189,6.57896405320886,6.76804436212344,6.84483876047028,6.81703115803632,6.72121750233362,6.10998105806706,5.78927428904431,5.19552185357631,4.78936840527108,3.84012174550293,3.39558532523708,2.73378654143355,2.19552016933993,4.35674668337105,2.73281076603402
2017,Afrique du Sud,ZAF,61.98,68.58,20.1383,16.2356,25,29.4,6618.33508255701,,370.427,254.61,29.191,25.145,8.15147357441279,20.038,18435502,19666160,7.97711229,20.9,26,8.4,18.6,9.36899871015548,10.315938265106,9.21164760125835,10.086490568507,8.41612491487018,9.21083405816293,8.08902794629491,8.8201938628233,8.9840836768448,9.67539692808427,9.35633487387584,10.1286176773419,9.02080543848701,9.85397171948825,7.19169171614406,7.61957932414901,6.05145368815732,5.74152482430956,5.37896025531505,4.6465926898796,4.77148460608111,3.8004041916106,4.16299820444292,3.34159480501488,3.14164214975432,2.43774425539058,2.36982085044304,1.75738365335942,1.61409590930339,1.07400027762214,1.29162384773595,0.714257954119025,1.57920561083628,0.775474945031478
2017,Allemagne,DEU,78.7,83.4,25.3368,21.7099,3,3.5,45526.5999576533,31.3,86.511,48.026,3.317,4.182,9.37546948533168,9.5,27391187,26541962,11.32552433,9,15.2,0.1,0.1,4.423731362688,4.78606786871282,4.21970589411583,4.57561992327332,4.27311295927563,4.64975241877042,4.70797139389791,5.30645916815983,5.22416245937557,5.89901940632769,6.12379864401732,6.77949484107452,6.1092542518257,6.6003029167216,6.04054830635716,6.33788226830469,5.71324542029871,5.95288253547517,7.22262206791957,7.5600872750405,8.23602911977186,8.62265060614547,7.54091743521282,7.71075338760469,6.49528601765274,6.3626979206726,5.774446882385,5.44510748443976,4.6314057021384,4.18020273559171,5.64833092613999,4.66653589289155,7.6154311569278,4.56448335079367
2017,Brésil,BRA,72.069,78.781,23.0404,20.0293,11.7,14.7,10080.5092819305,53.3,178.99,85.377,14.885,11.209,2.41568284305132,14.123,70676535,72101973,9.47125053,12.8,18.8,0.6,0.6,6.80093305871817,7.27169013465845,6.87922780147734,7.34850714446012,7.27710594095075,7.76009519085559,7.87638622390728,8.35489497141576,7.93311864484725,8.31195461293067,7.99950616058451,8.281190284896,8.30462740656492,8.49002336529551,7.9735813270187,8.03270837416494,7.1205212769529,7.0870848598482,6.41286815991439,6.30860355113661,6.07240806159577,5.89075670034268,5.39870519899203,5.13385571751435,4.43650569308506,4.08450426514278,3.44535247443542,3.02780788823905,2.41127663385624,2.05332001355997,1.73276334025162,1.35901400529141,1.92511259684765,1.20398892024793
2017,Canada,CAN,79.73,84,26.4784,23.4601,4.2,4.9,45129.628116623,33.3,85.803,51.511,5.927,6.869,16.2277461463686,10.3,12320387,12190369,10.93421078,8.3,11.9,0.1,0.2,5.14155463657905,5.47789892348657,5.37373968426317,5.67414456851035,5.20105345368012,5.48233945242967,5.52474880366747,5.95063730624702,6.27226942341284,6.92052055483068,6.65393486885469,7.1266109237012,6.78373061627461,6.98672604893124,6.72318029751188,6.72509074064847,6.46043160152897,6.42107603160167,6.60708642559077,6.63925329028959,7.25737819168838,7.35096440513612,7.34421335583439,7.37603614623412,6.58117365002622,6.44806962924595,5.55226579330556,5.32571361928296,4.30203031759691,4.02104679310037,3.07576099129969,2.68646251914328,5.14544788888529,3.38740904718076
2017,Chine,CHN,74.448,80.27,23.355,19.168,6.5,7.4,8979.67652709856,39.1,118.975,59.79,3.881,4.948,7.90503403845396,12.64,506077240,480570825,5.06592178,11.8,21.1,,,6.11261795179686,6.71961181473941,5.88340314252849,6.57333150674101,5.36164223553142,6.01130760999333,5.44552057428943,6.05417939104872,6.11582824953473,6.66001240058033,8.1869168977392,8.63080012635619,7.69847018386707,7.88577411663297,6.81133387834782,6.85681897313158,7.53252775784867,7.48476193515843,8.94878247023832,8.76204290589052,8.40577801136024,8.10323777750024,5.25410530372153,4.95514478623999,6.04441926711615,5.4854706022504,4.58698640733652,4.01763016033446,2.88215992379158,2.49299288459162,2.11969718432587,1.70602931033269,2.6098105606261,1.60085369847812
2017,Chili,CHL,78.401,82.783,25.6611,22.8601,6,7,14879.9086227187,45.3,102.645,58.877,7.803,6.869,4.83419570633295,11.763,6411907,6366041,9.090518,8.8,12.5,0.35,0.5,6.26624131065256,6.5731863141514,6.40937148315438,6.73821186123489,6.17515944820215,6.51495315510408,6.83066797922034,7.16795426711855,7.73010137091818,8.07785617910095,8.09424657123047,8.43818028284058,7.57511962132844,7.82834894829864,7.09848896412338,7.30175891114663,6.88835530288391,7.02488193309605,6.76215289177677,6.80847514271213,6.43166488392718,6.35642744904531,5.83144763181529,5.67153378373621,5.00526245400545,4.78521004507098,4.09820138514972,3.81933908533154,2.98517159191445,2.65036975970629,2.2274050165244,1.85481088441712,3.59094209317291,2.38850199788863
2017,Corée du Sud,KOR,79.7,85.7,27.5876,22.1314,2.5,3,31600.7358741365,34.9,61.874,22.906,3.483,3.777,13.003046167811,7,19254600,18296335,7.04771852,4.7,10.8,,,3.98933900173295,4.18614814934078,4.3545912385864,4.60841080178906,4.28888130753059,4.60323341368728,5.59835038493955,6.08555512599249,6.42446281805622,7.30338194594916,6.14647960828643,6.93517440659354,6.53291366671081,7.12810922135691,7.62913127441698,8.09296175890752,7.75825054022688,8.08922177979166,8.68657712517681,8.86223162303649,7.96285581283967,8.13615192229689,8.26565940350458,8.16843058022634,6.32988555690504,6.08069004942475,4.60347569733106,4.23911114197585,3.72945913175418,3.10791100634342,3.41151400025643,2.41211776511418,4.28817343174544,1.9611593081737
2017,Côte d'Ivoire,CIV,57.622,61.23,16.5379,14.7517,48.5,62.7,1964.29930338343,,353.024,307.812,3.848,2.849,0.461213796748124,36.58,7572088,7160435,3.24693036,20.8,26.1,0.83,2.5,16.7343397860793,16.2738975161203,14.1465995302682,14.205847852032,11.6427848866239,11.8160405725968,9.56967152909236,10.0070067927013,8.76980647899129,8.27318059291812,8.69741819333598,7.87922326262477,7.82060439174778,7.36633114733812,6.12600969825825,6.3792330272356,4.47746075103546,5.09411168415079,3.32589134860838,3.77917451257709,2.65483548608544,2.8341938054404,2.04082188416049,2.12712282183017,1.44585561051213,1.5415345478319,1.00210962776857,1.04323276879281,0.685749844526087,0.656331510545141,0.432703441843781,0.382049980571162,0.427337511062678,0.341487604693511
2017,Espagne,ESP,80.6,86.1,27.3573,23.0074,2.4,2.9,28381.3425596906,34.7,73.051,37.653,19.04,15.667,6.04869976383704,8.4,15511564,15312350,8.94652462,6.6,13.5,0.14,0.4,4.3082007965248,4.72903886701147,4.92598241769152,5.42561883722226,4.90760540133639,5.36811835224572,4.5820789745092,5.03227671317826,4.72280088808049,5.08960790672581,5.36883934864335,5.63906494353458,6.17207798358959,6.43456753875048,7.56854449813342,8.06890048298845,8.12663386078664,8.77899555228008,7.81356578800862,8.27464817008771,7.65270237917427,7.91594784730104,6.87780660459352,6.87155646583219,5.77805159021616,5.65705107266305,5.26062077305283,4.950854047044,4.7337633164919,4.21629636626366,3.6235578033744,2.96026248332208,7.57716757579292,4.58719435354918
2017,France,FRA,79.6,85.7,27.543,23.1373,3,3.6,38687.1626407164,31.6,95.38,48.266,9.372,9.442,5.07106755400115,11.5,20633754,21121803,11.37063789,7.5,14.1,0.12,0.3,5.37056123705962,5.98103336791217,5.78747413000317,6.45465891703828,5.82733550742383,6.50313456729455,5.90203884635978,6.62045570243601,5.43411229788816,5.97041498254176,5.65134270117766,5.95954347713868,5.86995823166022,6.00320035477304,6.16161287001398,6.42704668547464,6.25397695181012,6.62188899462099,6.60884267872316,6.80366556408108,6.62550280451142,6.74962443710653,6.44382251458188,6.47248964133951,6.23278584189196,6.06348405455325,6.10590047111397,5.81950481906529,4.55856493696743,4.1674267518481,3.4817421158909,2.92393187736265,7.68442586292274,4.45849580541347
2017,Inde,IND,68.61,71.632,19.3218,17.6307,33.1,32.8,1950.10468280866,,197.986,138.988,7.683,7.596,1.78999731844213,17.995,467043895,434781814,2.93597651,20.2,25.6,,,8.86457548042162,9.05436851260208,9.19281053436046,9.45357356183439,9.41237640450455,9.69371922535708,9.39966975007567,9.70831912739719,8.99738849441541,9.25262693224628,8.61078587456369,8.75952751093805,7.97513797063716,8.11588577019845,7.04111381725031,7.12861819240132,6.25060092834349,6.23269152535064,5.50054368521752,5.39857582018344,4.82466258146198,4.6928390990862,4.13712124737721,3.9850375138541,3.41581719757452,3.21665265260908,2.48960702881493,2.2626590847534,1.66612824323925,1.39743282164596,1.13788225065005,0.88268820293954,1.08377851109221,0.764784446602813
2017,Indonésie,IDN,67.971,71.945,18.807,16.0092,18.4,22.8,3798.88326174526,36.4,200.068,150.907,3.484,3.975,2.00382979913667,17.54,90722960,88929413,2.90417194,21.8,27.4,0.24,0.4,8.76280191646979,9.14425391886746,8.86423152586683,9.24397780294038,8.36956766668279,8.73625044427163,8.13067103975329,8.48012448379276,8.04124788579468,8.36748205309383,7.78225379883209,8.08278118318558,7.81604048990383,8.05996182966837,7.66006369251146,7.79880171201992,7.09617036244269,7.12340647047249,6.50244375514251,6.44804212474324,5.65809333781547,5.52677275077132,4.63494359647785,4.42339821309978,3.53009222433447,3.23043585315122,2.51804158523024,2.14164041927323,2.01416775273099,1.50711773950739,1.43420780594759,0.983358429113069,1.18496156406343,0.702194572028353
2017,Iran,IRN,74.546,78.349,22.0308,20.2296,12.3,13.6,5753.11544659399,36.7,120.412,65.389,20.009,10.371,7.83565723325155,18.045,30201366,28980402,7.83454609,12.1,17.9,,,8.8181325215594,9.01217323762264,7.85408544137241,8.00830126058364,6.98494484856589,7.10455446108206,6.68930220955177,6.78029469373496,7.72956458157501,7.75602547403921,10.0207596702692,10.0744133809982,10.7056579646676,10.7115748608987,8.86184201180655,8.96091655254457,6.87675001443017,7.00641925168126,6.00806135727785,6.08081165952343,4.93720402035724,4.84982822038685,4.26513014937672,4.17658529386075,3.38730208260221,3.32442645603539,2.65040841137365,2.62676832879833,1.76102781436186,1.64498799918781,1.25751874978535,1.07492561310959,1.1923081510671,0.806993255912569
2017,Japon,JPN,81.09,87.26,28.9647,23.6882,1.8,2,38834.0529341227,31.8,66.604,35.709,2.645,2.958,9.59147213558895,7.6,38247776,37191808,10.65627098,5.8,11.3,,,3.73150520749616,4.11613769183253,4.03704914353392,4.46512321293332,4.22097101346017,4.67350397696381,4.52421772503915,5.00917038659951,4.48751908331678,4.91137343575728,4.62842244309336,5.0280664381533,5.2711288970412,5.663979326639,5.97402186221957,6.37583393814602,7.33068951657732,7.82328179395749,7.17742501132104,7.72597119480651,6.03943388570307,6.56580419709592,5.80118208013467,6.22419125229489,6.05259309542522,6.31289004459507,7.73390820432667,7.69590999002287,6.55627937494008,6.19471141493025,5.8262506863391,5.02642298815027,10.6074027700325,6.18762871712196
2017,Maroc,MAR,71.787,75.553,20.2079,17.5588,17.5,21.5,3296.52661132813,,133.369,93.384,10.633,8.764,1.80121576266493,18.918,11834509,11615756,4.98920393,21.8,23.5,0.1,0.1,9.225035592096,9.45725585424408,9.33699674328228,9.65250610190216,8.63545478219801,8.93999209920332,8.33577068652202,8.70817278521866,8.39372326143343,8.58834711034637,8.39657376153103,8.56070857730064,8.10398886340082,7.99789211462981,7.34099741020248,7.18062393485222,6.56148387751734,6.35823502362846,5.73069551490468,5.60777953149165,5.25424908900039,5.03197955486477,4.48147594965293,4.46145124827472,3.55631353735529,3.66347805167014,2.58133429318205,2.56624673780477,1.84645201726987,1.55754649768104,1.21993430750574,0.938712251760873,0.999520312945613,0.729072525126314
2017,Mexique,MEX,71.5,76.972,21.624,20.0122,11.7,14.3,9649.27816772402,,201.105,101.717,3.598,3.31,4.05637657039332,17.214,39124575,42156859,5.3117938,13.8,17.9,0.29,0.4,8.51979648690314,9.2940519312746,8.75221179619635,9.53674032241494,8.7606701132709,9.52828128684815,8.70293046677989,9.38779092232103,8.58025129504402,9.01949304847621,8.31703229118762,8.46929222020777,7.75821062868474,7.50588717764432,7.26563985841502,6.67810786788465,6.78957493263543,6.21746268029728,6.12118460835926,5.68686512001657,5.28134569004427,4.91208267877501,4.37536173683132,4.06037034587714,3.41462900183682,3.15384106679178,2.59729108709282,2.37481122309136,1.92364502512196,1.72018468630903,1.3724680001768,1.18124621250405,1.46775698141963,1.27349120926609
2017,Nigeria,NGA,52.145,52.639,15.097,14.7513,62.8,74.1,1876.34027111773,,374.323,361.359,4.504,5.118,0.594333975254568,36.693,53694421,52752870,3.74762511,16.1,18.1,0.74,1.6,16.6105256888549,16.676671848403,14.6352496621566,14.7682741181485,12.4333533599921,12.6333703803692,10.3370594841163,10.527040200763,8.60379848964038,8.7552816887907,7.30600769217656,7.35968710390349,6.38635369485402,6.39610876743208,5.54578747547875,5.55339462277122,4.49129553072902,4.48150868703803,3.52029375425817,3.48312376694214,2.85139908357899,2.7531735527258,2.31717854342092,2.16734733286946,1.82120748665237,1.65536994710512,1.33464405676146,1.18410067914398,0.924891097797171,0.84540565588925,0.535538636187058,0.475595971213397,0.345416263345244,0.28454567649168
2017,Pérou,PER,73.773,78.264,23.4356,20.9041,12.9,15.8,6736.16693725487,43.3,154.042,103.542,3.912,3.506,1.76238594560569,17.254,10102671,10180804,4.82783127,8.9,8.9,0.35,0.4,8.50432166945769,8.86266873218467,8.91184003187217,9.27160084185617,8.92518484686228,9.21450474505084,8.55659921002261,8.6363807597516,8.58207885916383,8.40530463995484,8.4337861548643,8.25634396719197,7.79387505151971,7.71704366339106,6.99096042420145,6.99884076263793,6.41094974070748,6.54400837132032,5.62829592412223,5.79432084114435,4.78499659422235,4.86394796128783,4.14289478872716,4.08071459386668,3.5101767030544,3.37298416515498,2.88559414644385,2.71394817092931,2.15514463474117,2.0288174136982,1.59076499319099,1.47656414707588,2.19253622682632,1.76200622350336
2017,Royaume-Uni,GBR,79.5,83.1,25.2946,22.656,3.5,4.2,40629.2340347345,32.6,84.428,52.681,4.322,4.567,5.78002910590304,11.4,20893964,21262232,9.60016823,9,13.1,0.1,0.2,5.77358436359097,6.29506316314119,6.00919142392433,6.5275932885028,5.48857410309719,5.97420626178452,5.41557998631342,5.91699498359633,6.12389688770205,6.6782615184412,6.53672015767558,6.87678581970329,6.70953954173793,6.90754386208222,6.50985494622145,6.64205113017895,6.18736134042611,6.43300720716055,7.0301346192777,6.80666165594955,6.864916752794,6.59379157912333,6.31476265657119,6.20857889345055,5.65305003303173,5.42253440746286,5.32731026971985,5.18450898020084,4.80099588321474,4.46351984795043,3.50262321218837,3.11773084471535,5.75190382251338,3.95116655655608
2017,Russie,RUS,67.51,77.64,22.1127,16.8713,5,6.1,10658.9130859375,35.5,288.463,109.061,5.071,5.394,12.1351313887513,11.5,47625902,51610734,5.35889816,15.7,36.1,,,5.86799075266889,7.16140202396461,5.36929490421447,6.52755558031786,4.63125218601543,5.60473968185746,4.22790972255543,5.11415422139799,4.8027833540943,5.77614715058105,7.2574256999835,8.61406784812336,8.07607678966636,9.35441430813091,7.24034412868982,8.09442795098125,6.86620065965092,7.39537631774517,6.17310652243755,6.6390515389035,6.58525974257477,6.59037518722808,7.87335535148128,7.19018967630068,7.18166085131197,5.86154688344295,6.05384506463406,4.36646013725981,2.97232934796099,1.86815591289919,4.22966676805579,2.09813802213455,4.59149815400447,1.74379755873162
2017,Sénégal,SEN,65.276,68.895,17.7013,15.9897,31.6,40.9,1356.80518449031,,216.818,156.309,3.611,4.375,0.65930201495289,32.801,4205723,4266142,4.16359377,22.1,23.2,0.17,0.4,15.0140645196291,15.7392277693391,13.7447534662912,14.3085994772947,12.1660528324436,12.5325854286644,10.6600985950536,10.7400787822375,9.17082865608398,9.10328336541657,7.90912969222369,7.63909717344672,6.79215776973695,6.59658224211172,5.56503443480852,5.50549040060668,4.50148341648227,4.41652206954754,3.59994076457566,3.47196531857,2.88389168950618,2.79240980148073,2.35299225202207,2.14985484519126,1.93401583859723,1.71135637299268,1.47516842964736,1.30820469739815,1.03377756007937,0.940470602089213,0.683770700762598,0.659240600490145,0.512839382056676,0.385031053122831
2017,Suède,SWE,80.8,84.1,25.8388,23.3259,2,2.4,53300.8587281785,28.8,63.288,39.084,6.441,6.969,4.16393492825098,11.5,3212712,3075559,10.78509998,7.6,10.3,,0.1,5.8071812230781,6.11360753199808,5.8800092739242,6.17944397474226,5.5465392403666,5.822241406497,5.10820360036253,5.57272257610562,6.05372069299728,6.44350288305578,7.0174323226599,7.35522915875942,6.31581983555851,6.64455808860177,6.07199507440049,6.31058200722804,6.32203771628719,6.49804798463427,6.47280385800037,6.60770275484953,6.6229711668986,6.79857594397593,5.78177075062995,5.83113581383629,5.62577480233277,5.5807750852001,5.73178817167459,5.54028473196733,5.58444535755359,5.31741940953813,3.86412842728238,3.42918031202136,6.19337848599295,3.95499033698909
2017,Suisse,CHE,81.6,85.6,26.994,23.9261,3.3,3.9,82254.3770471336,32.7,60.213,34.265,5.058,4.57,4.70985016280479,10.3,2859299,2792532,11.41294861,6.2,10.2,0.1,0.2,4.92233998967106,5.29947575055505,4.82967744402449,5.19183645030356,4.64735508838775,4.97542442777399,4.91008272888616,5.36021524042208,5.61498665366107,6.03122494167947,6.59994259613944,6.90429396338236,6.93314068907388,7.2047939695267,6.91560518201798,7.17570678109696,6.79553094407065,7.00371297125153,7.45174597935455,7.67090482989304,7.77000077062396,8.10903806233988,6.79539019083675,7.01960474114013,5.73710181349985,5.76212669105075,5.21231511036402,4.95702719866872,4.78951585462021,4.39356135159742,3.72440094543947,3.08469752604992,6.3508680193287,3.85635510326847
2017,Togo,TGO,59.858,60.394,15.3558,14.8351,38.4,46.8,792.765487219069,,286.483,269.182,2.768,4.642,0.225936250332004,33.923,2260664,2239197,6.50210476,23.5,30,0.85,2.2,15.348884405613,15.4498801154223,13.9569967858037,14.0682200893756,11.7501912262314,11.8887218041396,10.0822970882752,10.19823989693,8.7550200002194,8.86849298851621,7.73314391880639,7.84559078944393,6.73572584690533,6.83377310989479,5.85774314153534,5.9115583858221,4.93731419641602,4.95532394909919,4.00843340091489,3.95356513119091,3.21359795520071,3.10848482279659,2.53294975063302,2.38975815110709,1.97078950753885,1.80671489565414,1.43644058922611,1.28393830877912,0.921164430624519,0.806611959146193,0.493248991013614,0.417850549783518,0.266058765042549,0.213275052898614
2017,Turquie,TUR,73.957,80.252,22.9506,18.3169,9.3,10.5,10695.550196231,43.5,117.247,51.016,14.099,9.429,5.39364397893842,16.2,27868959,27331729,4.17974997,11.5,22.6,,,8.05537200748602,8.4467281234093,7.43874133170217,7.81239673523154,7.26020033051072,7.62722132372258,7.97095670988149,8.31653875135965,8.20959298157467,8.48919789475361,8.17071156584113,8.41296255272664,8.09546526452247,8.31768129032849,8.14650247346456,8.29215257261151,7.15191718539403,7.20711899572195,5.84862587626526,5.99747898956737,5.80741965452973,5.7859675141931,4.66318824401554,4.5836921388261,4.12365961459033,3.87159121065796,3.15686950450317,2.72701225110537,2.23923553626106,1.8168424012142,1.65601430025793,1.2212888577233,2.0055274191997,1.07412839684735
2017,États-Unis,USA,76.1,81.1,24.7936,21.8335,5.1,6.1,60047.7190728307,41.4,139.215,81.986,4.307,4.394,15.1856526843724,11.8,110180955,105778958,16.7530098,11,16.4,,,5.89265205355181,6.13469672410694,6.22776503874907,6.52291677160893,6.38329027031004,6.71294326460323,6.33480339054061,6.70590781098902,6.51943779885956,6.95350991436603,6.99173877893864,7.44091996562694,6.75188075851979,7.15373526710964,6.54219051831496,6.86748673057093,6.00251012351524,6.25139142807046,6.32404747158777,6.52369885505501,6.57636176631076,6.66370678008733,6.79759326292669,6.73833414775129,6.20602648679654,5.88960634062058,5.23963639988093,4.81998087771501,4.03178738909039,3.58207288000919,2.82995536910297,2.27519765248106,4.34832312300425,2.76389458922837
2018,Afrique du Sud,ZAF,62.296,68.906,20.2141,16.4579,24.1,28.3,6914.1780318076,,359.292,245.332,28.992,25.089,8.08182130104548,19.85,18870294,20029362,8.08196545,20.4,25.6,7.8,18.6,9.10130401993139,9.95567644892176,9.0196969589396,9.82231919167791,8.56535862513402,9.32314229203504,7.95935296440752,8.67420387213843,8.84026568849408,9.45371269068855,9.24974248098341,9.90206771175565,9.04327711316818,9.76867524467492,7.4248126475818,7.96709704119769,6.08941595145467,5.9489360890054,5.36605731794646,4.80033311322491,4.77167458136,3.89255309837058,4.25754678715185,3.44326149564204,3.29423757664067,2.59115703537962,2.48425067299346,1.85407959127295,1.64364829537976,1.10641102822794,1.26993230949985,0.71500791834022,1.61942600893328,0.781366137446387
2018,Allemagne,DEU,78.6,83.3,25.2769,21.6836,2.9,3.4,48874.8595028454,31.9,86.917,48.283,2.902,3.798,9.01281529435426,9.5,27365941,26512555,11.47314644,9.1,15.3,0.1,0.1,4.51175707223892,4.87452590353556,4.23573166186508,4.59099815272902,4.27745557911527,4.64836302173113,4.61763599930908,5.16047933548629,5.23056139809657,5.90834829200406,6.01135628853678,6.64825877938972,6.18935732680706,6.71131920116356,6.1183760808306,6.42865507544142,5.71072704746213,5.94619110424622,6.81575749304404,7.10986820899013,8.15561425344647,8.52796246148502,7.73436605922406,7.91919787668238,6.58565931229166,6.4915393711432,5.91822353897577,5.5458030972948,4.58211398179497,4.13750266906916,5.4555440481784,4.52644369599906,7.84976285878316,4.8245437536093
2018,Brésil,BRA,72.365,78.977,23.1461,20.0207,11.6,14.5,9300.66164923219,53.9,173.671,83.265,14.417,10.737,2.28409517314385,14.022,71130531,72566665,9.46475029,12.5,18.4,0.6,0.6,6.73107104190988,7.20313943730344,6.79039883090475,7.2606184343643,7.1284603377271,7.61071549964735,7.68142477988466,8.15878309791874,7.89646366187165,8.28303974375562,7.85652311000215,8.14570251903943,8.19309925604822,8.38873843512472,8.02993120199492,8.10572348121551,7.21515983621224,7.18885920692806,6.46995103182456,6.36928327512433,6.06581849486799,5.88728504430287,5.5038265248729,5.23926911367864,4.56100681630768,4.20613062247181,3.5850051149449,3.15429448798011,2.51641225527281,2.12752167519158,1.77793999042897,1.40812229972356,1.99750771492462,1.26277362622996
2018,Canada,CAN,79.76,83.96,26.4798,23.5306,4.2,4.8,46539.1761570405,32.5,86.018,51.046,5.527,6.112,16.5528683972161,10.1,12452887,12306185,10.94313335,8,11.7,0.1,0.2,5.06417013434876,5.39721216322244,5.32957108373789,5.63587362392802,5.23823758753692,5.51139839639677,5.49376371000841,5.88487268841268,6.2656508951295,6.92476325456068,6.6992780007919,7.1974378081601,6.78026276357987,7.01531450647205,6.77359346149611,6.8061373608292,6.44924173895782,6.40265755272407,6.49257223453196,6.50686265121513,6.96013690253437,7.02150680675038,7.33571844970169,7.36183487390095,6.67073445283182,6.54070021008452,5.60654280632304,5.36051475001605,4.50892477751421,4.20513629838926,3.1736373164837,2.7876774466702,5.15796368449201,3.44009960826747
2018,Chine,CHN,75.034,80.573,23.5451,19.53,6.1,6.8,10085.6638148819,38.5,113.085,58.145,3.743,4.772,8.24974792551826,10.86,505255727,478854987,5.16790485,11.7,20.7,,,5.9701013490157,6.53856304531703,5.95540800632672,6.64404573952062,5.42187891919624,6.08394028763676,5.35377932317555,5.97089637654465,5.88280115046494,6.44368400333373,7.72824186956447,8.20191799631137,7.90679510290951,8.14437633554786,6.96769228657294,7.0330026242659,7.05410999212131,7.02636468379942,8.88043812731159,8.71281409004876,8.39644744822257,8.10206587527988,5.63171992478896,5.32623210730186,6.0364371845161,5.49692479162928,4.93207612764106,4.27689664386401,3.05064220840314,2.62903054228387,2.1517757240963,1.72126916189305,2.67965525567291,1.64797569542195
2018,Chili,CHL,78.323,82.776,25.6026,22.7451,5.8,6.7,15659.4808675628,,103.499,58.945,8.539,6.962,4.75223057873072,11.698,6535545,6487171,9.15040398,8.6,12.2,0.36,0.5,6.09726976124582,6.39180870026851,6.34557524586619,6.66576076445661,6.09464221784041,6.42634932564643,6.67736710462041,6.99076293654693,7.67646020722418,8.00166148282394,8.17863693474051,8.51089628506849,7.72806852970201,7.98977550668496,7.14181041321253,7.35252437862123,6.85914677083604,7.00754908458564,6.70949264032464,6.77433601739673,6.41706654208916,6.36005601199749,5.85895315406045,5.7040075904248,5.0709218196312,4.85304831393917,4.183791553559,3.90771417409039,3.09140749601801,2.75218873014732,2.24649168982793,1.87954845421391,3.62289791920151,2.43201224308747
2018,Corée du Sud,KOR,79.7,85.7,27.6198,22.1516,2.4,2.9,33447.1562836166,33.7,59.866,22.315,3.692,3.922,12.9991653784706,6.4,19263167,18307988,7.46262026,4.5,10.4,,,3.7660981470104,3.95775836523429,4.32267939944843,4.57258524235902,4.2549242428059,4.5499368018908,5.30011845139087,5.76245375870832,6.3637531148422,7.16873748075182,6.27699752734756,7.14225720980193,6.22900429139244,6.83942842094214,7.65933603201714,8.1415618293329,7.50139761480457,7.83092229914783,8.61578470384323,8.85105427203426,8.03341161629686,8.13833186717436,8.35045296825638,8.2929617092534,6.69486943413903,6.4717739625648,4.75237668146838,4.38971403552285,3.78623015563302,3.21580760897803,3.53984265953638,2.55143980836822,4.55272295976722,2.12327532793502
2018,Côte d'Ivoire,CIV,58.063,61.756,16.6492,14.8185,47,60.8,2130.86619381144,37.2,346.909,299.761,3.448,2.412,0.449418229341914,35.081,7781859,7360747,3.0916779,20.7,25.8,0.74,2.3,16.6689538725516,16.1438264977469,14.0340889640054,14.0961225413127,11.8562338952426,11.9740104325793,9.62070767592013,10.1192632703639,8.52378486531502,8.2294178559859,8.48802987070997,7.7106168139872,7.81287652660738,7.27319590910965,6.2686135363159,6.39445192213531,4.61092129374011,5.18917716030418,3.37090019277416,3.86365344596931,2.66280362564894,2.8754137259386,2.06714063042007,2.14770569587327,1.4727306262412,1.55934843386989,1.01128310982235,1.05645490009768,0.684975898940902,0.660666704585727,0.432837554110754,0.381090113223966,0.413117861633541,0.325584576916662
2018,Espagne,ESP,80.7,86.3,27.4582,23.0747,2.4,2.9,30602.4212881113,34.7,72.324,36.721,17.036,13.729,5.88110887323762,7.9,15557623,15380244,8.9985857,6.5,13.5,0.14,0.3,4.20457961174779,4.61751419017764,4.80235901810876,5.29020826956207,4.98067830327715,5.46008367711825,4.6549663023949,5.11905563580061,4.71307310629444,5.09107119902884,5.33525273694296,5.62806161494815,6.01945456117227,6.26360375576254,7.28964370663513,7.72532323331953,8.13154223317548,8.76214780433362,7.82833954877096,8.31238912876921,7.70978422070409,7.97499178123307,6.99503985244741,6.99506752960766,5.94948679801978,5.81905123574553,5.2554213641777,4.96547512771614,4.85704089958457,4.32649247231834,3.70338677450657,3.04582143020462,7.56995096204005,4.60364191435418
2018,France,FRA,79.7,85.8,27.69,23.257,3,3.6,41418.1766484844,32.4,94.2,48.216,9.056,8.982,4.89336336861651,11.3,20635922,21122733,11.21033764,7.3,13.6,0.11,0.3,5.26682615103834,5.85617510146066,5.73672563327875,6.4039629851325,5.83491784621835,6.5254990477534,5.84579998434842,6.55939768678751,5.49458474568624,6.04477076135987,5.56999636522385,5.90310452487565,5.88128824041182,6.01385279406451,6.1625684331304,6.35765932939615,6.10491499550054,6.48920294615206,6.64167394386231,6.85881569920278,6.5746650628482,6.69533586346285,6.46134792056631,6.48353793598334,6.23418254742333,6.06122986992465,6.07770373275386,5.76230049222066,4.93347264916007,4.51053815626302,3.48100160051458,2.95194474644784,7.69833014803466,4.52267205951256
2018,Inde,IND,68.973,71.963,19.3787,17.7179,31.4,31.2,1966.25455171679,,194.523,137.206,7.713,7.632,1.8718236887863,17.91,474541800,441709500,2.8584938,20.7,26.5,,,8.6756139622628,8.85143517646296,9.05539844590602,9.30790708358105,9.23234025187163,9.50949523659602,9.35566992639403,9.65914029860751,8.951609737345,9.22764747189335,8.58728968686683,8.74356413512441,8.03056377341907,8.16957376962546,7.13625210368175,7.23297071132194,6.3030561512691,6.29743553532352,5.56245141978466,5.46303215845279,4.87069827564927,4.73295760837437,4.18706885654273,4.03033562593029,3.47690819499559,3.27549444522798,2.60481891782294,2.37747457667809,1.70101572615777,1.43431669975467,1.14756173696803,0.897017333740937,1.12168283306279,0.790202133304643
2018,Indonésie,IDN,68.062,72.113,18.892,16.0342,17.8,22,3860.95353090726,36.3,199.69,149.409,4.184,4.519,2.21327139952212,17.146,91791367,89924289,2.86757827,21.5,27.3,0.23,0.4,8.53309528857919,8.90458717358311,8.84204354536081,9.22094080729049,8.39961018578231,8.76413829401997,8.01733500496548,8.36387835873617,8.0331535065318,8.35464972352893,7.71707644488832,8.01783789941886,7.6908979099379,7.94247605701833,7.66197096943683,7.82015378736314,7.11298152089444,7.15479259688358,6.54514410791547,6.49799355978761,5.75479342886349,5.62480578994288,4.75417427634013,4.54090912802336,3.66314735997573,3.35648319364524,2.59019819931377,2.22086341356323,2.01276910037811,1.51074214428325,1.44612031789124,0.985062347107531,1.22548883294496,0.719685725804328
2018,Iran,IRN,74.738,78.612,22.1674,20.3337,11.9,13.2,4631.78709016514,37.4,118.966,63.185,19.062,10.56,7.67841235696166,16.664,30433731,29230235,7.73915195,11.9,17.7,,,8.72489773868229,8.91125180809404,7.92477260675788,8.09051818330736,7.06721212031284,7.19621939776974,6.56541123678339,6.67021037328728,7.26996815118481,7.28683356438103,9.53020909143209,9.58993812268741,10.6316142508119,10.627246331346,9.18623237397832,9.27765838128604,7.06803921781614,7.17613586037689,6.08448539496083,6.1895779687083,5.03297823517177,4.93662537066711,4.3445656960707,4.25702368085939,3.46032865281341,3.37426113089991,2.7848396601086,2.76077164648642,1.82089834242797,1.71518060307381,1.26957455216693,1.09782100800936,1.23397267852012,0.842726568759897
2018,Japon,JPN,81.25,87.32,29.0313,23.7991,1.8,1.9,39751.1330982711,32.9,65.299,35.783,2.232,2.651,9.29901664682086,7.4,38048531,36977374,10.73988247,5.7,11.1,,,3.66715545646728,4.04711878260684,4.01175064795351,4.43933590453966,4.1968600806413,4.64881028152941,4.50889445350007,4.99279984990426,4.52810874188562,4.95127858526425,4.57918813125109,4.98309677378887,5.17011205615198,5.58111827666015,5.81489824100852,6.21214797556302,7.07895557048485,7.54813699285796,7.38226149901466,7.9229788764557,6.23772584185187,6.77085166265374,5.84140254089029,6.2831606254315,5.88301924570739,6.15634178341056,7.29031736543453,7.30210858446019,6.91129378103773,6.54320306532389,6.0595728151881,5.23894596907169,10.8384835315312,6.37856601047831
2018,Maroc,MAR,72.036,75.994,20.4693,17.6443,16.7,20.6,3501.69799804688,,130.268,89.394,10.685,8.822,1.8187259066467,18.573,11962460,11730663,4.94516659,21.9,23.5,0.1,0.1,9.06261910344539,9.29359273026181,9.26723651609902,9.58185606699098,8.68645469801811,8.9664100705365,8.20526727077253,8.55222965131166,8.20451791122845,8.40517806640501,8.27070664238779,8.45660618473423,8.05495588793627,7.99551916489226,7.38930769291663,7.2585504705156,6.62997828632121,6.43054615760679,5.78722769619353,5.6796204556225,5.26495789965676,5.04419244629613,4.59684752327797,4.51824265189114,3.69010275494148,3.78214454313753,2.70285536129708,2.71158954811935,1.88425893933115,1.62142841211732,1.26249898618133,0.959885597863345,1.04020682999531,0.742407781697808
2018,Mexique,MEX,71.422,77.13,21.7631,20.0718,11.3,13.9,10084.7937553679,46,204.952,101.871,3.41,3.192,3.82148846798022,17.037,39627551,42724887,5.23821402,13.3,17.6,0.29,0.4,8.29208551483393,9.05726348314261,8.67950244033278,9.47167839494565,8.64297338791117,9.41479859587494,8.65763803340996,9.35960412418409,8.46263836860632,8.9324758743819,8.31568846940455,8.48371870685523,7.74568728346948,7.57085915268896,7.27160418786801,6.70758730593608,6.79526559455342,6.18894676883576,6.20133924008872,5.73368740379555,5.36869535599278,4.98171312604697,4.48750587219299,4.1485867070512,3.52187443309504,3.24056710969504,2.67534641207092,2.43884351779802,1.9783843234838,1.76474142419431,1.39888721063036,1.20224527163017,1.50488387205578,1.30268303294352
2018,Nigeria,NGA,52.415,52.914,15.1444,14.7857,61.6,72.9,2057.87944554011,35.1,372.09,358.925,4.752,5.348,0.609462080512785,35.69,55298632,54261310,3.09069347,16.1,18.1,0.7,1.6,16.2756538869996,16.3391726837896,14.6045257090431,14.7211650692921,12.504096489298,12.6991024692083,10.469639260716,10.6539175694657,8.6481797673471,8.7958921333412,7.31950907816124,7.38351611141339,6.3406317924897,6.35089887553295,5.55223553145404,5.56030557836595,4.56359032921372,4.55885057561811,3.56492395899901,3.5272782024553,2.86197984637139,2.77501135901577,2.32197394354427,2.17847980545449,1.82719263219332,1.6658765355513,1.34028231540409,1.1873371434415,0.920368327661832,0.836792467670693,0.537419683706338,0.47871192494522,0.347797447397293,0.2876914954385
2018,Pérou,PER,73.89,78.259,23.4923,21.0103,12.9,15.7,6978.49121548627,42.4,152.433,103.989,3.877,3.168,1.73484298998946,16.93,10345676,10424997,5.09981441,9.8,9.6,0.36,0.4,8.32274174365577,8.67807908210897,8.68548805907681,9.04530352772204,8.86129344193026,9.16855738813739,8.49832203959754,8.62587759505825,8.55018581549801,8.40118861188908,8.4763416774302,8.27350812573491,7.90130714222029,7.8092217366313,7.05592446883553,7.0378067477936,6.43908941840168,6.54810184370534,5.7067597726172,5.87337152911907,4.84170700411696,4.9440756515369,4.17540285242639,4.12938159315329,3.53635922670641,3.40922177435822,2.92693328711549,2.75025502614586,2.20516396893751,2.06204362408227,1.59582868935268,1.47216744919119,2.22115139208127,1.77183869363232
2018,Royaume-Uni,GBR,79.5,83.1,25.308,22.7285,3.5,4.2,43315.4874501318,33.7,86.971,54.096,4.044,4.188,5.63020259771606,11,20936472,21284626,9.73837566,9.2,13.4,0.1,0.2,5.66095094509629,6.17192728853202,6.02140326568509,6.5376239398983,5.62183124381741,6.11609086302422,5.33664355554906,5.83104445502633,6.03337008892678,6.59667680204979,6.56770067520216,6.95160525035874,6.63168474315746,6.78839929167663,6.59394934089989,6.70816367900352,6.08163205438045,6.26839142466893,6.87011846831024,6.7831356159749,6.89813726956502,6.61013248273879,6.3909580886683,6.2329801340373,5.72408970705346,5.50592825858492,5.22463903813956,5.00554065510369,4.98371062943134,4.69152650040443,3.57945413967554,3.16100265384986,5.77972674644195,4.03983070506761
2018,Russie,RUS,67.75,77.82,22.2196,16.8177,4.6,5.6,11211.8876953125,35.3,288.509,108.846,4.8,4.937,12.6648259090803,10.9,47352017,51203544,5.35520792,15.8,36.2,,,5.70961794585864,6.96309713790565,5.52704884935028,6.7212186880761,4.75189379392679,5.74591068520808,4.30564267568885,5.20345676972359,4.60410886912879,5.52996903256585,6.75045135860134,8.0129810628874,8.14609900282018,9.46546303316557,7.39061983606719,8.30118199854337,6.93121788900259,7.47048816903075,6.31654730827737,6.77307757363104,6.27731727426254,6.28209496630286,7.71950720086279,7.1041775173323,7.29604439360828,6.0007108331288,6.27695841828011,4.5290912175616,3.4451098542299,2.19004323076547,3.65319915646535,1.81523750025933,4.89861617356901,1.89180058391219
2018,Sénégal,SEN,65.59,69.243,17.7756,16.0502,31.1,40.2,1452.55612562445,38.3,213.918,153.062,3.308,3.545,0.674554736190862,31.596,4367346,4411366,4.43182087,21.7,22.9,0.19,0.4,14.642084392445,15.3688606549987,13.6651282653587,14.2389781389447,12.1774634881758,12.5733373808103,10.7558070367369,10.8094901894962,9.27564737644907,9.1911462585745,7.92875100173694,7.64747266159151,6.82304351854055,6.56168601333608,5.60919527428228,5.52275317451874,4.5495373152387,4.47577113951347,3.65352381058452,3.51092834374685,2.92196475607231,2.85282855929684,2.36563689206655,2.19691890497238,1.94795751977276,1.73275483115563,1.4868041566957,1.31833354184287,1.02305627597365,0.930468360263302,0.665601353502903,0.672794247258204,0.508797566367761,0.395477599679779
2018,Suède,SWE,80.9,84.3,25.9572,23.326,2,2.4,54181.9069780904,30,62.062,38.431,6.236,6.482,3.87493570159802,11.4,3245391,3101587,10.94106293,7.3,10.1,,0.1,5.78407432737723,6.0720754940621,5.90820677548461,6.19465339714087,5.63937000486397,5.9186624123965,5.17990514025268,5.67084654643066,5.76584308390471,6.16801368053112,7.08129742061484,7.41618806779319,6.49495455768742,6.79673641956341,6.1109231912577,6.35237929636333,6.19177865729756,6.36234474101286,6.40432177255882,6.51855479732985,6.66079369116017,6.81369430084142,5.79658732059484,5.85453736767914,5.57778277068483,5.52534518676847,5.54631758016291,5.36028456380985,5.65278172135134,5.35690081125956,4.02776166056407,3.61242967711373,6.17730032418232,4.00635323990395
2018,Suisse,CHE,81.9,85.7,27.0809,24.1047,3.3,3.9,85217.3691512274,33.1,57.573,35.152,5.109,4.367,4.52194177603426,10.3,2869540,2803134,11.19891071,6.4,10,0.1,0.2,4.9373507484674,5.30016842940322,4.85027740725705,5.21297587226598,4.67333580683576,5.00947526396647,4.82185076209262,5.24621181847514,5.49209538961972,5.92644164024782,6.55379157411412,6.85926228513411,6.94786336670698,7.20776018494673,6.97221408978721,7.23101469095129,6.74773559237239,6.94452486035752,7.2621518958744,7.46682769583248,7.74226058091905,8.04411725528155,6.94862032366548,7.1745597598771,5.81461728139724,5.86825801371708,5.16517150199126,4.90131339413368,4.83943545451306,4.43902944406457,3.84017075085705,3.22009786073937,6.39105747352921,3.9479615306059
2018,Togo,TGO,60.4,60.782,15.4327,14.958,37.2,45.5,851.130806891807,42.5,278.951,264.881,2.289,3.461,0.241391644139121,33.413,2322860,2298354,6.16073656,23.2,29.8,0.73,2.1,15.2016012327507,15.2958782649418,13.8659510172371,13.970721951089,11.8520616467796,11.9859641410002,10.1167845364052,10.2337353512442,8.71249407062354,8.82129177673984,7.70508099659025,7.81443328538138,6.72109952872787,6.82327758300937,5.85286484233485,5.91062377431176,4.97043250048938,4.99441484454661,4.05579690758762,4.00695887833641,3.24750382223514,3.14519753156496,2.55868029690254,2.41706053190155,1.98254990135245,1.81976403878143,1.45258925939457,1.29902918682089,0.937471067866861,0.821329376664354,0.498012875704089,0.424131968986329,0.26902549701831,0.216187514679938
2018,Turquie,TUR,74.385,80.634,23.2301,18.5639,8.9,10.1,9568.83506330228,42.4,112.191,49.115,13.894,9.558,5.26873027109493,15.4,28239613,27692519,4.12101603,11.3,22.3,,,8.00709804959295,8.39909969494278,7.42035504105411,7.79395300646621,7.12781106834075,7.49294095871008,7.74233540865988,8.08945911852205,8.18451725593716,8.46787480498135,8.14015444598121,8.3826765118711,8.02826387462542,8.25484181399421,8.09427063895734,8.26169141090945,7.33475327861477,7.39292335982345,5.93463513914205,6.06594909243787,5.73345065021794,5.7415696406656,4.83668288051123,4.73964429005903,4.10974950103703,3.87604507656923,3.30204666884083,2.86563431614226,2.30050331952271,1.8613729348143,1.67207170336106,1.23297593955777,2.03130107560357,1.08134802953325
2018,États-Unis,USA,76.2,81.2,24.8979,21.8935,5,6.1,62875.6661382728,41.8,137.524,80.593,3.836,3.945,15.578855476991,11.6,110609082,105964329,16.61530876,10.8,16.2,,,5.82201777278087,6.05101877583724,6.1163891310162,6.40088184560011,6.42738788589759,6.75109387262878,6.34649358409097,6.7080236364823,6.43289725762294,6.84778443676017,6.9789288457413,7.42052784861924,6.76966210349534,7.17312308686778,6.60548444577756,6.93682466968566,6.03782719389471,6.29147973347672,6.23478093425165,6.43474881646169,6.39469878702369,6.4939637461258,6.74595122891669,6.71317068190657,6.28289375442678,5.98404511547617,5.29572580044088,4.86719595237607,4.20102911572481,3.73797053724403,2.95396146967734,2.38495036348696,4.35387068922069,2.80319688096472
2019,Afrique du Sud,ZAF,62.696,69.216,20.2445,16.4214,23.5,27.6,6533.71121032856,,342.77,234.54,30.448,26.738,8.0316393172874,19.694,19305097,20395191,8.24652576,19.4,24.6,7.2,18.5,8.9189109461377,9.68390742535918,8.7908797901957,9.52220479193162,8.64982887560937,9.36111131877939,7.85655206852006,8.55491711405336,8.6942292986204,9.26668455382748,9.17370271983295,9.71076239454259,8.99495917231408,9.61759375322751,7.6744969772349,8.24949072816528,6.17207090899694,6.19973043273362,5.34620316847139,4.93928264178413,4.76339915682199,4.00054416010504,4.31836872279002,3.52547355981359,3.44927173484024,2.75312582288554,2.59592290485036,1.95588558197927,1.70698760331003,1.16263603310398,1.23919824674852,0.707844239932727,1.65501770470533,0.788805447775721
2019,Allemagne,DEU,79,83.7,25.5352,21.9256,2.9,3.4,47623.8656074829,31.8,83.621,46.582,2.724,3.541,8.38829767556006,9.4,27307938,26460695,11.71595001,8.8,14.9,0.1,0.1,4.56893015620009,4.93218057072624,4.27507354424014,4.63244485936429,4.28050528551573,4.64957219883084,4.54857442502152,5.032832469936,5.22279596015572,5.9016262768723,5.86912707011994,6.49592702197458,6.28593017062169,6.83419742946191,6.16860337697088,6.49749143369464,5.770768224349,6.00188919377212,6.42098370903173,6.66833949256325,7.99785307323075,8.34784029326697,7.90558794373307,8.11113910464246,6.7190639578965,6.66264290116433,6.00281410299905,5.60061576990269,4.60742518441323,4.16550976743669,5.20792161837756,4.34079173992551,8.14804219712339,5.12495947646519
2019,Brésil,BRA,72.653,79.023,23.1638,20.0079,11.5,14.4,9029.83326681073,53.5,167.856,82.86,14.35,10.07,2.25651425253649,13.548,71545466,72982764,9.61449146,12.4,18,0.59,0.6,6.6417752306513,7.11334369409871,6.72547452048307,7.19761812029269,6.98992778469523,7.47136518342477,7.48180307859604,7.95833422467098,7.84991289851452,8.2462046712767,7.74156367555124,8.03871691102093,8.06697597576376,8.27246132732018,8.05611452618216,8.15064023984498,7.32123979118463,7.30304755738354,6.54096536641847,6.44440245108922,6.05131874480017,5.87645041492272,5.59544924896525,5.33095177691923,4.68657834174089,4.32888278507823,3.71015223215102,3.26948432476999,2.64513021913938,2.22159145282613,1.82637887034221,1.45498665379125,2.06923949482065,1.32151821126974
2019,Canada,CAN,80.11,84.32,26.74,23.7643,4.1,4.8,46352.8693445211,31.7,82.636,49.767,5.263,6.07,16.1423151032491,9.9,12587177,12423362,11.05897045,7.8,11.4,0.1,0.2,4.9789656055666,5.30426913012093,5.27680890770228,5.58608928429314,5.27792634593858,5.548846841774,5.4451476914173,5.7989237951898,6.25590040254595,6.91975399312494,6.71664253613572,7.23880060364836,6.80650297519902,7.07166255373651,6.82061424817362,6.89346740435016,6.464025246006,6.41820928968474,6.38872305521181,6.38223774751484,6.68619300151325,6.71874125340136,7.30090234846604,7.32106808809988,6.72957589774593,6.6039046161845,5.70444857683329,5.43795612367081,4.68486112030624,4.35722989231158,3.27977324785553,2.8958170513103,5.18298879338283,3.50302233158419
2019,Chine,CHN,75.303,80.747,23.6329,19.6593,5.6,6.3,10342.9009524335,38.2,110.506,57.27,3.961,5.05,8.41813886747955,10.41,504560800,477216790,5.3502779,11.6,20.4,,,5.72619460326829,6.25606115188653,5.99319073809464,6.67272366090254,5.51475979321049,6.19041531316895,5.29823408558609,5.92513591744324,5.68221505250517,6.25711974621822,7.24549069581649,7.74335814568386,8.15527252232317,8.44910584512201,7.05429498716543,7.1415696744101,6.70134845363002,6.6921924629406,8.63338631872763,8.48977567572337,8.41211573940905,8.12782521469124,6.30479411188698,5.97495109032323,5.84222942660811,5.33410102431146,5.22231987386338,4.5075797532921,3.26555196995155,2.78975855112837,2.20303818804527,1.75518699778825,2.74556343990827,1.69313977496594
2019,Chili,CHL,78.098,82.549,25.3765,22.5625,5.5,6.5,14495.716721687,,107.386,60.507,8.226,6.958,4.95970776566246,10.94,6645743,6595134,9.29919815,8.5,12.1,0.36,0.5,5.90741452128765,6.19020054910603,6.27400707865344,6.58809428999365,6.06341664657305,6.3875059134798,6.51522894052927,6.81384719018406,7.58643766110197,7.88975886092569,8.22029216403874,8.53638658698425,7.88398383535246,8.1556095393756,7.21075050734115,7.42663947055015,6.8472257568505,7.00730404750367,6.6621779262693,6.74296659155533,6.40228493572608,6.36516362830962,5.88608497213556,5.73506092029585,5.1389029885362,4.92233477141832,4.26011623567867,3.98416823683136,3.2129162131676,2.86721629630677,2.27886747970804,1.91498045770006,3.64989213705033,2.47276264947981
2019,Corée du Sud,KOR,80.3,86.3,27.863,22.433,2.3,2.8,31902.4169048194,33.2,56.098,21.204,3.581,3.869,12.5784611024066,5.9,19246543,18296466,8.1267519,4.4,10.1,,,3.54950716506201,3.73740288395447,4.28675986846712,4.52905726686523,4.21782249018175,4.50029487775444,5.00883974252897,5.4330199992779,6.27894366897325,7.00360021503889,6.40770120663881,7.34185047000108,6.05969773367379,6.70838053415441,7.51608459952413,8.01640566957322,7.31946559266858,7.66021296917742,8.47607366504261,8.74202768062656,8.21479773691311,8.28269489580506,8.31085111498469,8.29534810613992,7.09510087980583,6.88127940917583,4.94190737975707,4.5748097300058,3.92476378241966,3.39207262656828,3.55844088062058,2.60313433735688,4.83324249273805,2.29840832852463
2019,Côte d'Ivoire,CIV,58.493,62.295,16.7578,14.8859,45.4,58.8,2141.76836170115,,340.719,291.241,3.019,1.949,0.467857120181815,34.306,7996217,7570193,3.18916845,20.6,25.6,0.64,2.2,16.3686720504695,15.8555792772546,14.0763429679193,14.0692863090984,12.0689996769022,12.1663489987894,9.6710178917242,10.1464933053169,8.37204411199912,8.2992973241595,8.26629706364157,7.55619176238272,7.769407134337,7.16910016240572,6.40208713074896,6.39857315517846,4.75258267806595,5.27147716638265,3.43750480800354,3.95949368599104,2.67134853722026,2.92153387205865,2.09206938504292,2.17382511507468,1.50528974734794,1.57974236121089,1.02295808988506,1.0700191433256,0.686484930664597,0.667931602971326,0.434088331407229,0.381562215530688,0.402805464620787,0.313544542868721
2019,Espagne,ESP,81.1,86.7,27.7849,23.3967,2.4,2.9,29786.5245689007,34.3,69.622,35.754,16.01,12.46,5.46973894606707,7.6,15674597,15503421,9.1348772,6.4,12.9,0.14,0.3,4.08348076297244,4.48203937626468,4.67293138792157,5.14569899489023,5.02134726759305,5.51616896165296,4.73920506678858,5.22203937926902,4.74447116324321,5.14219464205697,5.30685587545446,5.62567730524237,5.92504629431194,6.17146148187257,7.02254678575558,7.40436062095416,8.08433643113909,8.66963800593182,7.86835189763537,8.37618225501736,7.70000668516651,7.96931251314266,7.13442543997749,7.14382604383952,6.14125042113752,6.00148427475852,5.23437143452176,4.95421712167566,4.92673154875918,4.3869089653041,3.92085740668283,3.23853490239927,7.47378413093944,4.55025515572814
2019,France,FRA,79.9,85.9,27.7603,23.4119,3,3.6,40408.2848574751,31.2,91.761,47.023,8.351,8.475,4.78988465490837,11.2,20646855,21117332,11.09938431,7.2,13.1,0.11,0.3,5.15515915433604,5.74211272783505,5.67141746406693,6.33102726932665,5.84195574477407,6.53680046361601,5.79279222017978,6.50930487363063,5.56816521209945,6.14186766288506,5.4842435328835,5.83097979407916,5.90700264269064,6.04875963160465,6.12449629328708,6.26752274472744,6.02144612361392,6.37769673345951,6.61102047974248,6.87619075892148,6.51379382027329,6.62262188867294,6.4939823801645,6.51558935552332,6.25351477530595,6.07987103696543,6.04779352464312,5.70459903599723,5.27891169627686,4.82530090628638,3.51719513079614,2.99640672456841,7.71710980486624,4.59334839190067
2019,Inde,IND,69.312,72.287,19.4346,17.7956,29.7,29.6,2041.42863698585,,191.12,134.926,6.073,6.653,1.8300789248723,17.368,481642958,448232319,2.95299792,20.6,26.7,,,8.5282619089281,8.68932886164182,8.87920322582364,9.12055098667878,9.07645347629048,9.34866677032535,9.28999692030831,9.58986039058127,8.9070673440643,9.19929904028085,8.55324890984778,8.72637913082288,8.06955464547153,8.204320101353,7.23615894171844,7.34026562156202,6.35748753521302,6.36441622840084,5.63187847242239,5.53707201690097,4.91909688646574,4.77665591416524,4.2398822151493,4.0779859386101,3.52871836563818,3.32562105416046,2.70705742965945,2.47358203017427,1.757104976275,1.49566077837145,1.16140814494733,0.914977524111526,1.15742060177701,0.815357611859176
2019,Indonésie,IDN,68.325,72.389,18.9917,16.1253,17.2,21.3,4106.94856160358,35.4,196.698,146.485,3.35,3.747,2.338843802504,16.909,92829223,90889568,2.87862897,21.3,27.2,0.21,0.4,8.33184160276511,8.69625433190894,8.78657979397275,9.16353276322896,8.41916652735919,8.78108858911298,7.94068161563071,8.28485611497563,7.99165253427367,8.30964120800608,7.66159716522546,7.96047559522321,7.57706078747021,7.83421367765888,7.6440913902947,7.82148735222765,7.142163285892,7.19979088933504,6.57676208730221,6.53759871771635,5.84523674211296,5.71811012785547,4.86763477002431,4.65224558913627,3.79446799588186,3.48122535411085,2.6968733153951,2.32111684119756,2.00337377655642,1.51627325775778,1.45599689500233,0.985833922501203,1.26481971484101,0.736255668047125
2019,Iran,IRN,74.987,78.832,22.2883,20.4361,11.5,12.7,3831.27894763337,36.5,115.996,61.302,17.633,9.144,8.00417701454658,14.918,30658473,29468916,6.27398872,11.9,17.7,,,8.46226216839544,8.63383305876506,8.02874775429746,8.21039971751408,7.17154769626336,7.31032496180122,6.48817024015036,6.59724608711863,6.90713166154289,6.93019896958695,8.97665124684485,9.02950331201615,10.4469084100219,10.4508680595565,9.52893006458481,9.6053651659946,7.32272281765786,7.41312464226626,6.15160244294615,6.27252331557373,5.1787777110408,5.09180583828231,4.40518129604815,4.3166536982634,3.56480213839587,3.46009836133145,2.88628933254635,2.84689643994798,1.91518015928576,1.82461536611568,1.29094266717692,1.12827195273516,1.27415219280108,0.878271053130792
2019,Japon,JPN,81.41,87.45,29.1491,23.9225,1.7,1.9,40415.9567649547,33,64.385,35.483,2.168,2.496,8.99842379158671,7,37901960,36817424,10.96998405,5.7,10.9,,,3.58922084437025,3.96154357579775,3.98047693842982,4.40824014128238,4.18428512541486,4.63787553977366,4.47930264461224,4.95929660933009,4.55981605797744,4.98117976190484,4.57018091266979,4.98068225232794,5.05295811031359,5.477965688509,5.69320068696198,6.090275600276,6.78978780524028,7.23605711642545,7.58360324901268,8.11478259897582,6.40981181549448,6.94667453291766,5.89142477086058,6.34682739758103,5.82456601753012,6.12106062063738,6.85067968667132,6.91584428441291,7.29534129068023,6.90154815288586,6.15349021684201,5.32070743406593,11.0918538269183,6.59943869289632
2019,Maroc,MAR,72.253,76.391,20.7084,17.7206,16.1,19.8,3508.09765625,,127.57,85.895,10.625,8.749,1.98431698656023,18.258,12080153,11836495,4.9953146,21.7,23.5,0.1,0.1,8.92267882469165,9.15477060747802,9.14658910572362,9.46193751911965,8.74960982773066,9.01951686293787,8.11997338112362,8.41733812941181,8.01366355325629,8.22469978227213,8.12457553817415,8.31265942617093,7.97331797644661,7.9718520388953,7.43893502404125,7.33211694930053,6.68991304517118,6.51061883134322,5.86589821986613,5.76056365489247,5.27446804433679,5.07314615807693,4.69824172219076,4.56456298295802,3.82938794128306,3.90008838896878,2.83362061485209,2.85589371316061,1.93737423734239,1.70253019746784,1.30060305271397,0.98412200723984,1.08114989105579,0.753582750306044
2019,Mexique,MEX,71.587,77.422,21.9486,20.1811,11,13.4,10369.5553585271,,203.802,98.915,3.515,3.453,3.85856547199239,16.877,40125074,43279157,5.29685831,13.3,17.6,0.3,0.4,8.08750516919383,8.84385583411508,8.58621918766191,9.38320168041283,8.53992049226109,9.31570091236686,8.59805362291395,9.31465080961941,8.35494017834281,8.85507191209851,8.29482264091527,8.48100978664707,7.74715346990868,7.64400516608057,7.27466567488137,6.74675815303451,6.79747043030665,6.16558144336222,6.26963758453114,5.76529371684382,5.45284708445545,5.0469090295091,4.5936066935349,4.23044229396114,3.63471315725258,3.33074449637064,2.75807610779895,2.50651353809623,2.03694129222757,1.81086745694648,1.42883172088863,1.22564560439493,1.54459549292521,1.3337481661406
2019,Nigeria,NGA,52.769,53.24,15.1956,14.8417,60.4,71.5,2265.15520863056,,368.64,356.052,4.911,5.467,0.619418110857536,34.685,56917622,55782120,2.98547053,16.2,18.1,0.64,1.5,15.9128955238147,15.9735911777278,14.555195954723,14.6547040891911,12.5814099662742,12.772296221113,10.6040153471149,10.7842737275642,8.70378775650426,8.84690073000328,7.33668038492807,7.41081944961442,6.30814782332352,6.32132451636476,5.54858024104766,5.55697199122195,4.62976567565747,4.62859703514514,3.62037370794482,3.58192097519724,2.87895005471868,2.80192374692006,2.32967778978062,2.19277474948223,1.83400073071397,1.67705536523422,1.35054981278806,1.20004198136344,0.914748828598161,0.822725355589342,0.540657647584365,0.482994111747958,0.350562754483444,0.291084776519899
2019,Pérou,PER,74.106,78.576,23.55,20.7779,12.8,15.6,7037.00803692604,41.5,143.468,99.418,3.736,3.078,1.7923189290075,16.853,10585132,10664411,5.1381588,10.6,10.8,0.36,0.4,8.17092103969962,8.52435594080379,8.47242737934531,8.83066167063966,8.74936760537629,9.07076896064431,8.45821799021724,8.62882675437071,8.50751919396603,8.39679372655794,8.49599806764597,8.2759147262703,7.99528684547598,7.88407189493691,7.13675094590751,7.09702298676294,6.46509385985106,6.54820190786902,5.78100317427,5.94398619709206,4.90986777095792,5.03075684925102,4.20862136021121,4.18360847494591,3.57018813016145,3.45272391201094,2.96567002369757,2.78681057524327,2.26168004873652,2.10131746178211,1.60742139957352,1.47189286579275,2.2439651649068,1.77228509502637
2019,Royaume-Uni,GBR,79.554,83.275,25.6352,22.9938,3.5,4.2,42794.0022648288,32.8,85.187,53.185,3.414,3.793,5.36285812909907,10.645,21003272,21320661,9.95388126,8.8,12.7,0.1,0.2,5.54034607620493,6.03893597853434,6.0004891263043,6.515985930462,5.73707520818131,6.23686444095488,5.30456568395014,5.79532810327142,5.96375042986869,6.53308199098469,6.55418403031341,6.98485080811582,6.5668254597862,6.7081055816084,6.6224603527929,6.71561475454431,6.07490737214578,6.21888334370271,6.66294780607889,6.68086190817374,6.92787265786597,6.63794520416327,6.46658944637896,6.25424389508787,5.79702161121687,5.5894585578672,5.20922151978706,4.9242337332295,5.05656446160334,4.80321556879022,3.68790183544587,3.22351896604917,5.82727692207542,4.13887123446044
2019,Russie,RUS,68.24,78.17,22.4742,16.7785,4.2,5.2,11447.701171875,35.7,289.46,108.717,4.356,4.661,13.1301023639266,10.1,47084398,50801738,5.64849091,15.1,34.9,,,5.48697765588677,6.68976724513125,5.66290129480565,6.89183741913811,4.88614288926661,5.90729478001599,4.40836503936255,5.323856961264,4.48421845623527,5.37564243092137,6.23140536837933,7.40957601467876,8.1084571676956,9.44940797180703,7.55664972607236,8.5236837326441,7.02204217237974,7.59696381689994,6.46911164177791,6.88560029528461,6.03018770167625,6.08210766464704,7.49321399125266,6.94964177209945,7.40158955121333,6.11400385162973,6.42209861476753,4.64447927426449,4.11672883587394,2.61869039842325,3.02853524473947,1.51890646171101,5.19137464861505,2.01853990943987
2019,Sénégal,SEN,65.859,69.574,17.8498,16.095,30.4,39.3,1431.18128932159,,211.564,149.901,3.048,2.754,0.674399351993485,30.405,4535555,4561570,4.49531031,21.8,23,0.19,0.3,14.2928542120731,15.005638822617,13.5029646795174,14.0986855423955,12.188015743445,12.6138611906754,10.8335056337927,10.8858253328141,9.40062660551297,9.2867772016797,7.98355722512024,7.70014338227257,6.84813425157744,6.52724526604445,5.66656686826438,5.53765506005227,4.59230746998452,4.52739048321285,3.70612730076694,3.55593728386608,2.96641487332149,2.899650152584,2.38316237916427,2.2550203628019,1.96086568691314,1.75683706106854,1.50736964265996,1.33836575214772,1.01827718808615,0.923758019266891,0.645638846873926,0.674581587734757,0.503611392926319,0.41262749876629
2019,Suède,SWE,81.5,84.8,26.4076,23.7463,2,2.3,51773.0464558993,29.3,58.136,37.733,6.957,6.722,3.80778580404668,11.1,3275366,3125570,10.83224297,7,9.5,,0.1,5.73023409460714,6.00291551196098,5.91051235366947,6.1858531993009,5.72207343090447,5.9970152322974,5.26970455364056,5.70559945245405,5.5139177966756,6.0142904773452,7.04609708430445,7.36026033968394,6.69677370998156,6.98016625827381,6.15289580760091,6.40232575482713,6.07886273616878,6.24712905449566,6.39476065820352,6.49892590728649,6.57810161239646,6.70650935295889,5.9001500720614,5.9592050795024,5.53736258112595,5.48960085381883,5.38878761990133,5.20997596071304,5.62833343297693,5.30895557021705,4.23707726123038,3.83216393337017,6.2143551945511,4.09910806149407
2019,Suisse,CHE,82.1,85.8,27.1374,24.2329,3.2,3.8,84121.9310304414,34,54.626,32.207,4.712,4.114,4.47556231400024,10,2879477,2813361,11.42588997,6.2,9.6,0.1,0.2,4.92993191535623,5.28046327548423,4.86939938172158,5.22529464210789,4.70615583715661,5.05976523595697,4.7492826651894,5.13989726458073,5.39653204326792,5.83317212119987,6.45941347976486,6.77670383987322,6.97832324650527,7.23001747202607,7.01501979393032,7.27776995549605,6.73677137461126,6.92748321728802,7.07830485775317,7.27237532347224,7.64651729757049,7.90704966751908,7.11690967190534,7.35005097280847,5.91441250250099,5.98825310062058,5.13732003020844,4.87030669952182,4.85370533354768,4.44885548004116,3.96514695388587,3.3627244795708,6.44685361512457,4.04981725243282
2019,Togo,TGO,60.887,61.204,15.5273,15.0707,36.1,44.2,826.260654099894,,272.445,260.027,1.799,2.256,0.233697755943826,32.925,2386682,2358919,5.91268635,22.9,29.4,0.69,2,15.0592131977977,15.1462438400119,13.7280103907098,13.8269756781644,11.9816447578686,12.1097557377132,10.139291427415,10.257212677605,8.6918392285639,8.79674340462906,7.67789939676922,7.78394196212293,6.70992249367535,6.81467292445476,5.84365787001137,5.90718157715211,4.99791622846497,5.02544758847758,4.10358690182425,4.06239746578627,3.28351086465058,3.18441363567057,2.58806918762839,2.44818344788167,1.99678639554319,1.83539108099437,1.4713125409079,1.31652901782172,0.950411225691163,0.833346362881095,0.50480835180857,0.432020617172646,0.272119540670006,0.219542981460697
2019,Turquie,TUR,74.678,80.89,23.4046,18.7218,8.4,9.7,9215.44049888114,43.8,108.758,47.84,16.502,12.391,5.00896106827559,14.4,28570900,28008845,4.35954332,11.1,22.1,,,7.81456944632378,8.18344583401894,7.49801022346544,7.85599781176275,7.10892990456591,7.46150377860963,7.52887974698532,7.87480341445616,8.10231985055679,8.40660526257062,8.00856305569907,8.265172385413,7.9011612746472,8.1257546450219,7.97059424548217,8.14807093894619,7.49188557863943,7.55762065335906,6.0945317934805,6.19480542444391,5.6425384004499,5.68764862877023,5.05863174566675,4.95162285037304,4.11185454562002,3.90665273296722,3.47446221906344,3.04922257088457,2.39974890598209,1.93790624036717,1.70722070174051,1.26568961555204,2.08609836163171,1.12747721248355
2019,États-Unis,USA,76.3,81.4,24.9911,22.0077,5,6,65227.9565911038,41.9,136.839,79.455,3.608,3.72,15.0410554761903,11.4,110943663,106076635,16.66125298,10.6,15.8,,,5.73266196727175,5.94765850001493,6.02966763270218,6.30486315531031,6.43965375916541,6.75781822285611,6.35852224552037,6.71179364950851,6.38214785518942,6.78175236692959,6.91773034854805,7.34972103076074,6.81445259836036,7.2188420080988,6.64265566774431,6.98074315401067,6.1076316980293,6.36548731220563,6.12907412332807,6.32986472870879,6.24328804036061,6.35601880784565,6.6781457367533,6.66237279041284,6.33546349566872,6.05919897683632,5.3881692878733,4.95729545272959,4.35885725252716,3.87360770131241,3.06366444290101,2.50018913310965,4.37821384805665,2.84277300934948
2020,Afrique du Sud,ZAF,62.174,67.948,18.4288,14.8359,22.9,26.9,5580.60383075189,,353.022,255.531,30.971,27.697,6.91474134743811,19.522,19744207,20766793,9.01329231,23.9,22,6.7,18.4,8.86863035088625,9.55037560694253,8.5418324883985,9.20064151951422,8.62073579813786,9.27539005028712,7.80242223828354,8.4732694274578,8.53070559195739,9.09281569175941,9.11983940067223,9.55068532902159,8.93097240014949,9.45703864611698,7.91091709535311,8.44157737098335,6.29043752531473,6.48319275269395,5.32286736930262,5.0709808978227,4.75275303294519,4.12563763820305,4.34816952130597,3.59740493059511,3.59127598081812,2.90758238620066,2.70767147956117,2.06552463286915,1.78885505742939,1.23160474207647,1.20154125555425,0.69355963057916,1.67037341393018,0.782718746876721
2020,Allemagne,DEU,78.7,83.5,25.3918,21.6765,2.9,3.3,47379.765194548,32.4,85.005,46.195,3.487,4.222,7.72661459979177,9.3,27189152,26361081,12.6902256,8.6,14.8,0.1,0.1,4.5880217675247,4.95399084091333,4.34122503790879,4.70423565679254,4.28958756832762,4.66014760759759,4.47738101330019,4.91525743901823,5.19852702122152,5.87380227304899,5.701845907267,6.31908321463381,6.37406599144373,6.9423740898038,6.18198556415985,6.53496074893376,5.88380173417764,6.10542285790193,6.10305430719667,6.31630659630307,7.77859240939354,8.09742794082085,8.01675730603056,8.24528982966966,6.89844777818402,6.86778562084665,6.04991580331311,5.64475850625441,4.83766703745324,4.37091915511851,4.80137531116494,4.01379130461949,8.47774844193289,5.43444631772336
2020,Brésil,BRA,71.537,77.599,21.909,19.0707,11.3,14.2,7074.19378337644,48.9,183.092,93.221,16.25,11.804,2.1442619310431,12.995,71942990,73378103,9.62326527,12,17.6,0.57,0.7,6.51417217635689,6.98085788236768,6.68145300524604,7.15563586970785,6.86119787921849,7.34029722725109,7.31209597963007,7.78836846195906,7.78507431215545,8.1907007292458,7.6674389211586,7.97178813877533,7.93820184881697,8.15299670989612,8.05680164636531,8.16866162559849,7.43772115523204,7.42802143582378,6.62124681947248,6.52852098332985,6.04841389875883,5.87557048398702,5.66783998386941,5.40101994591387,4.80992120978031,4.44754187227932,3.82582063543581,3.3745751217958,2.78699270626555,2.32322013065301,1.87718829268661,1.496908832427,2.10841952955114,1.37531454898894
2020,Canada,CAN,79.34,83.84,26.457,23.4353,4.1,4.8,43537.839298904,29.9,94.266,53.912,9.521,9.777,14.375353122034,9.5,12663138,12488351,13.02419472,8.2,11.8,0.1,0.2,4.88469228885547,5.20319639139519,5.22938660244576,5.54256296986437,5.31234658462143,5.58618933738041,5.36021081607721,5.67921867066158,6.20562741437849,6.85804546333103,6.68502464420908,7.2314494144135,6.85163184177434,7.14468443414002,6.85590882726854,6.97019478314911,6.50577391740139,6.46700060906068,6.30837398617157,6.28103158391345,6.48949638222474,6.49988055281439,7.21618563335322,7.23080083241018,6.78496501371199,6.66228179532877,5.83436789265167,5.55229960945081,4.84940911089541,4.50062125455428,3.39757948652589,3.01295605827926,5.22901955743378,3.57758623985295
2020,Chine,CHN,75.245,80.999,23.788,19.5984,5.2,5.8,10627.4637989619,37.1,112.888,55.87,4.342,5.537,8.51990149528736,8.52,503795065,475507276,5.59359741,11.2,20.5,,,5.40143846650073,5.88262216653589,6.00652430984672,6.67317021463328,5.60887087601176,6.29739240662151,5.25199428913293,5.88869127246849,5.54170066313958,6.13339489734014,6.68805257770573,7.20292509971136,8.38381105445806,8.74277638361517,7.17716869362443,7.29376545054581,6.5372705604395,6.54683567369194,8.26127339100399,8.14502569870077,8.52687592785633,8.252285740017,7.01431572973728,6.65691141335548,5.50034179455088,5.03257098976672,5.46066950582662,4.71421257559109,3.54636387693466,2.9932455554783,2.27523687330835,1.80569859182356,2.81809140992244,1.7384758701035
2020,Chili,CHL,76.76,82.031,24.7754,21.1672,5.4,6.3,13114.815470545,47,112.593,62.227,11.15,10.786,4.51602385137412,10.097,6705296,6652758,9.68910599,8.2,11.6,0.37,0.5,5.66374824125018,5.93739581969241,6.2196674867191,6.53170789864696,6.07904452380981,6.3989332351732,6.33432865526378,6.63347014609884,7.40928352893084,7.70188550818087,8.18613476892745,8.48831885559566,8.0149748615786,8.30202117387626,7.30139009080004,7.52142698428986,6.86188813208638,7.03400004058864,6.63943108753371,6.73374794987169,6.410565751967,6.39236223623032,5.93573603509895,5.78979748087832,5.22807687956896,5.00880363337833,4.35175335309463,4.07045875590021,3.3561575640607,3.00184616004265,2.33651014432981,1.96171308330008,3.67130889498008,2.49211103825572
2020,Corée du Sud,KOR,80.5,86.5,28.496,23.097,2.3,2.7,31721.2989141857,32.7,72.653,33.474,3.99,3.886,11.848886258897,5.3,19142411,18212428,8.3554945,4.4,9.7,,,3.28055426593283,3.46321297238167,4.25789778867696,4.49504537651701,4.22568247797635,4.5076247909471,4.69903544782229,5.08612922577459,6.20726409696764,6.83519092827528,6.5200837601931,7.47781621133864,6.00629164651965,6.68751358290117,7.1963490727238,7.71545075022203,7.32297953577435,7.67789781056614,8.26653002016948,8.55568112664919,8.36149805143893,8.44465722620573,8.14440735040002,8.18721450090503,7.47478236412567,7.26329057986005,5.30511018087039,4.92674107675657,4.09323811743765,3.57985967998101,3.53089668484553,2.62762097755272,5.10739913812534,2.4690531831661
2020,Côte d'Ivoire,CIV,58.242,62.336,16.313,14.0805,44.2,57.2,2179.72934832935,,346.703,292.938,3.054,2.238,0.452374092479076,33.651,8211428,7785554,3.62327886,21.2,26.1,0.6,2.1,15.9465437975634,15.4852040395345,14.2163115293828,14.111988605243,12.2526780546957,12.3583565484556,9.74698748002892,10.1529822918155,8.2843769092864,8.42242456378938,8.03316040847172,7.41148794140319,7.69299819705405,7.05585209839436,6.51866601790393,6.38998757642927,4.89403204250847,5.33516402089495,3.52457980502625,4.06355689271169,2.68456800402828,2.97386621500798,2.11186336740092,2.20127064894256,1.5382999494768,1.59815882092652,1.03679287665299,1.08212338133076,0.688643645767629,0.674379846518978,0.435465730880136,0.381686303095376,0.394032183871649,0.301510205506439
2020,Espagne,ESP,79.5,85.1,26.6746,22.1853,2.4,2.9,27233.9426461608,34.9,74.242,38.335,17.446,13.882,4.61881039769403,7.2,15772624,15598674,10.73210335,6.3,12.5,0.14,0.3,3.92937232749655,4.30700156092247,4.58281346700521,5.04478911212539,5.02792682450077,5.53090527204473,4.80459218811416,5.29709038115824,4.79774203926252,5.22202389969699,5.26595713220538,5.60703934291153,5.84401778293696,6.10571248941885,6.76388725998642,7.1058515963184,8.00065855402137,8.53435668183391,7.94075684623846,8.46705157535094,7.68911691668783,7.97467080079988,7.27071790322467,7.30793559489338,6.34901224006606,6.18820939314268,5.29857158940331,5.0118860066466,4.93046676448531,4.38899029208926,4.06521712653443,3.36670084020354,7.43917303783061,4.53978516044321
2020,France,FRA,79.2,85.3,27.2718,22.7541,3,3.6,39169.8606000707,30.7,92.805,46.852,7.95,8.064,4.25028967719613,10.9,20665613,21120933,12.07226849,7.2,13.1,0.1,0.3,5.06307344840691,5.64997795997863,5.58311325179012,6.23045655296572,5.85770209575739,6.55427978623059,5.76708081758582,6.49183723563251,5.60635234428134,6.19727278855513,5.44364632632015,5.78947287636438,5.90611368377475,6.07249732362219,6.06611823448168,6.18147733549047,6.04671799169981,6.36114767741528,6.50057773290308,6.80050717108871,6.47043047659989,6.57474887657287,6.50986513013016,6.52884417316465,6.27805540323835,6.11257877522135,6.01743002563436,5.65404233287925,5.61238208981946,5.11712849219691,3.58607565488473,3.05717587511039,7.68526529269198,4.62655476751098
2020,Inde,IND,68.529,71.938,18.8664,16.7233,28.1,28.2,1907.04251637669,,199.714,139.425,6.749,8.219,1.65329990364908,16.744,488513474,454575427,3.34146094,20.1,26.4,,,8.37902914880103,8.52469639305705,8.69095659291049,8.92078133748657,8.94184376222366,9.21237682688252,9.19693578477911,9.49353541205569,8.87970796304834,9.18313543313787,8.52544382638682,8.72518178149608,8.09734200986185,8.22944654071049,7.33172118181574,7.44115485557984,6.43210324050768,6.45352985086206,5.7039822156412,5.61695663515628,4.97142698860088,4.82596401622376,4.28931548191404,4.12083511782258,3.57484160285409,3.36814813229768,2.78522315299131,2.54278870435307,1.83596089616931,1.57588526597258,1.17994682163265,0.933962457839017,1.1842193298618,0.831621239066883
2020,Indonésie,IDN,66.644,71.097,17.8768,14.5447,16.6,20.6,3853.70288774146,35.3,222.653,163.755,3.773,4.57,2.16241358646151,16.674,93828553,91829971,3.42067289,20.9,26.9,0.2,0.4,8.15933787063282,8.52098258367195,8.69369275007803,9.06875016752883,8.42952810931557,8.79123297808398,7.92176206283184,8.26685551522004,7.92214636427089,8.23921221698781,7.63593649633358,7.93429000863158,7.48263130266564,7.74572089630483,7.59731401888174,7.79371136547964,7.17602493751418,7.2523186587722,6.60063573257524,6.57113022668135,5.92497164168013,5.80178930967287,4.97523115064242,4.75515101408239,3.91917847482811,3.59545569902538,2.81775665567037,2.42275207125748,1.99438625182554,1.52295612309376,1.45909968820648,0.978623672424772,1.29036649204743,0.739067493081154
2020,Iran,IRN,72.217,76.238,19.9717,18.0744,11.1,12.4,2988.78122414716,35.8,142.535,79.096,15.739,8.504,8.12054880244497,14.008,30849884,29676208,5.40149546,11.4,16.3,,,8.06758314290625,8.22070627609156,8.16669287342704,8.36633979393156,7.28447174281457,7.43348039752896,6.4766174461335,6.58871910081711,6.63081999763298,6.67082313462189,8.38751457696629,8.43219053680886,10.1821279877811,10.2019359701856,9.83868766759775,9.88815283571329,7.64952407884688,7.7303954937972,6.23952491409668,6.36228606752785,5.34971862413753,5.29143326379149,4.46025479239805,4.36160953199133,3.68596372299448,3.56127800292819,2.94718034703091,2.88655423524985,2.0427423845273,1.96314447867757,1.31714887395965,1.15944247729671,1.27342682674905,0.88150840304099
2020,Japon,JPN,81.56,87.71,29.442,24.1474,1.7,1.9,40028.7341726762,32.3,64.557,35.611,2.531,3.029,8.49169181299055,6.8,37702409,36616170,11.20903683,5.5,10.8,,,3.48949746521045,3.84940512040755,3.94412979307607,4.37023182348686,4.18008445730392,4.63664881729017,4.42868998501378,4.90741802631796,4.58641208098407,5.0131523036528,4.58622864539856,5.00504021528709,4.93397452816555,5.3642774566296,5.59169017293076,5.99028093861246,6.52338582741218,6.95641356526899,7.66682419681316,8.1904055508563,6.580360765475,7.11580625629764,6.00735520970646,6.47190286101955,5.79571156548286,6.10821697667158,6.50972568121494,6.60614815914626,7.73062649901026,7.30704199362606,5.97113713042983,5.18141310926283,11.4741659963721,6.92619682616629
2020,Maroc,MAR,70.852,75.718,20.0257,16.31,15.5,19,3268.0302734375,,141.706,91.74,12.251,10.914,1.84687338318216,17.85,12201925,11954752,5.59079361,21,24.2,0.1,0.1,8.78999461143832,9.02028436043588,8.9845653042881,9.30259355790956,8.80660198184231,9.08610643009375,8.08836357773994,8.34206557812982,7.86816409053667,8.10135229069573,7.96453432005848,8.14605023189984,7.89125871500471,7.9588077329685,7.48601237602443,7.39715602751182,6.74322178568984,6.59404394858142,5.95396589305472,5.83767888379715,5.2826565609051,5.11355491255629,4.77612624251619,4.58825598069443,3.94868940904704,3.97818985166986,2.96047909613503,2.98332298240212,1.99978854312285,1.78978807009703,1.33984156745309,1.00804102779983,1.11573592514316,0.752708132756973
2020,Mexique,MEX,66.89,74.109,19.6318,16.5348,10.6,13,8841.2707511328,44.6,279.914,143.172,4.088,4.661,3.37396129154087,16.565,40568766,43790170,6.0537405,14.1,19.5,0.3,0.4,7.92668324740113,8.68257031618098,8.45889158420841,9.2615810191973,8.45877188544233,9.24534361708623,8.51987580362951,9.25371298547052,8.27792546508227,8.81038712843223,8.24753655719248,8.4698794933447,7.77337368163894,7.73202439234853,7.29132066242095,6.81657838431051,6.80506744419302,6.1576413083728,6.31982706167812,5.77395480627062,5.53352126346529,5.10048551503428,4.68988589469587,4.29855124586489,3.74204277515205,3.40726421425921,2.83527167837113,2.55847543514124,2.09024277196315,1.84420415479718,1.456440107441,1.24221885819636,1.57332211602435,1.34512712569241
2020,Nigeria,NGA,52.707,53.432,14.9482,14.2645,59.1,69.9,2019.65706326224,,373.086,356.862,6.071,5.451,0.570700371517378,33.732,58601957,57368892,3.38063431,16.9,19,0.54,1.4,15.5312615747326,15.5876238039796,14.4749441002694,14.5625162672431,12.6527019549942,12.8390265062855,10.724871783827,10.9021244846605,8.79000839156386,8.92929698039588,7.3730239775567,7.4550316404426,6.29887887405609,6.31796675662962,5.53852610457018,5.54720257119702,4.68147504380524,4.68274073069471,3.68668692221122,3.64929914804339,2.90175376267059,2.83233091585101,2.33856301198336,2.20867388053627,1.8402326677926,1.68683254002094,1.35917092110205,1.21029560594437,0.910867761472329,0.809978790089042,0.544149683262599,0.48624333620341,0.352883464129951,0.292816041783052
2020,Pérou,PER,70.397,77.976,23.0266,17.5939,12.7,15.5,6133.32552410183,43.7,196.455,108.226,6.993,7.325,1.44701754603937,16.61,10757988,10842650,6.36273861,10.6,13.7,0.34,0.4,8.05405325219676,8.41659445309268,8.29794954260875,8.66285629252189,8.61758904278972,8.96243002966269,8.41841425183361,8.63842880544544,8.41882378937442,8.36729623208381,8.45541521024247,8.2389074875949,8.05187815281338,7.92469743358236,7.22483377402101,7.17288657147884,6.49601469918209,6.55456637802024,5.85897450404321,6.0121025344305,4.9948866962822,5.12500050438435,4.25097843827318,4.24334888222925,3.61455406625122,3.49441453937726,3.00257453499818,2.81228513990766,2.32532382057511,2.13400128902299,1.63443398923754,1.47411371109867,2.28330223527713,1.76606971606646
2020,Royaume-Uni,GBR,78.362,82.4,24.8111,21.9343,3.5,4.2,40404.8062238951,32.6,94.193,57.012,4.156,4.76,4.77967607575213,10.204,21026846,21307458,11.96547699,8.8,13,0.1,0.2,5.4366726522434,5.92108186361337,5.97355268925582,6.48808165473142,5.81773980946759,6.3199135735838,5.30870353757972,5.79672013078666,5.90986179321006,6.49005878879861,6.48742633685611,6.94420950255911,6.52416321764408,6.68985950575874,6.63813447767146,6.71935049787556,6.12351133634104,6.24199336165917,6.52627874770497,6.59603166553774,6.92538927250647,6.64187099064378,6.5397141167933,6.2884363918239,5.84429789333968,5.63957872253595,5.22654120053964,4.8969354723811,5.08858175814369,4.86403656520799,3.77733736376874,3.26639300716356,5.85209379693421,4.19544830533953
2020,Russie,RUS,66.49,76.43,20.6254,15.0535,3.9,4.8,10108.3271484375,33.7,294.051,127.867,5.574,5.664,12.5911035596177,9.8,46769410,50340495,8.04076004,13.5,32.4,,,5.21594637727304,6.3566544343532,5.82305059314687,7.09091174026772,5.02056016547678,6.07663207240226,4.5159592491011,5.44502604553239,4.40272900102713,5.27324302301018,5.74643955426662,6.84186387124479,8.02131927295843,9.38010183127513,7.67904038691355,8.6849874282617,7.14851532054315,7.7751427759726,6.60945474357223,6.96557206810114,5.93253001271889,6.05731107962761,7.14932148398924,6.68775271271203,7.50564317601202,6.22601504189343,6.52222262884721,4.72142187619058,4.78703170784973,3.03694421408499,2.53612897380381,1.28949734238336,5.38410735250018,2.09092244268691
2020,Sénégal,SEN,65.485,69.693,17.6881,15.3757,29.5,38.1,1461.08720350553,,216.375,149.198,3.685,3.292,0.644121683087224,29.931,4709880,4715834,5.15119171,21.4,23.4,0.2,0.3,13.9754821266612,14.655632456556,13.2701973185921,13.8990689811681,12.1936487154648,12.6461954889518,10.8888847876594,10.9719147113683,9.5307023463978,9.37847852503038,8.07330030878639,7.79293736426748,6.87410082052332,6.50679534028766,5.73509290551238,5.54992647683895,4.63275480667106,4.57090212433253,3.7559782958113,3.60985042691674,3.01534450870106,2.93126650741306,2.40712012030595,2.32221411344658,1.97118355571044,1.78244027474924,1.5324123178255,1.36370976779977,1.02298534039662,0.925288761148709,0.62427346418909,0.661529017013427,0.496538260791631,0.431849662711212
2020,Suède,SWE,80.6,84.2,25.8952,23.0821,1.9,2.3,52653.7565934247,28.9,60.859,36.66,8.285,8.296,3.65038023103814,10.9,3296864,3143403,11.33296967,6.6,9.4,,0.1,5.65050090718382,5.90704044749274,5.87059273263479,6.14702647294255,5.80941723584145,6.08214463275535,5.35914458499171,5.70228833259429,5.336546391467,5.93259966944814,6.88253497884469,7.1923055512365,6.89842661171045,7.16110276093345,6.19032072231019,6.45396748613583,6.02563091969399,6.19604297558101,6.39217847849133,6.4944610488207,6.44545189729087,6.55726014354627,6.06275999464642,6.12364597550231,5.51402725760084,5.47379099985219,5.29192346395219,5.10916657548657,5.53448712743719,5.1984942806082,4.48171261843276,4.07435881193288,6.2543440774703,4.19430383513102
2020,Suisse,CHE,81,85.1,26.6774,23.4382,3.2,3.8,85897.7843338323,33.7,56.763,32.498,5,4.656,4.1544461921146,9.9,2892463,2825707,12.00404072,5.8,9.3,0.1,0.2,4.89256589408594,5.23435544642193,4.881356477257,5.24823429549912,4.75204620668626,5.10336943466899,4.6918415314636,5.05908540950419,5.32246310855734,5.76429422320315,6.35395915798444,6.67748750378753,7.00392157313139,7.26240518355186,7.04534817815393,7.30583781713462,6.7789177974185,6.96878005383127,6.92178043669637,7.1065655353422,7.51780901841227,7.73044895860814,7.25190695035526,7.50030498479275,6.0370060061112,6.11266499793916,5.13932237007959,4.87546473734336,4.85028939475466,4.43177309411329,4.08122692580021,3.50274159752317,6.47823897305203,4.11618672673526
2020,Togo,TGO,60.781,61.445,15.4214,14.5819,35.1,42.9,853.578220263722,,275.316,258.678,2.047,2.39,0.255533050663689,32.454,2452770,2421753,6.18928432,23,29.9,0.62,1.9,14.9072301391177,14.9878401658955,13.5637766119564,13.6587305475063,12.1176977598941,12.2403681253688,10.1661117701007,10.2849172054052,8.69631625068367,8.79952340379448,7.64937325372265,7.75324651337593,6.70337395977189,6.8094612101923,5.8328852874089,5.90317814549882,5.01904987667333,5.04939133144189,4.15018483923927,4.11775496388416,3.32238616811487,3.22669535299197,2.61930585431727,2.48074611672867,2.0130405718535,1.85184654070243,1.48545199908891,1.32920139505115,0.965042212188674,0.844964782426788,0.51346294888287,0.439770819908606,0.275310496985374,0.222363379827008
2020,Turquie,TUR,73.441,79.887,22.3656,17.5038,8.1,9.3,8638.73903848102,43,117.598,50.391,14.976,12.31,5.0704098162876,13.4,28746875,28176709,4.61640215,9.7,20.8,,,7.4690772491441,7.79495795868653,7.61809129695646,7.94419905475105,7.19299531937929,7.51996523841437,7.36693646481551,7.70195088811519,8.02589787030264,8.35730982310372,7.82340486070385,8.11269796523567,7.7192024105081,7.94094259408983,7.78176595069567,7.95950964412725,7.60991668719907,7.68475840115188,6.29470751196315,6.35893542969062,5.5659353575243,5.64514711551538,5.28410307673879,5.18009550937906,4.14575322224487,3.97283092495719,3.6498365816018,3.25563638775876,2.53629412259853,2.05325359195738,1.75910071204058,1.31215860711809,2.15698130558326,1.20565086594803
2020,États-Unis,USA,74.2,79.9,23.7455,20.6261,5,6,64401.5074354212,40,162.99,92.267,8.356,7.807,13.4690678251844,10.9,111150705,106149519,18.8132534,10.8,16.4,,,5.61283642406967,5.81680628474578,5.97442284188289,6.24218386184209,6.41044026540406,6.72443212104441,6.35427348089697,6.70035065235711,6.36258221540656,6.75068657184279,6.80167889066784,7.22395703785616,6.87503833692124,7.28143342517929,6.66154256181257,7.0076409010192,6.21096781344479,6.47474625447329,6.00278331048876,6.20490604472308,6.17334410452095,6.29959756980523,6.58912458248039,6.58066294998369,6.37204163170874,6.12994855963505,5.51047345500233,5.06920964132978,4.53527819240698,4.02014929368299,3.14919292355531,2.60403011999823,4.40397896932996,2.86925871048183
2021,Afrique du Sud,ZAF,59.193,64.772,16.2653,13.0802,22.6,26.6,6843.39941886204,,404.674,298.193,36.263,32.06,6.96772460183515,19.354,20170431,21129687,8.67432785,24.7,20.1,6.3,18.2,8.97634160451929,9.58080348240716,8.26127839445067,8.84117349151803,8.51229397997992,9.10716521044372,7.81410479812621,8.44273945192056,8.33899276538481,8.90991781732671,9.0664875575172,9.40928685009898,8.90060200516727,9.33182156669533,8.07085827996448,8.52045093865943,6.47899648743429,6.79176353037226,5.30814651730864,5.20697778438637,4.7421106295477,4.26154525319467,4.33961900494894,3.65471432658547,3.70217221714399,3.03578258979312,2.81425488076645,2.17922611290858,1.8725194894157,1.30222471008552,1.16033628622245,0.673294103148746,1.64088510210201,0.751112780455327
2021,Allemagne,DEU,78.4,83.3,25.7288,21.7748,2.9,3.3,52265.6541620571,,,,3.14,3.987,8.14706553835386,9.6,27036380,26215542,12.90171242,8.5,14.7,0.1,0.1,4.58075632132151,4.95112538486354,4.42570200021809,4.79384194624439,4.30454402122398,4.67349640405192,4.39896153944446,4.80928991301861,5.10588710404939,5.75922975174333,5.56169727736,6.18044519985048,6.38616217494807,6.97697387738654,6.18616207583941,6.57405857039849,6.01235026067584,6.23466797465745,5.87255277412341,6.06623116695183,7.51438922080983,7.80092190939048,8.08486339605409,8.33340603937571,7.11110545824671,7.09153762534063,6.11604741726486,5.7285395329334,5.1661333716113,4.64775786000621,4.36016285818431,3.6523853162417,8.81252272862475,5.72609152754532
2021,Brésil,BRA,69.81,76.401,21.6392,18.2314,11.2,14.1,7972.5366498646,52.9,220.459,122.951,16.444,10.678,2.41465421184281,12.754,72220795,73664479,9.63646507,12,17.3,0.55,0.7,6.38275336692087,6.8461899581703,6.6340555752159,7.11213281082416,6.75356495719856,7.23345186218842,7.16454723872282,7.64411150653018,7.69081414610699,8.10797812575237,7.62452126524387,7.93954926682156,7.80655355758092,8.03272467727367,8.03209100859306,8.16070852484149,7.55117097701372,7.55199386185879,6.71208352395999,6.62343630227943,6.06630958612167,5.89417799224334,5.71580062270168,5.44485904278106,4.92575758888338,4.55713250158265,3.93806811341542,3.47498919107701,2.92259297706228,2.42251901980565,1.93381756572797,1.53122881532218,2.14549792953088,1.42281654064773
2021,Canada,CAN,79.19,83.96,26.8053,23.4862,4.1,4.8,52886.6616372703,31.1,100.07,55.451,7.339,7.694,14.6869220036975,9.7,12665751,12486387,12.41920948,7.7,11.7,0.1,0.1,4.79504815819602,5.10834973033116,5.17325743082364,5.49117650253181,5.32198592673986,5.6021243233744,5.27018652616578,5.55426868691812,6.13079564421955,6.73833322581561,6.62634367373753,7.21014279880102,6.88744417933017,7.21010615990184,6.8732339072545,7.02656621152866,6.5653265898585,6.54235698823538,6.26209401008477,6.21838799050163,6.37618448328735,6.37191806338294,7.06377921035903,7.07210312907976,6.83961921018951,6.72131707421117,5.97356786027698,5.68507217405152,4.97415340411215,4.6099534018629,3.5576458848264,3.1654307798943,5.30933390053828,3.67239275957777
2021,Chine,CHN,75.486,80.912,23.6829,19.7183,4.9,5.4,12887.4357242941,35.7,110.958,57.385,3.953,5.04,8.93654217055142,7.52,503370826,474157496,5.38360548,11.6,20.1,,,4.96478986947743,5.38165941960044,6.02236780279951,6.6750073033997,5.69203328399042,6.39072513545304,5.23764031687087,5.88644969540307,5.44280853659893,6.05227809907707,6.25414406167322,6.78827412149642,8.3791236451851,8.79769268934968,7.3629678447234,7.51836168612488,6.53079797966831,6.5603873420411,7.82500019156989,7.73687073715199,8.64082476434345,8.38033468019369,7.75257391933406,7.36515273207867,5.15811108208361,4.7291700583795,5.61130919444539,4.85744099477429,3.85857513192044,3.21456831704307,2.36859089093474,1.87378770487918,2.89834148438124,1.79183928355418
2021,Chili,CHL,76.348,81.486,24.4945,21.1637,5.3,6.2,16206.8325493421,,127.874,68.237,9.561,9.087,4.57816462237953,9.07,6733999,6680557,9.68593311,7.6,11.2,0.37,0.6,5.36083165448126,5.62835860136407,6.16943515856094,6.47810923634308,6.12026798536831,6.44131369291508,6.15820760638297,6.46582682398217,7.19772460393622,7.48361285298624,8.0964704807365,8.39173596287238,8.12587573118348,8.42834540914339,7.41328134078948,7.63968116594418,6.89970131747174,7.08242356808835,6.63736907534541,6.74459519577783,6.43006563697527,6.42765622933869,5.99807317420429,5.8589691644248,5.32388345136487,5.09815229302197,4.45844717178625,4.1665861107214,3.50497911532204,3.14269506109518,2.41673443910839,2.02050335765796,3.68865205698261,2.50143527432323
2021,Corée du Sud,KOR,80.6,86.6,28.4905,23.2076,2.2,2.7,35125.5224984723,32.9,69.25,31.351,3.74,3.562,12.190010036597,5.1,18974428,18061692,8.95732689,4.3,9.6,,,2.98476646114152,3.16019548673461,4.18099899715719,4.41214363072923,4.28926682510808,4.5738847250613,4.41866881645528,4.7775581231757,6.06529890498929,6.60401418962417,6.57542963494073,7.52812093213805,6.04244174321079,6.75354716933955,6.83989929834886,7.37181339562525,7.44345696851006,7.83279048960433,7.96818024341905,8.26826541569625,8.50350140223191,8.6059691497195,7.93638466656959,8.05148346272911,7.85516310037446,7.64576750675615,5.77268950152252,5.38120475541425,4.25330524993564,3.74073597231498,3.48325203219477,2.64701991091709,5.38729615389028,2.64548568442047
2021,Côte d'Ivoire,CIV,58.496,62.313,16.3746,14.5588,42.8,55.3,2455.98127626488,35.3,352.433,303.065,2.988,2.363,0.489660231791538,33.081,8438720,8015067,3.76207662,21.3,23.9,0.58,2,15.5591579714472,15.1454583335083,14.3232744651738,14.1228154781392,12.3418182970354,12.4770020093308,9.90580336801778,10.2281776954796,8.24985268323158,8.56675751733362,7.79317242312751,7.27978924858423,7.58944994966605,6.93618042916665,6.60910033623696,6.36586101107736,5.03353587451745,5.38161661238982,3.62734350757523,4.1681883483813,2.70552109841311,3.03407655547228,2.12646890574379,2.2304566718236,1.56740564408338,1.61425617348683,1.05358610858839,1.09512477812103,0.691898042675885,0.680852614370149,0.436271162040868,0.382000663086757,0.386340162425562,0.291385860248597
2021,Espagne,ESP,80.3,86.2,27.3497,22.7602,2.4,2.8,30799.4775937775,33.9,71.991,36.57,16.733,13.065,5.00775222130612,7.1,15813500,15631458,10.30862141,6.2,12.4,0.14,0.3,3.76224891266282,4.12135914999762,4.49304817379941,4.94234811614547,5.00706024346597,5.5139827562628,4.87605390380883,5.36048242400934,4.83411952573853,5.28926057330849,5.20907345997828,5.55918611935548,5.75958823873863,6.04409957690471,6.53681911050092,6.84067181658824,7.85224419622877,8.34881844628231,8.02549159022658,8.57171278729218,7.70541006785264,8.01413568072886,7.39724158073299,7.47463224118675,6.54604821383199,6.36719890068424,5.42575156525819,5.12857471070402,4.93521772522979,4.3996582170176,4.16617243418732,3.44544367418668,7.46841105775836,4.57843480934521
2021,France,FRA,79.3,85.5,27.4308,22.9092,3,3.6,43725.0999521245,31.5,93.38,46.048,7.771,7.971,4.70830726633659,10.9,20715636,21146119,12.29229355,7.3,13.3,0.1,0.3,4.95929286774914,5.53000465416517,5.51823007820354,6.157373687797,5.84642976796548,6.53808539807449,5.78446522740461,6.50724191036224,5.67351202214679,6.29937242013747,5.41088886598961,5.77209401794694,5.86574314320507,6.06425446542645,6.00512703405954,6.10233797384928,6.12307820064743,6.40044379640325,6.34544986991762,6.65439267642233,6.45660855222792,6.56696271105106,6.50947045936406,6.52222794115144,6.28806746762698,6.13586445456861,6.00390738098377,5.62220091444772,5.78394419630726,5.25402337289827,3.82963287018757,3.26229617413006,7.59615199601363,4.61082343116825
2021,Inde,IND,65.87,68.835,16.2886,14.7967,26.6,26.9,2239.61384367482,,251.736,184.498,5.394,6.72,1.80206214055006,16.491,494806597,460474670,3.34680939,23,24.1,,,8.21230227384487,8.34197065828363,8.5410675717557,8.75956414334217,8.83202611245309,9.10339619241208,9.07505769354203,9.36791389939894,8.88512522537692,9.19530061058965,8.51103687347962,8.73880794425554,8.11784398257103,8.25238976935113,7.43071686759571,7.54114123287144,6.52456589493356,6.55950266653957,5.77753638269426,5.69910328060505,5.03129529063852,4.88310138732328,4.32899178129026,4.15221642571241,3.6111615822623,3.39929629642604,2.84192266072074,2.59124070876174,1.9036370989257,1.64363890035838,1.18894077879047,0.943020715675695,1.1867719291252,0.82839516809325
2021,Indonésie,IDN,65.546,69.437,16.5409,13.775,16.1,19.9,4287.17313995098,35.5,246.673,188.027,3.154,4.269,2.23779360089659,16.417,94757526,92712390,3.70634937,21,22.8,0.19,0.4,8.01359915969173,8.37440887028047,8.5572632092459,8.92853491319644,8.45350874055569,8.81782255677321,7.94953818579037,8.29734825115655,7.84169808652356,8.1592579175698,7.63899722550324,7.93652163102227,7.43332054132347,7.7040620052491,7.5169496308912,7.72874059327078,7.20692708898538,7.30322213775293,6.63063208749264,6.61153837453546,5.98799332863794,5.86787752455011,5.07762596444878,4.85095333282673,4.03257473912192,3.69593664973153,2.92528680625655,2.5089192945582,1.99409448856059,1.5331278810252,1.44780785190091,0.959426052183659,1.29218286507012,0.722302014317551
2021,Iran,IRN,71.951,75.692,20.1001,18.3574,10.7,12,4334.79268631354,35.5,156.932,97.957,16.098,8.011,8.34976909516343,13.687,31115307,29958275,5.77013779,12.7,15,,,7.61862237315242,7.76007745524989,8.29610628885744,8.50633824404734,7.37590424496594,7.5347536373195,6.54147099160538,6.65753398207553,6.46523858768864,6.52334555459812,7.829077663748,7.86086042327158,9.86681026981955,9.89829349084141,10.0472536184701,10.067907103249,8.01903093142591,8.09916803197183,6.34004575118015,6.45586028290177,5.51122132469996,5.49858817523169,4.52308504074777,4.40821860290923,3.8066132188657,3.66595393761646,2.9910985362711,2.90616276567653,2.1662465493459,2.09467195419983,1.34541993714938,1.19289230387163,1.25675467200664,0.869374054968729
2021,Japon,JPN,81.47,87.57,29.305,24.0463,1.7,1.9,40094.5599795288,,64.42,35.671,2.55,3.049,8.63230306127644,6.6,37450588,36368167,11.18996906,5.4,10.6,,,3.37619189220417,3.72238357144705,3.90080202751388,4.32198901539999,4.17261289386924,4.63104040482827,4.36951811312077,4.85120650775131,4.61277231446101,5.05421042052376,4.59528015185577,5.02048396349817,4.83986483064511,5.2689781071696,5.49629798732199,5.9015654551864,6.29328741623153,6.72126857487553,7.61408993814493,8.12735114082987,6.9225962512371,7.45560144747938,6.03167402577772,6.50456211793548,5.78354114792335,6.10887702229321,6.24767715627996,6.35077038626129,7.85970649511952,7.44562492655788,5.97052260726519,5.2176536439819,11.9135647510287,7.29643329398091
2021,Maroc,MAR,71.299,75.659,20.0817,16.9109,14.9,18.3,3785.93627929688,,145.059,97.114,11.935,10.176,1.97882571194012,17.458,12328533,12081448,5.522717,21.3,22.6,0.1,0.1,8.64807173579432,8.87321465164724,8.81476440279776,9.13457454600429,8.84030392799974,9.13571910961529,8.09113359373741,8.31330324676778,7.77549861223771,8.03453901628377,7.79914753501781,7.97162822483143,7.8095048670718,7.94496284121968,7.52130274528039,7.45291574899425,6.79523764899764,6.68008334674689,6.04436795822315,5.90981884131296,5.29459929747181,5.16140826356164,4.82854121171769,4.59665591750779,4.05573834718181,4.02737892654676,3.08238409336735,3.09511712276544,2.07179426092882,1.88438862142942,1.37680116080803,1.03323536637227,1.15080860136675,0.751056208393136
2021,Mexique,MEX,66.232,73.352,19.1406,16.2383,10.3,12.6,10314.0506725979,,291.422,154.911,4.086,3.977,3.54786659341113,16.353,40957489,44251459,5.89244318,13.8,19.1,0.3,0.4,7.80485218340594,8.56816107791776,8.30179321761443,9.10999573683636,8.40126959477871,9.20507995242901,8.43014118771622,9.18308165372543,8.24370663955041,8.81233420705358,8.17775173580754,8.44988381939256,7.81486766201824,7.82273345120723,7.31387140209216,6.90758760681889,6.82454514677995,6.17345640376695,6.35144360134682,5.76185693295232,5.61703735092068,5.14919677127673,4.77395546739335,4.3525960146398,3.83895564186857,3.46927747887122,2.90855620571397,2.59720857731809,2.1335443999895,1.86128404785089,1.48083655727966,1.25123683455993,1.58287200572385,1.32502943338323
2021,Nigeria,NGA,53.163,53.741,15.1851,14.804,57.6,68.3,2017.27486481527,,372.991,358.817,6.628,4.408,0.599378245348772,33.546,60340284,59009402,4.07625723,16.9,18.5,0.48,1.4,15.1889151339204,15.2393576483841,14.3357005567686,14.4164897707376,12.7135096242268,12.8921544787568,10.8308263904046,11.006140482673,8.89939060138479,9.03547092807217,7.4262988516834,7.51284731307016,6.30371084439297,6.3301292370458,5.52200593469192,5.52994062654441,4.71920238943851,4.72162064474434,3.75532079770065,3.72163178422944,2.93148336500927,2.86651645569116,2.34774997735782,2.22619802218895,1.84611812369418,1.69663459853432,1.36573475121899,1.21883989417308,0.911399545152821,0.802149341008891,0.547531791936948,0.489030188276317,0.355101321017391,0.294848585869536
2021,Pérou,PER,68.82,74.714,20.467,16.9667,12.5,15.3,6826.20255614477,40.1,231.531,141.76,5.552,4.715,1.60661387321863,16.398,10911051,11006827,6.67921352,12.8,11.7,0.36,0.4,7.95847242982432,8.33511182300535,8.13880235452447,8.51385382336285,8.48497049520522,8.85490864058674,8.40634667204873,8.6748513357402,8.33194309380932,8.34802847676648,8.4029728773924,8.20484818810139,8.09856895276874,7.95639808047978,7.32859337195828,7.27047891206256,6.53900235691374,6.57209162689891,5.92791929739105,6.06264146721064,5.090831016651,5.22047988490298,4.29442037397373,4.2991121209794,3.65551251332634,3.52634345776336,3.02943948003701,2.82387994094586,2.37848921355226,2.15008036389202,1.66607525206959,1.47287736070638,2.26764024855382,1.71401449659509
2021,Royaume-Uni,GBR,78.72,82.671,25.1779,22.4509,3.5,4.3,46926.475736105,32.4,97.829,59.375,4.594,5.04,5.06830437119312,10.241,21124203,21374840,12.01903439,9.1,13,0.1,0.2,5.31156381737653,5.77828307094797,5.92070596550875,6.42980854107829,5.87530092188299,6.37734468278894,5.36381627675093,5.84370109808767,5.86077689408728,6.42785948449225,6.4390336621984,6.91673032633844,6.52034436027666,6.72221958443891,6.66348691707173,6.75612085604367,6.21745786395368,6.31397631839188,6.34918224224629,6.51380417074685,6.92450190978455,6.61088460711089,6.58728668670645,6.28715051260639,5.8991439522888,5.69565838786112,5.25771988300128,4.90797374665826,5.0913089142879,4.85059370095544,3.88566331528799,3.36688713830172,5.83270641728981,4.20100377315132
2021,Russie,RUS,65.51,74.51,19.1561,14.0832,3.7,4.5,12425.029296875,35.1,312.199,140.024,4.833,4.669,13.5265713232328,9.6,46444763,49878590,6.97584295,14.7,31.8,,,4.94532181773723,6.02177319076206,5.9563374013747,7.25177821761771,5.20551385604898,6.30651960615035,4.61651772997863,5.55709883555717,4.38727497190115,5.25267852155165,5.33916190954985,6.35300054777973,7.8128741821669,9.15981648017326,7.90761601432396,8.97769730334594,7.2178932223836,7.86929744313934,6.74059777149175,7.05302217157669,5.98048547226917,6.15509398432522,6.75835506189097,6.36129610318573,7.59394528965574,6.33304250424869,6.61599708082004,4.78578709798024,5.18738839624942,3.27027768995322,2.32462863697023,1.21226405169111,5.41009118518769,2.0795562509619
2021,Sénégal,SEN,64.923,68.981,17.1907,15.2781,28.4,36.8,1598.10676952274,36.2,238.2,165.122,3.85,3.2,0.709801660973283,29.71,4889713,4873592,4.44256258,21.3,21.4,0.24,0.3,13.694638206848,14.3172162449375,12.9875205445392,13.658038156883,12.1813128015071,12.6594440319428,10.931192107313,11.0729525624878,9.65077260199942,9.46122846508207,8.19879934182022,7.92155753860234,6.90708557150572,6.50886795273728,5.80939029714174,5.55921711566345,4.6759494993092,4.60768956612525,3.80160479952031,3.67038040217834,3.06588600266842,2.95057534682991,2.43743914448418,2.39210462488895,1.97870099683089,1.81021504893385,1.5581782562763,1.39099295883803,1.0361957614439,0.9343911049322,0.602457080319319,0.636411506055459,0.482876986473172,0.448717372881768
2021,Suède,SWE,81.3,84.9,26.4258,23.6482,1.9,2.3,61174.9680215622,29.8,59.257,36.638,9.054,8.425,3.82887131880561,11,3314075,3159674,11.10180569,6.6,9.2,,0.1,5.55893132827895,5.8018039844468,5.83205968778483,6.10882376646733,5.85922370627376,6.13421480224895,5.45935891756749,5.74790287881122,5.24740033288727,5.86285883795473,6.61577689286148,6.91968678030316,7.0779807364493,7.33806657087003,6.26368830743136,6.54825465243993,6.02631479261031,6.19524104076539,6.31706932419865,6.42748985002406,6.34933565565881,6.43858292839146,6.22382648734356,6.29772086361952,5.48796279331535,5.44763623478219,5.2577789013174,5.0826043266821,5.3890281717253,5.04641590077847,4.72490609038361,4.30043261097967,6.30935787391257,4.30226397043499
2021,Suisse,CHE,81.8,85.8,27.1895,24.0442,3.2,3.8,93664.7736696111,33.8,56.868,33.004,5.237,4.816,4.31719241876601,10.3,2906252,2838135,12.00465584,5.7,9.3,0.1,0.2,4.86123257354542,5.19832148971894,4.89795825290208,5.26896321296976,4.80012952614638,5.13904075111149,4.66408146464883,5.02353355082716,5.23128284474079,5.67996013705836,6.24610195851287,6.57426167772126,7.02141172097605,7.30084407950977,7.0611247111031,7.31175386415201,6.84508057187618,7.05034709427778,6.79137738970609,6.95996826328607,7.37668506561252,7.5466208185763,7.33620814486861,7.5940546648469,6.16561559695477,6.22400321532062,5.17582376234689,4.92675693520432,4.8153625306855,4.38389391848343,4.18137993234083,3.62032468583465,6.52914395303309,4.19735164110117
2021,Togo,TGO,61.051,61.589,15.4353,14.8641,34,41.7,939.613373786407,37.9,280.058,263.945,2.301,2.363,0.277077606171127,32.015,2521817,2487563,5.6165967,22.9,27.9,0.62,1.9,14.7420369250149,14.8162806775168,13.4121427972659,13.5037462186995,12.2085681078252,12.3259504249963,10.2191077549781,10.3377515654648,8.72534159830169,8.82892714043922,7.61926770749081,7.72128370300512,6.69872513769283,6.8050921382436,5.82400465810717,5.90076062221915,5.03346315314887,5.06642467239555,4.19405230401852,4.17013424701626,3.36250314354265,3.27059602736524,2.65171133329255,2.51458791594305,2.03045668028302,1.86955357499835,1.49438920116634,1.33768806548718,0.981181790788457,0.857596876383462,0.524796037890167,0.448441993890339,0.278251669192829,0.225184135936093
2021,Turquie,TUR,72.719,79.004,21.7444,17.1768,7.7,8.9,9743.21277804855,44.4,137.08,62.06,14.715,10.671,5.47439194675224,12.9,28937659,28374155,4.56065559,10.1,20.7,,,7.08882888949719,7.37957732196699,7.65180048192097,7.94610388763006,7.32284274092491,7.62330324629561,7.23942890558414,7.55758052942388,7.98164745686817,8.32786355548141,7.69065227813088,8.02326441795923,7.54643029544181,7.77645894918213,7.57138305359064,7.7484338254993,7.67435657580203,7.76087430816834,6.51551173476257,6.54723034091342,5.52250383552784,5.61940825139993,5.4624142261193,5.36642754025177,4.22122931991872,4.06498136471772,3.78603407216949,3.42691913915875,2.69508472300455,2.19711362110201,1.82061367015316,1.35994021276179,2.20923774058363,1.27451948808764
2021,États-Unis,USA,73.5,79.3,23.7058,20.5484,5,5.9,71307.4017277218,39.7,180.642,103.7,5.21,5.463,14.3185403084904,11,111089707,106037491,17.5063858,10.9,16.4,,,5.49017093512232,5.68799176659092,5.9331634680729,6.19472450745646,6.3353414263708,6.64651059581579,6.3590620985468,6.70274995252922,6.36130896224142,6.73962125590897,6.66114937460855,7.07555304163273,6.93339031852687,7.34057699054216,6.67372974181869,7.02852456781423,6.32799891232876,6.60093210229305,5.88738036825552,6.09135202108865,6.15989684861639,6.2954563341445,6.45462860247786,6.45391257801018,6.40127652840922,6.19875317246772,5.63861530662647,5.18013295231827,4.66306434105868,4.12236706453483,3.27737028539556,2.73482069856461,4.44245248152318,2.90602039828772
2022,Afrique du Sud,ZAF,61.813,69.037,19.7261,15.8699,22.5,26.5,6523.41097815853,,345.339,223.504,35.357,31.457,6.56328688082944,19.079,20546517,21444876,8.77086639,,,5.9,17.9,9.06313797707555,9.64336811221519,8.08265830421369,8.60639646288671,8.37089840672872,8.92280574409364,7.89161653321981,8.48081836891981,8.1029607015865,8.70613300544057,8.93772238436668,9.25572504285725,8.89263088919574,9.25818496452978,8.17963682171122,8.56901918220853,6.70095412069761,7.06730052023301,5.34685920213371,5.345653971744,4.73927609224419,4.36101216521184,4.30437794392946,3.65743167084974,3.76757339067995,3.0959359883175,2.8970100834149,2.25668528672837,1.96556140953732,1.37939076632846,1.1466575157517,0.669648093933569,1.61046822351326,0.724490653502033
2022,Allemagne,DEU,78.33,83,25.1509,21.3665,2.9,3.3,49686.1154582583,,,,2.797,3.401,7.87013912088698,8.8,27075422,26244031,12.60513115,,,0.1,0.1,4.53071439106707,4.90050084454138,4.52272371934248,4.89264761485189,4.31337140850046,4.6790795152394,4.35780513347105,4.75069928373125,4.94987468303757,5.56041423955798,5.4931381868177,6.13376866242648,6.29926002786142,6.899816288627,6.22255944433216,6.65324655707244,6.11463605091608,6.35214746746531,5.75861075618872,5.94188968965735,7.199898221109,7.45754133903372,8.1186563546915,8.3731580608097,7.33999217163145,7.32544567951738,6.22123236334322,5.85938982549292,5.40582682741665,4.83087329106585,4.17034613572278,3.50041091542557,8.98135412455068,5.88897072548437
2022,Brésil,BRA,71.73,78.094,22.5315,19.3688,11.1,14,9281.33334441234,52,183.793,95.437,11.515,7.478,2.2772215483774,12.555,72405514,73853635,9.14277458,,,0.53,0.7,6.25279652535822,6.71478710386924,6.57897132828538,7.06194277643678,6.66721432540371,7.15104026492904,7.02577655448592,7.50981991031497,7.55667003379997,7.98555102467037,7.59758192119184,7.92612887774331,7.67292324622125,7.91179121210562,7.97438783680544,8.11920281033891,7.64929492528299,7.66481812519278,6.81172082743054,6.72924596824316,6.11062428599851,5.94116736179454,5.74122768727774,5.46979505617221,5.0386783202451,4.66643768314198,4.05405129457908,3.58327395440269,3.05552173018696,2.5318145596177,2.00793986519727,1.57324506318315,2.20461929225006,1.45993824784358
2022,Canada,CAN,79.06,83.54,26.6608,22.812,4.1,4.8,56256.8007264015,,96.219,55.366,5.137,5.407,14.7761011717351,9,12842763,12664691,11.23432541,,,0.1,0.1,4.71173830199837,5.02008948025048,5.08948723760266,5.41194772599229,5.28943960442816,5.57919648354165,5.26080698438374,5.51686488717626,6.08513932217332,6.60986931809239,6.61110537753564,7.23535047364934,6.93336245813385,7.29663188711566,6.87802926095622,7.0680394830393,6.63025435383311,6.63312373843538,6.24634335289081,6.19555012353133,6.2898795728225,6.27962698851808,6.83394797461383,6.83077334612983,6.85804861055791,6.74171005715562,6.08821267785063,5.80561591658239,5.02881597219619,4.65503553235496,3.75445582194518,3.34421538903792,5.41093311607788,3.77635916939712
2022,Chine,CHN,75.467,81.133,23.8041,19.5655,4.5,5,12970.6056414327,36,107.752,54.831,4.326,5.516,8.87059061376954,6.77,502966153,472794096,5.36948681,,,,,4.42377324180684,4.7757652086325,6.02813083785309,6.65931187334869,5.80605575182786,6.51610570860042,5.28534668003529,5.95180329896177,5.35413851481345,5.97946503953349,6.00861669772696,6.56846752431289,8.05283024052431,8.51505658118839,7.57414906795718,7.7784356910788,6.69658675813749,6.74904955196142,7.39176206375968,7.33070323075304,8.75156211443047,8.50888108103286,8.17547655248523,7.77442009966111,5.0601623184789,4.65588460038853,5.71150415193642,4.96383825282216,4.20791126340931,3.45984742894023,2.49255150667548,1.97174533356888,2.979442238142,1.84121949521482
2022,Chili,CHL,76.828,81.566,24.524,21.6407,5.4,6.3,15405.6165774073,43,123.827,67.4,8.814,7.839,4.54379565403552,9.672,6766988,6713337,10.06172848,,,0.37,0.6,5.09248820889787,5.3551811015714,6.07743345252082,6.37900068038887,6.14729572947895,6.4690194620853,6.04086023025065,6.35338834069495,7.0001777822606,7.27629180244603,7.98306406633124,8.27331052198957,8.2060163408181,8.51296443332004,7.54130285571589,7.77665854563072,6.94754975933305,7.13817142095079,6.641461273589,6.75936810684369,6.43903250456568,6.44986423093213,6.05074323610181,5.91875033185937,5.40900367252294,5.17497889477352,4.56535897654764,4.26360047137407,3.63635642653894,3.2687015356702,2.51317111341771,2.10137464894939,3.70868437110911,2.52937547051998
2022,Corée du Sud,KOR,79.9,85.6,27.4818,22.1171,2.1,2.6,32394.6833725203,,67.502,37.21,3.032,2.723,11.3758152802505,4.9,18836775,17902988,9.43414211,,,,,2.7436952566657,2.90791976650591,4.01415750614923,4.23310291927784,4.32612630622395,4.60480983560227,4.30590030621169,4.64118081838833,5.78701632654902,6.30238680680476,6.56134794051174,7.50743174868113,6.16501933535444,6.95773011476935,6.50100337843972,7.05191503566599,7.57136622871678,7.98959639354336,7.69672926652861,7.98247002605913,8.60496031567825,8.74302738732876,7.84235877948136,7.95475981461693,8.12310776364236,7.92048823685948,6.17264215125386,5.77780063581594,4.41684070650763,3.89741095760558,3.46153322794124,2.68939008491445,5.70619520414441,2.83857941756081
2022,Côte d'Ivoire,CIV,59.649,63.731,17.0373,15.0807,41.7,53.8,2333.37128334477,,324.954,270.388,2.567,2.11,0.485714723756228,32.5,8692084,8269697,3.6424129,,,0.51,1.9,15.203557716112,14.8332295206533,14.4068942710224,14.1097779473724,12.3063359094431,12.4752083281492,10.1188295244702,10.3643591075059,8.28574134613697,8.7286211316786,7.56276363332828,7.18482830208964,7.46227149932969,6.81258730601206,6.66524906988664,6.32332022676059,5.17625242679294,5.41997723899325,3.74369013705251,4.26938481925862,2.7386111123506,3.10479794030995,2.14123766330978,2.26655371692159,1.59492051230892,1.63304623713166,1.0744233948023,1.11145570100089,0.698858661250722,0.691066793817431,0.437145647635117,0.384473237872144,0.383217474767845,0.287312444472803
2022,Espagne,ESP,80.5,85.9,27.1528,22.4573,2.3,2.8,30270.2687017458,33.6,,,14.781,11.286,4.92760844983757,6.9,15919203,15722885,9.73828793,,,0.14,0.3,3.61807014965549,3.96443741792857,4.38967795021453,4.82693892949053,4.95490596427251,5.46090078873729,4.95382145212274,5.43364370738886,4.83638398590463,5.32042984564185,5.12926183235106,5.48580749768795,5.6831086308373,5.98705847488082,6.35317898137402,6.62659608169077,7.62825306146175,8.0897156730666,8.09275906361003,8.66037289169041,7.73585392032143,8.07561556764048,7.52793568760792,7.63380516775357,6.70621233412792,6.52963896236168,5.58289601099794,5.2690175784011,4.9895590030581,4.45844780044316,4.32746638962311,3.57005600017713,7.49065558245954,4.60751761501922
2022,France,FRA,79.3,85.1,27.6581,23.0641,3.1,3.7,41082.8119320747,31.2,92.753,46.498,7.137,7.469,4.56119637966729,10.7,20762540,21159543,11.8819046,,,0.1,0.3,4.88689887990713,5.44601295352098,5.44332635893759,6.06320045887251,5.7982443515452,6.48259852062065,5.8177244947454,6.53053422018295,5.73036170962327,6.39171980729696,5.40024141677505,5.79899755213613,5.78606798132336,6.01982465226652,5.96021686087555,6.04548241799307,6.17166182044009,6.39494084469082,6.18339908607406,6.51138080159587,6.48916956584251,6.60996571844764,6.49004777501827,6.50476903464964,6.28600465512338,6.14116700006246,6.00962490910352,5.62638949076847,5.79031265900618,5.23638086542503,4.21276063400438,3.58308417646465,7.54393684165507,4.61355148500566
2022,Inde,IND,70.237,73.271,19.6292,17.9971,25.4,25.8,2347.44829434623,25.5,181.136,125.543,4.588,4.908,1.922811819624,16.336,500684854,465941614,3.3058846,,,,,8.06335436192689,8.17655362915128,8.38652397232009,8.59247696906625,8.73420554397812,9.00345368165774,8.92563716908657,9.21633172870289,8.8852969276531,9.1963691562388,8.48757417243293,8.74027159979119,8.12320404072201,8.26316331720342,7.52062711994489,7.63063523714842,6.62209050951466,6.66768777413941,5.84901879882733,5.78046446882316,5.09920733130198,4.94971848970813,4.37322539914508,4.18950022159929,3.65248370934295,3.4370260818342,2.89749034194866,2.64132836581137,1.98073384428151,1.72093666261845,1.20356388198383,0.958526781920169,1.19576287558943,0.835555834585846
2022,Indonésie,IDN,68.871,72.981,19.2516,16.319,15.6,19.3,4730.83484836107,35.5,190.891,140.93,3.157,3.66,2.35508357838392,16.204,95720035,93609426,2.69394851,,,0.18,0.4,7.88516736825556,8.24359878477904,8.36537227739961,8.72856851896506,8.47709861128242,8.84321614816043,7.99354547582811,8.3418528828129,7.74564520684936,8.06232256188917,7.65263896049032,7.94656120776786,7.39657099394649,7.67244030592353,7.41194970151168,7.63389364370305,7.23529292854387,7.35043101707927,6.65876093213727,6.65154863611586,6.04039520457025,5.9249555653204,5.17975618844432,4.95020744679535,4.14681828236783,3.80283089385988,3.03906092269291,2.6068231136774,2.02390371262158,1.57021364388925,1.44192165993616,0.951788607784122,1.30610157312226,0.718747021477439
2022,Iran,IRN,74.898,78.813,22.2095,20.2876,10.4,11.6,4405.09291519791,34.8,117.891,63.046,15.887,7.759,8.49550522882929,13.314,31526598,30379205,5.34889174,,,,,7.16885403147169,7.30279668212098,8.34786032990037,8.55933901594224,7.44292091619294,7.61189098943465,6.65200670074622,6.77186755521543,6.39705899066032,6.46929763991952,7.37224600012274,7.38557991637291,9.51357651192974,9.55714379578805,10.1357435259836,10.1345222889254,8.37204711433773,8.45357599664206,6.47649056372187,6.57865286361122,5.63101231728079,5.665297283796,4.59119765610261,4.46295868955066,3.90995815443083,3.76597329800593,3.03649383681365,2.92591362326548,2.28639666690154,2.22267399631574,1.38729085739094,1.24141795629751,1.27884582601244,0.89109840879622
2022,Japon,JPN,81.05,87.09,28.8385,23.5966,1.7,1.8,34065.6438962526,,65.118,36.835,2.38,2.777,8.07175855176299,6.3,37288474,36207963,11.42183685,,,,,3.27186839921753,3.60666287279377,3.84530773102589,4.26004657093957,4.15250421874037,4.60991524841459,4.33616681555419,4.81904253709976,4.63428029675083,5.09339152491356,4.62473927097309,5.05303690436358,4.77792170212337,5.20759442923037,5.40955136482002,5.83024638046812,6.10211165793608,6.52397732531436,7.46006372970648,7.95726441259448,7.27506302884322,7.80653555426908,6.09764010813069,6.57981539125261,5.82532108361604,6.16900922122825,6.02317446145884,6.13269301227308,7.58755565735151,7.21961563924008,6.29149715069032,5.5258931989003,12.2852333230615,7.60525977670443
2022,Maroc,MAR,73.063,77.403,21.3278,18.0788,14.4,17.6,3455.39624023438,,117.926,77.344,11.101,9.04,1.88316803228712,17.035,12458643,12210601,5.68049145,,,0.1,0.1,8.4906040714334,8.70897133871276,8.6574911406139,8.97154840068496,8.83081628678272,9.14135315335474,8.12735430214017,8.33414222441997,7.68773179679698,7.96203905318204,7.6482732258224,7.8207306244042,7.72045485757505,7.90243990483353,7.52955681667837,7.4886805015576,6.84968939726053,6.76282317985902,6.12727010150287,5.97763479184558,5.32787779540235,5.22069853418849,4.85506444796275,4.6015113191003,4.16014690821019,4.06669297055729,3.20381532177419,3.20209921503723,2.16581939212061,1.99845335246537,1.41212093861376,1.07146284004779,1.20591319930975,0.768718595749148
2022,Mexique,MEX,70.918,76.966,21.6718,19.7465,10,12.2,11402.1410374782,43.5,214.825,105.877,3.307,3.222,3.62283731915151,16.041,41379221,44718784,5.72145176,,,0.3,0.4,7.69569184132592,8.46139236719615,8.11109767267254,8.91424205340233,8.34811578357297,9.16270234628062,8.331026580379,9.09413452640085,8.22524871700334,8.82311956730232,8.08836216049575,8.40296849823286,7.84568339262927,7.88474000673203,7.32222516498519,6.99120295904016,6.84942362489986,6.20946090405535,6.3727451087121,5.74506906832691,5.70416609249562,5.20229397838007,4.85856467971163,4.41390947844284,3.94196189429385,3.54412578185043,2.99475561578554,2.6559828161151,2.18765814875735,1.8952417843152,1.51531542999033,1.2705819341859,1.60795809228973,1.32883192974091
2022,Nigeria,NGA,53.778,54.375,15.3855,14.9828,56.2,66.7,2139.37478476974,33.9,360.381,345.802,5.372,2.449,0.583043144043661,33.192,62125746,60695667,4.27090406,,,0.39,1.3,14.9132422495525,14.9559549316191,14.1397100759792,14.216831211438,12.7537539428458,12.9222505207798,10.9246951771458,11.097891430384,9.02215602864216,9.15444526945782,7.47910921615883,7.56666081244492,6.31908776158141,6.35379820653694,5.49727585734441,5.50424683474809,4.74533317569448,4.74819927709346,3.82407097920018,3.79537813922001,2.96958149543468,2.9061405348016,2.35935159545666,2.24725109887241,1.85413936295881,1.70947427410015,1.37448658813238,1.23051038906836,0.915934477996371,0.800603688244817,0.549566395067642,0.491296674414289,0.358505620808706,0.299066706776125
2022,Pérou,PER,74.964,78.726,23.2424,21.1604,12.4,15.1,7350.63034300417,40.3,129.112,88.621,4.511,3.301,1.70307853776252,16.183,11068325,11167464,6.0930872,,,0.35,0.4,7.86816622716112,8.24762611964264,7.99115982061076,8.36535815427734,8.34293861664483,8.72082128070558,8.40695864845662,8.7061351784995,8.23917986121969,8.31203057808023,8.33447136486303,8.15520366494968,8.12865681479582,7.96042889664014,7.43299882091513,7.3610041198255,6.59672322408458,6.59918846598993,5.98494124978479,6.09528490843106,5.19523107974163,5.32317006617454,4.35452124645673,4.37766553430643,3.70591014471571,3.57913612629507,3.06512731296178,2.85808484039035,2.43360823122677,2.18527159004906,1.71155880322098,1.49443025595285,2.20784853314002,1.65916021979009
2022,Royaume-Uni,GBR,79.1,83.018,25.502,22.8036,3.6,4.3,46062.9914079698,,90.741,56.403,3.576,3.871,4.84380657949234,10.1,21332429,21555838,11.05087757,,,0.1,0.2,5.15106252809525,5.60027339920198,5.82561291232525,6.32612759999183,5.93873625074633,6.43930988722909,5.46069342011211,5.93387686478151,5.73205281028216,6.27117539739738,6.35726328548972,6.86368684640615,6.57153459277288,6.82560530673608,6.65726420111735,6.75681895195115,6.35186917004074,6.43002305140752,6.12637059274411,6.32305384059829,6.90266107095909,6.6157433784287,6.63953366420515,6.31218021187604,5.992824714413,5.77715834415643,5.30858947390434,4.96317977444268,4.99100533054143,4.68820718908369,4.12676694108248,3.63463332099111,5.86615904116861,4.23894663532038
2022,Russie,RUS,67.57,77.77,21.8391,16.1373,3.5,4.2,15619.6142578125,33.9,283.455,107.821,3.961,3.777,14.0403956038084,8.9,46115801,49419739,6.91986275,,,,,4.70505174644086,5.72744936898274,5.94518350419007,7.23774620555702,5.42720273514803,6.58194426536674,4.72519493698856,5.69058803072224,4.4154716534834,5.28625332838093,5.01893670304329,5.96788312015529,7.4322895209777,8.72070477689941,8.17853754625163,9.33140427215658,7.27212283647682,7.94490220977287,6.84405101210568,7.14612775186573,6.10555288423638,6.3036570197343,6.43131733926073,6.07022233170606,7.56658365856454,6.36103795211863,6.70838034084641,4.87975392160458,5.41980242341511,3.39980878444157,2.47789210590524,1.32571290341278,5.32642905266555,2.02480375712253
2022,Sénégal,SEN,65.869,69.881,17.6751,15.7747,27.3,35.3,1574.0281059306,,220.003,151.223,3.381,2.521,0.700103557267781,29.46,5075051,5034849,4.06358385,,,0.32,0.3,13.4699938650774,13.9893074746632,12.6793415874671,13.3943548573073,12.1239650920365,12.6338752009904,10.9592692779166,11.1795868107325,9.75437139175596,9.54391273701488,8.34956401933573,8.07104182548985,6.95423799580538,6.54093050972591,5.88192337317921,5.565916313816,4.72553310541208,4.63868415250724,3.84093766332992,3.73231276522288,3.11482195928818,2.96510975663693,2.47298363121484,2.45661376775436,1.98545209492277,1.84500595297976,1.58221522581288,1.4202204346015,1.05721362925747,0.953295595663945,0.58277154179759,0.606639107049694,0.465404546390367,0.463192737843739
2022,Suède,SWE,81.4,84.8,26.3283,23.7254,1.9,2.2,55296.9371472535,31.6,56.846,35.781,7.908,6.931,3.45273230773397,10,3338528,3181132,10.49857044,,,,0.1,5.43673044573658,5.66847697005442,5.79885781440828,6.06851272913369,5.86516525973777,6.13451929228843,5.55660424459824,5.82508393345326,5.24412584780588,5.84798262351182,6.33609598353164,6.62012683109025,7.21340704667829,7.49414085213431,6.38949911282827,6.67649283738824,6.04289724938359,6.22531856453055,6.19972693545538,6.32142109005341,6.27586624061941,6.34817410883564,6.3537914109487,6.43588613006077,5.4770948390417,5.44011509574834,5.24567167733065,5.08174775530335,5.2277362142731,4.88679637666584,4.90130694605535,4.4507742560388,6.43542273156718,4.47443055370889
2022,Suisse,CHE,81.8,85.5,26.9611,23.5164,3.2,3.8,94394.5106803525,33.8,56.128,32.418,4.382,3.894,3.92081063787899,9.4,2918342,2849163,11.70653343,,,0.1,0.2,4.8100862940195,5.14059530507484,4.9180837044309,5.2746892255701,4.83138760295444,5.17322822379791,4.66053664841636,5.00989181769366,5.0900753971463,5.5338282754791,6.07499551610835,6.42104505977242,6.99281538248161,7.28223797908194,7.05246130638692,7.30453924013979,6.91189073851615,7.12593443085624,6.70958477582123,6.86555833102723,7.23753195761062,7.38530256408376,7.40453150899557,7.65122248022094,6.33563724797028,6.38975227846268,5.26626862057422,5.04911088182416,4.7795800186042,4.34047599848255,4.2706300805203,3.70660245613971,6.65390319944305,4.34598545229294
2022,Togo,TGO,62.084,62.476,15.8104,15.2954,33,40.5,898.758154410712,,257.6,245.151,2.115,1.826,0.278346856642073,31.535,2594314,2556625,6.04134083,,,0.6,1.8,14.5679968575432,14.6345981653688,13.2948768280223,13.3820758864228,12.2204625162521,12.3323091849228,10.3013635132561,10.417979841015,8.77033446379284,8.8751521678367,7.58946710276482,7.68884449551578,6.69077005134162,6.79624316584337,5.81953297238762,5.90170624816557,5.04347054206827,5.07933286295993,4.23476826539194,4.21861952551193,3.4063979632913,3.31904133059974,2.68581995134682,2.55095189374869,2.05207123566224,1.89250203510129,1.50653532956228,1.35059207121914,0.99586395924546,0.870981795849487,0.537987457400241,0.459477973008499,0.282280990670804,0.229591356910618
2022,Turquie,TUR,74.655,80.719,23.1275,18.5467,7.4,8.6,10674.504157865,44.5,110.218,49.818,13.468,8.972,5.10409677637585,12.2,29209242,28654187,3.70338893,,,,,6.73808407073694,7.01946291139969,7.59817762222334,7.87993168700972,7.42748148478337,7.71712656349176,7.12942401424137,7.43998284093274,7.86242249165289,8.21355492506997,7.64566583785128,8.01017095733595,7.43408516772414,7.68552180936694,7.41602431293809,7.5987021437763,7.67858784842461,7.78178231890189,6.751689677491,6.76499928739563,5.54799688513664,5.64165267238596,5.54622259006774,5.46176159870966,4.36760060999025,4.20480037023927,3.85609865613101,3.51745243815601,2.86291231644941,2.3532131272015,1.89246931789349,1.41031861020384,2.24505709626444,1.29956573842316
2022,États-Unis,USA,74.8,80.2,24.6623,21.5036,5,5.9,77860.9112908848,41.7,159.598,91.074,3.613,3.68,14.3304861726018,11,111432938,106341527,16.49613953,,,,,5.40196904058837,5.59741596718536,5.87634400755774,6.13166967959401,6.22261504728949,6.52961753669194,6.39154905105137,6.73429825355065,6.35340057411428,6.72307369936727,6.52973326125963,6.93518308534041,6.95788963775934,7.36530698809102,6.67644972675148,7.04002820948701,6.42320163998742,6.70660952480561,5.85580430876596,6.065627745185,6.12087792591583,6.2622192337843,6.29552747514247,6.30342670735862,6.4093432746127,6.23505708834354,5.75184037061107,5.29287839623113,4.72659626306999,4.16999338144784,3.46282549121856,2.90773795962396,4.54403290430428,2.99985654391232
2023,Afrique du Sud,ZAF,62.609,69.599,19.6796,15.9199,22.4,26.4,6022.54254192335,,327.232,212.621,34.531,29.946,6.28631566877781,18.775,20885509,21719643,,,,5.5,17.6,9.01900649274856,9.62597766574446,8.0523519459285,8.54808867758521,8.22301505576983,8.74535391345887,8.00426327387359,8.56722171443425,7.83973812752282,8.47814667197108,8.7435744301775,9.10106059657319,8.87169844950883,9.19805096353547,8.26063915468675,8.62252492249998,6.92154499734104,7.29150489749321,5.44901444021758,5.50493258210161,4.74938671964035,4.42592816407251,4.26631744093161,3.62783321422678,3.80191619672868,3.1020966455593,2.96262015660386,2.29846844812307,2.06381744609151,1.45690587916581,1.17539613430597,0.694920938867402,1.59569953792302,0.710984104587778
2023,Allemagne,DEU,78.2,83,25.6382,22.0138,2.9,3.3,53940.4073447462,,,,2.836,3.27,6.94800046478077,8.3,26971263,26133944,11.79903221,,,0.1,0.2,4.44366439970984,4.80673494612068,4.60605720636361,4.97714233459296,4.32333116176449,4.68794108059982,4.35924037276565,4.74242195495276,4.79900321450519,5.35443379780873,5.43625620331912,6.09632683781625,6.16691519446397,6.76584979689894,6.29897441354237,6.77436561497112,6.19795201382278,6.45676632349677,5.76648076543672,5.94955054506326,6.8316678168556,7.05417192143146,8.0912201897331,8.33664334358565,7.57983050408507,7.575417839513,6.3562796267783,6.02442027610294,5.58022130003329,4.95306209235087,4.16325247830504,3.50090910250524,8.99965313851586,5.94384219218956
2023,Brésil,BRA,72.76,78.983,23.1276,20.037,11,13.8,10377.5892792557,51.6,168.837,85.735,9.698,6.609,2.27101707127288,12.322,72580447,74015441,,,,0.5,0.7,6.10293744334718,6.56010989802331,6.52981141024162,7.01608915168036,6.59933637650312,7.08607169218122,6.89733129326286,7.38279088901057,7.38287342031909,7.81772322153035,7.57879020552792,7.91963581940869,7.5525292595191,7.80242485590911,7.88675269893961,8.04437519168067,7.72362968856135,7.75702873385666,6.92054125433372,6.84561635615758,6.1824104017631,6.01722049165696,5.7505242023915,5.48285888719994,5.15105625536872,4.77760586804386,4.18067191389446,3.70561069315435,3.18977980571209,2.64958223105371,2.10446197524318,1.63628275756404,2.26656239507139,1.49897326188861
2023,Canada,CAN,79.51,83.89,27.1507,24.0466,4.1,4.8,54220.3285039875,,,,5.259,5.556,14.3453597995623,8.8,13184447,13005034,11.22370815,,,,,4.63121620010262,4.93447656719117,4.99103067000837,5.31298193076602,5.22436113395138,5.52130783947417,5.31602071602089,5.55765316785047,6.04799325742136,6.47798984969723,6.64552315211305,7.2858292085724,6.98690309499382,7.39769882779014,6.8856749470734,7.1080814398735,6.69536764649017,6.73191010944053,6.2543290431146,6.20440580909336,6.20077439166693,6.18529287030249,6.56708669115606,6.54990164138383,6.85062306123442,6.73779515238995,6.16681179581257,5.89816323889603,5.07600792558294,4.69406859152065,3.93879929106683,3.50627374529642,5.52147698219059,3.89617001046164
2023,Chine,CHN,75.201,80.926,23.6011,19.2891,4.2,4.7,12951.1782397043,,107.862,55.272,4.057,5.173,9.39926632688504,6.39,502922178,471798189,,,,,,3.9285732497212,4.22574564081997,5.92331064597525,6.52440603470775,5.91321043461346,6.63229915016718,5.37683206735127,6.06530770557294,5.29337651670444,5.93604062123275,5.81081213006891,6.39584487088627,7.64401002817413,8.14429830599683,7.82471655409829,8.08772559156448,6.89157131217271,6.97035537903855,6.96493403643519,6.93151223866138,8.73876453119065,8.52208029996268,8.21729277671601,7.82791622941656,5.46192464522755,5.04988113050647,5.73866563272011,5.00990323616724,4.55831393560269,3.70928490942966,2.65625915324933,2.09300642170429,3.0574323499788,1.874392234165
2023,Chili,CHL,79.24,83.084,25.7283,23.4526,5.7,6.7,17067.0364799154,,98.032,57.246,9.359,8.755,4.27284729741106,8.963,6802439,6746890,10.09532642,,,0.37,0.6,4.8572451241351,5.11247341200934,5.95223438028619,6.24575141014929,6.14409008926013,6.46210932100504,5.99141048278277,6.30504935260229,6.79427282595764,7.06269865667925,7.84565161695217,8.12604428374642,8.23578957417124,8.53747589533778,7.67476432525408,7.91866269040707,7.00580254303873,7.20164734361646,6.65257041598518,6.77923842240555,6.44173341006078,6.46652071536031,6.09534243771528,5.97625206195584,5.49107583250608,5.25109968845423,4.67230641415643,4.36419960034405,3.75535909413201,3.38601128426488,2.63463334318129,2.21407473280742,3.7557180904249,2.59069112885483
2023,Corée du Sud,KOR,80.6,86.4,28.2355,22.9225,2.1,2.5,33121.3712885508,,44.26,20.698,2.722,2.638,11.0908267863981,4.5,18768940,17788862,9.88014412,,,,,2.54948705245384,2.70022958858671,3.79821375103793,4.00389882896155,4.31193685351014,4.57889228955609,4.31186161297193,4.62362581028334,5.47915103978565,6.01080626833709,6.50827954599473,7.42227262853982,6.32296595886542,7.23677688082766,6.22114235972849,6.81136421501836,7.63001372078738,8.06567579979436,7.47229604798108,7.75107203860163,8.56216874870741,8.74787989513259,7.94653523109263,7.98475440733863,8.23165828602826,8.05462742731756,6.55100266698769,6.15350408965921,4.57092057377277,4.03505028422461,3.52254978222687,2.79749707522018,6.00981676806776,3.0220724726006
2023,Côte d'Ivoire,CIV,60.016,64.132,17.1636,15.1436,40.5,52.3,2554.67304885576,,319.935,264.408,2.528,2.074,0.462448180936617,31.99,8961959,8539219,,,,0.47,1.8,14.9081646789057,14.5780592405634,14.3960151466842,14.0375205904258,12.2380519744318,12.4046441401638,10.3339587465263,10.5286303722336,8.36037685879223,8.85345300675825,7.37920338890748,7.1706447149723,7.31128703340561,6.68939224996571,6.68503920071762,6.26439817480341,5.31840600898757,5.45174863212023,3.8712257259584,4.36438574225378,2.78745694713677,3.18586762529417,2.15680927739312,2.30817877136793,1.62264094694954,1.65567470904967,1.09974679035809,1.12937394330417,0.708883702500147,0.703103846194805,0.439009596025005,0.38887477738143,0.383723976320378,0.286049463147635
2023,Espagne,ESP,81.2,86.7,27.8609,23.4693,2.3,2.8,33509.0127982139,33.4,,,13.882,10.672,4.49371441288775,6.7,16082988,15869005,,,,0.14,0.3,3.51272407491878,3.8525237398485,4.27694602847499,4.701719895495,4.85028676570569,5.34579093936138,5.02803606947854,5.51365052580353,4.8419750134046,5.34048581466832,5.0287618613667,5.40245545230896,5.60196933172527,5.92109728002474,6.19507867174016,6.45407527202526,7.38011640225699,7.79657575880659,8.13772011791781,8.70949504883722,7.79011500972069,8.17688475979018,7.62287943702825,7.74594114920606,6.85725510592543,6.68953056384145,5.77618398799762,5.44603569137412,5.02071869306942,4.50250566182844,4.47644038525854,3.69222438118409,7.60279304401054,4.70900806559617
2023,France,FRA,80.1,85.9,28.1502,23.8847,3.1,3.7,44690.9345395117,31.8,,,7.205,7.457,4.13586020525254,9.9,20804839,21168802,,,,0.11,0.3,4.8460014302557,5.39650965467934,5.31047161591452,5.90664579050932,5.74466420529028,6.42108441585351,5.83528815291489,6.54077622717878,5.7273172397949,6.4057128365714,5.46753482109777,5.90706812076838,5.67157853924793,5.94486046821551,5.95184638352207,6.03831501219642,6.1623729422038,6.32559119676176,6.04906270378906,6.38654183764249,6.53512677998625,6.68145567862083,6.4482517514075,6.46062508635839,6.30877064065083,6.16674843881039,6.02006882384463,5.64368775490523,5.77790062899326,5.20049872856078,4.57251143299824,3.89091159722463,7.57123190808836,4.68296715514285
2023,Inde,IND,70.522,73.598,19.7049,18.0604,24.2,24.7,2530.12031278204,,177.914,122.021,4.057,4.216,2.05496431342395,16.146,506719577,471471101,,,,,,7.92322241396719,8.02070458890956,8.2269283189547,8.41992400033437,8.6213732934935,8.88438386446739,8.769024712769,9.05799642084931,8.85469143338482,9.16351470627055,8.45408424364183,8.72956907678672,8.1120829875758,8.2622278968137,7.58634873630355,7.69726212613417,6.72534856659611,6.78115121896051,5.9112708205251,5.85558269178047,5.17320720683152,5.02520238817518,4.42868806565424,4.24022498234978,3.70722352819762,3.48906233043154,2.96196471435466,2.70047707936973,2.08310653820765,1.81747582865005,1.23399693517683,0.991102017904531,1.2274374843659,0.864138781812444
2023,Indonésie,IDN,69.036,73.268,19.3939,16.3788,15.1,18.7,4876.30774512252,36.1,189.258,137.866,3.082,3.454,2.39886105222913,15.941,96723170,94533373,,,,0.17,0.4,7.76903232445512,8.1250725434986,8.15739564924397,8.51248292224587,8.46680442178937,8.83342521807773,8.0322858655812,8.37983736402011,7.64731234586517,7.96275067467776,7.65531467267139,7.94580658765531,7.34483932817043,7.62186158254998,7.30405661799859,7.53418374604905,7.24863560971113,7.38291098367301,6.68623025233985,6.69361876989284,6.09178342979527,5.98393588413256,5.27994601752394,5.05139731764508,4.26513621035014,3.9174818395821,3.16541119654009,2.72085423146247,2.09395730710769,1.63888990684143,1.44983931745112,0.961644280907994,1.34201943340553,0.733846147088091
2023,Iran,IRN,75.786,79.628,22.7096,20.8,10,11.2,4465.63766853306,35.9,107.691,54.773,15.793,7.703,8.59522584292037,12.951,31942684,30799436,,,,,,6.7803675819072,6.90557187856353,8.27529636016419,8.48204984796284,7.52173224812553,7.70395380195367,6.76723092592402,6.89429784589665,6.3548012114951,6.43477409268976,7.01428401447991,7.01626928885657,9.11000379137989,9.16088534177431,10.1086522894288,10.1017036934767,8.70693719932039,8.78594505664333,6.67615766865032,6.76196093616067,5.71664751596487,5.7845795917452,4.69146979706684,4.55681073095124,3.99284415908908,3.85052286990065,3.11141988787577,2.97962067167812,2.40896347350784,2.3427116401934,1.44234174765855,1.30380942138974,1.32085012796174,0.934533290163608
2023,Japon,JPN,81.09,87.14,29.4068,24.154,1.7,1.9,33836.1756271617,,65.632,36.684,2.322,2.827,7.58740778843633,6,37139294,36062674,,,,,,3.17186540158151,3.49680866016165,3.77383674579111,4.1806408966343,4.12447534371668,4.57929921240248,4.32426654840869,4.80528777149177,4.64961261545705,5.12760421130648,4.68267399283105,5.11431425536572,4.73528666619518,5.16632827965474,5.3159955735558,5.75330298115194,5.9520955004754,6.37009647557436,7.21888472534839,7.69749075104651,7.49942387402887,8.02939862801098,6.31230596436169,6.80558759039367,5.8822928898006,6.24401569980864,5.87591321640124,5.99936733088138,7.18093179386254,6.87464363144595,6.66065859118121,5.86805096815896,12.639480557003,7.88776265651046
2023,Maroc,MAR,73.173,77.6,21.5866,18.1908,13.9,17,3771.4462890625,,116.849,76.769,10.697,8.572,1.85238291648884,16.701,12595353,12347343,,,,0.1,0.1,8.32337998744895,8.53694208635511,8.52011044943339,8.82094224962919,8.76730300394453,9.09426862007151,8.18808047491833,8.40738468762019,7.60862519209879,7.88509163941336,7.52508530760942,7.71207947168379,7.63745188316947,7.84048038954061,7.50271419014,7.49710544663857,6.90738349341667,6.83861574811027,6.19773590486502,6.04379009588199,5.38818878301683,5.29019561532366,4.86439643610602,4.6102137710221,4.24679895982062,4.08542903219609,3.32318910258511,3.29579440209111,2.2777553748536,2.12273379358294,1.45090153703917,1.1235027745159,1.27089991953407,0.795430176323646
2023,Mexique,MEX,72.243,77.811,22.1636,20.4863,9.6,11.8,13826.1306570122,,196.81,96.938,2.797,2.744,3.75439189770655,15.706,41846190,45203197,,,,0.3,0.4,7.57754920581135,8.33769671666532,7.9040574469632,8.69332560194011,8.28836302893448,9.10587440132086,8.23075951084979,8.99614018064975,8.19968426351346,8.81801148065172,7.99557096342359,8.34599930872916,7.86108492612529,7.91969946539619,7.32421540800191,7.06979897532713,6.86669197836924,6.25052566595485,6.38905364029217,5.7313613820357,5.78771598653284,5.25338269046461,4.94925679645219,4.48622763342762,4.05162105589911,3.62934991482831,3.09534383535754,2.73601675323073,2.25911023914994,1.9526251983248,1.56127580410149,1.30291657925929,1.65864591022243,1.37104805179387
2023,Nigeria,NGA,54.176,54.743,15.4427,15.0406,54.8,65.3,1596.63696129001,,356.354,342.633,4.113,2.098,0.561436047791993,32.954,63979528,62449038,,,,0.35,1.2,14.6942415330226,14.7297898706304,13.9035634851581,13.9798037500035,12.7592005762575,12.9148877951198,11.0127840607921,11.1833322668466,9.15725692210994,9.28612438008504,7.53055887769121,7.61645575285348,6.3429556209093,6.38750756768698,5.46953946622162,5.47739002371836,4.76198248157751,4.76576965004154,3.89511297315783,3.87108824319703,3.01487859709768,2.95112363551179,2.37462475709005,2.27171746922312,1.86384834188267,1.7239335910794,1.3838757322732,1.2428232183112,0.9235559302227,0.806416318768041,0.549168348723876,0.488166371794364,0.362852295812064,0.303670095129345
2023,Pérou,PER,75.413,80.123,24.8812,21.9468,12.1,14.9,7887.54185920108,40.7,136.882,92.646,5.8,4.152,1.72558237008946,15.944,11231218,11326639,,,,0.34,0.4,7.76598170012841,8.14270821385573,7.85431706930217,8.22361490576755,8.17959886830082,8.55589603433661,8.37487905767454,8.69211460607244,8.14621884526284,8.26860629684648,8.24196154607237,8.09046723629429,8.12756530297691,7.93207520586182,7.51914707045325,7.42871749795951,6.66225695280954,6.63674843602274,6.02843039700828,6.11504253259032,5.292359149295,5.42020189192527,4.43264719102815,4.47840012288361,3.7619720997563,3.64937530898355,3.11325445583331,2.91451493138612,2.49247303407949,2.23720872685085,1.7733357695224,1.53909522903555,2.23360149049622,1.67521282332755
2023,Royaume-Uni,GBR,79.362,83.208,25.6291,22.9618,3.6,4.3,49200.8101526146,,,,3.658,4.279,4.41078228114232,10.023,21597463,21794088,10.872015,,,0.1,0.2,5.01415127021315,5.4509555603608,5.71797091444518,6.2093075998649,5.97481076196271,6.47305547641427,5.57361912555669,6.04774354124171,5.56140244920845,6.07988097452859,6.25037854490093,6.78502650839172,6.62332270195715,6.9464323419488,6.59798026794555,6.67510297087673,6.48121493871243,6.54679575091465,5.99967714708374,6.14220538444632,6.78785351505324,6.63177739880328,6.71175451890843,6.36769976347127,6.08736191140857,5.82944322713834,5.39167381313556,5.0582956596247,4.87831387383122,4.51141659655842,4.37188962273068,3.9085761372142,5.97662462294634,4.33628510820132
2023,Russie,RUS,68.04,78.73,22.8636,17.2485,3.3,4,14159.3876953125,33,301.034,98.787,3.188,2.969,14.3889152826402,8.6,45785205,48967990,,,,,,4.49790020383563,5.47944256201127,5.80595105970741,7.07500886039503,5.60590977631479,6.81224024287289,4.84608330005901,5.84401678703831,4.46948176993952,5.35604077119534,4.7976489286323,5.70263619212483,6.92530387391922,8.13164784586808,8.26488719610121,9.46379993633383,7.44194572652257,8.17335283736942,6.9317360323805,7.24836172737868,6.27172738779571,6.46870767454393,6.16096423279618,5.83406862402321,7.45143415504896,6.3330248590875,6.85001963727324,5.03407477193909,5.63590512233815,3.53404696787106,2.89375312903458,1.56763340842344,5.14934846830103,1.94189593152412
2023,Sénégal,SEN,66.79,70.754,18.1578,16.2699,26.2,34,1698.03387300843,,203.192,138.533,3.34,2.486,0.665128001419217,29.423,5250982,5194243,,,,0.3,0.3,13.371666557148,13.745295211066,12.4116523585732,13.1511917675177,11.9986740639349,12.551407623272,10.9452001795768,11.2536094193737,9.79109299576582,9.61298500545076,8.46270191061936,8.19381006933282,7.01323779476359,6.61384140505636,5.94376686453791,5.58224246665701,4.79440079745358,4.67772814156067,3.88197232032449,3.79651827951635,3.15890697326489,2.98585239158587,2.51053955316045,2.49378955357738,1.99345939861356,1.87910512166539,1.59820679929068,1.43640730091264,1.08871693613046,0.976248800121855,0.58379926629811,0.579578245210354,0.452005230544121,0.470389198123162
2023,Suède,SWE,81.7,85,26.6952,23.7796,1.8,2.2,55567.0890080496,29.3,56.053,36.907,7.866,7.382,3.35896707790497,9.5,3358003,3197235,10.88682365,,,,,5.2566693362785,5.47732025175735,5.75143209242521,6.01405393665867,5.86583720967971,6.1289116893876,5.62731900652257,5.89487702052628,5.28025674092897,5.8314728309566,6.03550233726266,6.3480127802069,7.25622450703661,7.54327303003334,6.55251610119579,6.83361283997886,6.08146484369407,6.29028278569666,6.09348286977863,6.22483663870095,6.23980878070014,6.30683487377222,6.42717162103985,6.50351207267336,5.53199572734831,5.50965281265991,5.24210261046036,5.08003249817588,5.09940406245555,4.77276966023899,5.00357486161133,4.52750893050551,6.65523729158175,4.71303534807094
2023,Suisse,CHE,82.3,85.9,27.328,24.278,3.2,3.8,100631.802755125,,52.93,30.696,4.283,3.832,3.85028599498228,9,2940721,2870104,,,,0.1,0.2,4.73402974174752,5.05402509272235,4.92773281852365,5.2740253810166,4.84764932207282,5.19136211425464,4.67054072820219,5.01057665318305,4.93654513839317,5.36330579517965,5.84706941095968,6.21520393469432,6.88425818462404,7.17368014298487,7.05100922337484,7.30399141110158,6.97065699035874,7.18728899330034,6.68126130163227,6.8351160094901,7.09996406768175,7.23876200095727,7.44427159457864,7.66246373763499,6.5627932657752,6.63327598850591,5.39749553197467,5.22500400944652,4.77571750143522,4.33394779354455,4.3456046287186,3.77177401862767,6.82340054994699,4.52619692335561
2023,Togo,TGO,62.536,62.923,15.9238,15.3847,32.1,39.5,985.697512629974,,251.534,239.833,2.098,1.81,0.267896573393677,31.142,2670242,2628922,,,,0.6,1.7,14.3962314517849,14.4548974182316,13.1985284732975,13.280996433847,12.16301489049,12.2698583866327,10.4083949534058,10.5218976492397,8.81721909488907,8.92414018929842,7.56792269076696,7.66481002286477,6.68036434260457,6.7842347648177,5.81931657855764,5.90598774301099,5.05006617370609,5.09053901979759,4.27232502689997,4.26251995688277,3.45436913030141,3.37281331358106,2.7208014741226,2.58857149997474,2.07927995047031,1.92076285835214,1.52143279593967,1.36619407386981,1.01188011634804,0.885947289372317,0.550686809086154,0.470688199932695,0.288166047329234,0.235141180294022
2023,Turquie,TUR,74.529,79.855,23.698,19.2259,8.5,9.7,13105.6585004778,,111.372,64.99,12.719,7.689,5.13695450148147,11.2,29355667,28801865,,,,,,6.43904333508388,6.73042297576962,7.48074437990671,7.76818798884338,7.48378491563789,7.77842950234219,7.04881665370424,7.36307107352208,7.63110613843082,7.98338483673363,7.65649238030531,8.03448225575175,7.37550774200273,7.65618075741236,7.33127521373124,7.52583954164374,7.62411759808068,7.74753400223214,6.98414833804569,6.99665757892021,5.65600525375279,5.72922381455485,5.53070817498783,5.4656213010263,4.58285863822724,4.39741056078574,3.87076219467677,3.54005613005699,3.03240284166616,2.51446826046998,1.97753949274847,1.46954474384266,2.29468670901155,1.2994846760924
2023,États-Unis,USA,75.8,81.1,25.3208,22.3613,5,5.9,82304.6204272866,41.8,,,3.45,3.795,13.9012849794931,10.7,111977963,106856978,,,,,,5.32990038005777,5.52497612829071,5.79485496534701,6.04095078421106,6.09699941673415,6.39792054300053,6.41229746446758,6.75122465064842,6.33704026134847,6.69866327495774,6.4184312840646,6.8124450516272,6.92983746890749,7.33806952765934,6.6897079700603,7.0614549673077,6.49132847054235,6.78673682301333,5.90186618359804,6.11980849187588,6.05154934668253,6.19678195113916,6.14502718906824,6.16350602007369,6.3916340060913,6.2378072303739,5.85559832945113,5.41081164987794,4.80966768616206,4.24483908664952,3.64082277670377,3.06869494264339,4.70343680071322,3.14530887665047
