IND_ID;IND_CODE;IND_UUID;IND_PER_CODE;DIM_TIME_TYPE;DIM_GEO_CODE_M49;DIM_GEO_CODE_TYPE;DIM_PUBLISH_STATE_CODE;IND_NAME;DIM_TIME;GEO_NAME_SHORT;DIM_SEX;AMOUNT_N
C64284DWHOSIS_000002;WHOSIS_000002;C64284D;WHOSIS_000002;YEAR;76;COUNTRY;PUBLISHED;Healthy life expectancy (at birth);2000;Brazil;MALE;59.17218143000000
C64284DWHOSIS_000002;WHOSIS_000002;C64284D;WHOSIS_000002;YEAR;76;COUNTRY;PUBLISHED;Healthy life expectancy (at birth);2000;Brazil;TOTAL;60.91617447000000
C64284DWHOSIS_000002;WHOSIS_000002;C64284D;WHOSIS_000002;YEAR;76;COUNTRY;PUBLISHED;Healthy life expectancy (at birth);2000;Brazil;FEMALE;62.73705541000000
C64284DWHOSIS_000002;WHOSIS_000002;C64284D;WHOSIS_000002;YEAR;76;COUNTRY;PUBLISHED;Healthy life expectancy (at birth);2001;Brazil;TOTAL;61.13983597000000
C64284DWHOSIS_000002;WHOSIS_000002;C64284D;WHOSIS_000002;YEAR;76;COUNTRY;PUBLISHED;Healthy life expectancy (at birth);2001;Brazil;MALE;59.38994335000000
C64284DWHOSIS_000002;WHOSIS_000002;C64284D;WHOSIS_000002;YEAR;76;COUNTRY;PUBLISHED;Healthy life expectancy (at birth);2001;Brazil;FEMALE;62.96384211000000
C64284DWHOSIS_000002;WHOSIS_000002;C64284D;WHOSIS_000002;YEAR;76;COUNTRY;PUBLISHED;Healthy life expectancy (at birth);2002;Brazil;FEMALE;63.09142906000000
C64284DWHOSIS_000002;WHOSIS_000002;C64284D;WHOSIS_000002;YEAR;76;COUNTRY;PUBLISHED;Healthy life expectancy (at birth);2002;Brazil;TOTAL;61.30199509000000
C64284DWHOSIS_000002;WHOSIS_000002;C64284D;WHOSIS_000002;YEAR;76;COUNTRY;PUBLISHED;Healthy life expectancy (at birth);2002;Brazil;MALE;59.57840052000000
C64284DWHOSIS_000002;WHOSIS_000002;C64284D;WHOSIS_000002;YEAR;76;COUNTRY;PUBLISHED;Healthy life expectancy (at birth);2003;Brazil;FEMALE;63.26572255000000
C64284DWHOSIS_000002;WHOSIS_000002;C64284D;WHOSIS_000002;YEAR;76;COUNTRY;PUBLISHED;Healthy life expectancy (at birth);2003;Brazil;MALE;59.78503628000000
C64284DWHOSIS_000002;WHOSIS_000002;C64284D;WHOSIS_000002;YEAR;76;COUNTRY;PUBLISHED;Healthy life expectancy (at birth);2003;Brazil;TOTAL;61.49373029000000
C64284DWHOSIS_000002;WHOSIS_000002;C64284D;WHOSIS_000002;YEAR;76;COUNTRY;PUBLISHED;Healthy life expectancy (at birth);2004;Brazil;FEMALE;63.37554380000000
C64284DWHOSIS_000002;WHOSIS_000002;C64284D;WHOSIS_000002;YEAR;76;COUNTRY;PUBLISHED;Healthy life expectancy (at birth);2004;Brazil;TOTAL;61.64110220000000
C64284DWHOSIS_000002;WHOSIS_000002;C64284D;WHOSIS_000002;YEAR;76;COUNTRY;PUBLISHED;Healthy life expectancy (at birth);2004;Brazil;MALE;59.96353312000000
C64284DWHOSIS_000002;WHOSIS_000002;C64284D;WHOSIS_000002;YEAR;76;COUNTRY;PUBLISHED;Healthy life expectancy (at birth);2005;Brazil;FEMALE;63.79896326000000
C64284DWHOSIS_000002;WHOSIS_000002;C64284D;WHOSIS_000002;YEAR;76;COUNTRY;PUBLISHED;Healthy life expectancy (at birth);2005;Brazil;MALE;60.49942617000000
C64284DWHOSIS_000002;WHOSIS_000002;C64284D;WHOSIS_000002;YEAR;76;COUNTRY;PUBLISHED;Healthy life expectancy (at birth);2005;Brazil;TOTAL;62.12906861000000
C64284DWHOSIS_000002;WHOSIS_000002;C64284D;WHOSIS_000002;YEAR;76;COUNTRY;PUBLISHED;Healthy life expectancy (at birth);2006;Brazil;FEMALE;63.97598566000000
C64284DWHOSIS_000002;WHOSIS_000002;C64284D;WHOSIS_000002;YEAR;76;COUNTRY;PUBLISHED;Healthy life expectancy (at birth);2006;Brazil;MALE;60.70983670000000
C64284DWHOSIS_000002;WHOSIS_000002;C64284D;WHOSIS_000002;YEAR;76;COUNTRY;PUBLISHED;Healthy life expectancy (at birth);2006;Brazil;TOTAL;62.32623873000000
C64284DWHOSIS_000002;WHOSIS_000002;C64284D;WHOSIS_000002;YEAR;76;COUNTRY;PUBLISHED;Healthy life expectancy (at birth);2007;Brazil;TOTAL;62.61143210000000
C64284DWHOSIS_000002;WHOSIS_000002;C64284D;WHOSIS_000002;YEAR;76;COUNTRY;PUBLISHED;Healthy life expectancy (at birth);2007;Brazil;MALE;60.96581450000000
C64284DWHOSIS_000002;WHOSIS_000002;C64284D;WHOSIS_000002;YEAR;76;COUNTRY;PUBLISHED;Healthy life expectancy (at birth);2007;Brazil;FEMALE;64.28673344000000
C64284DWHOSIS_000002;WHOSIS_000002;C64284D;WHOSIS_000002;YEAR;76;COUNTRY;PUBLISHED;Healthy life expectancy (at birth);2008;Brazil;MALE;61.13609506000000
C64284DWHOSIS_000002;WHOSIS_000002;C64284D;WHOSIS_000002;YEAR;76;COUNTRY;PUBLISHED;Healthy life expectancy (at birth);2008;Brazil;FEMALE;64.54378131000000
C64284DWHOSIS_000002;WHOSIS_000002;C64284D;WHOSIS_000002;YEAR;76;COUNTRY;PUBLISHED;Healthy life expectancy (at birth);2008;Brazil;TOTAL;62.82508332000000
C64284DWHOSIS_000002;WHOSIS_000002;C64284D;WHOSIS_000002;YEAR;76;COUNTRY;PUBLISHED;Healthy life expectancy (at birth);2009;Brazil;FEMALE;64.75405725000000
C64284DWHOSIS_000002;WHOSIS_000002;C64284D;WHOSIS_000002;YEAR;76;COUNTRY;PUBLISHED;Healthy life expectancy (at birth);2009;Brazil;TOTAL;63.02031014000000
C64284DWHOSIS_000002;WHOSIS_000002;C64284D;WHOSIS_000002;YEAR;76;COUNTRY;PUBLISHED;Healthy life expectancy (at birth);2009;Brazil;MALE;61.31274397000000
C64284DWHOSIS_000002;WHOSIS_000002;C64284D;WHOSIS_000002;YEAR;76;COUNTRY;PUBLISHED;Healthy life expectancy (at birth);2010;Brazil;MALE;61.41090354000000
C64284DWHOSIS_000002;WHOSIS_000002;C64284D;WHOSIS_000002;YEAR;76;COUNTRY;PUBLISHED;Healthy life expectancy (at birth);2010;Brazil;TOTAL;63.14578565000000
C64284DWHOSIS_000002;WHOSIS_000002;C64284D;WHOSIS_000002;YEAR;76;COUNTRY;PUBLISHED;Healthy life expectancy (at birth);2010;Brazil;FEMALE;64.90873098000000
C64284DWHOSIS_000002;WHOSIS_000002;C64284D;WHOSIS_000002;YEAR;76;COUNTRY;PUBLISHED;Healthy life expectancy (at birth);2011;Brazil;FEMALE;64.98965948000000
C64284DWHOSIS_000002;WHOSIS_000002;C64284D;WHOSIS_000002;YEAR;76;COUNTRY;PUBLISHED;Healthy life expectancy (at birth);2011;Brazil;MALE;61.53601601000000
C64284DWHOSIS_000002;WHOSIS_000002;C64284D;WHOSIS_000002;YEAR;76;COUNTRY;PUBLISHED;Healthy life expectancy (at birth);2011;Brazil;TOTAL;63.25101288000000
C64284DWHOSIS_000002;WHOSIS_000002;C64284D;WHOSIS_000002;YEAR;76;COUNTRY;PUBLISHED;Healthy life expectancy (at birth);2012;Brazil;TOTAL;63.48118734000000
C64284DWHOSIS_000002;WHOSIS_000002;C64284D;WHOSIS_000002;YEAR;76;COUNTRY;PUBLISHED;Healthy life expectancy (at birth);2012;Brazil;FEMALE;65.25472926000000
C64284DWHOSIS_000002;WHOSIS_000002;C64284D;WHOSIS_000002;YEAR;76;COUNTRY;PUBLISHED;Healthy life expectancy (at birth);2012;Brazil;MALE;61.72841582000000
C64284DWHOSIS_000002;WHOSIS_000002;C64284D;WHOSIS_000002;YEAR;76;COUNTRY;PUBLISHED;Healthy life expectancy (at birth);2013;Brazil;TOTAL;63.63055700000000
C64284DWHOSIS_000002;WHOSIS_000002;C64284D;WHOSIS_000002;YEAR;76;COUNTRY;PUBLISHED;Healthy life expectancy (at birth);2013;Brazil;MALE;61.86423890000000
C64284DWHOSIS_000002;WHOSIS_000002;C64284D;WHOSIS_000002;YEAR;76;COUNTRY;PUBLISHED;Healthy life expectancy (at birth);2013;Brazil;FEMALE;65.41775961000000
C64284DWHOSIS_000002;WHOSIS_000002;C64284D;WHOSIS_000002;YEAR;76;COUNTRY;PUBLISHED;Healthy life expectancy (at birth);2014;Brazil;TOTAL;63.81908924000000
C64284DWHOSIS_000002;WHOSIS_000002;C64284D;WHOSIS_000002;YEAR;76;COUNTRY;PUBLISHED;Healthy life expectancy (at birth);2014;Brazil;MALE;62.03208520000000
C64284DWHOSIS_000002;WHOSIS_000002;C64284D;WHOSIS_000002;YEAR;76;COUNTRY;PUBLISHED;Healthy life expectancy (at birth);2014;Brazil;FEMALE;65.62459321000000
C64284DWHOSIS_000002;WHOSIS_000002;C64284D;WHOSIS_000002;YEAR;76;COUNTRY;PUBLISHED;Healthy life expectancy (at birth);2015;Brazil;TOTAL;63.90502983000000
C64284DWHOSIS_000002;WHOSIS_000002;C64284D;WHOSIS_000002;YEAR;76;COUNTRY;PUBLISHED;Healthy life expectancy (at birth);2015;Brazil;MALE;62.17193655000000
C64284DWHOSIS_000002;WHOSIS_000002;C64284D;WHOSIS_000002;YEAR;76;COUNTRY;PUBLISHED;Healthy life expectancy (at birth);2015;Brazil;FEMALE;65.65093832000000
C64284DWHOSIS_000002;WHOSIS_000002;C64284D;WHOSIS_000002;YEAR;76;COUNTRY;PUBLISHED;Healthy life expectancy (at birth);2016;Brazil;FEMALE;65.59333101000000
C64284DWHOSIS_000002;WHOSIS_000002;C64284D;WHOSIS_000002;YEAR;76;COUNTRY;PUBLISHED;Healthy life expectancy (at birth);2016;Brazil;TOTAL;63.79834092000000
C64284DWHOSIS_000002;WHOSIS_000002;C64284D;WHOSIS_000002;YEAR;76;COUNTRY;PUBLISHED;Healthy life expectancy (at birth);2016;Brazil;MALE;62.02352223000000
C64284DWHOSIS_000002;WHOSIS_000002;C64284D;WHOSIS_000002;YEAR;76;COUNTRY;PUBLISHED;Healthy life expectancy (at birth);2017;Brazil;MALE;62.39000625000000
C64284DWHOSIS_000002;WHOSIS_000002;C64284D;WHOSIS_000002;YEAR;76;COUNTRY;PUBLISHED;Healthy life expectancy (at birth);2017;Brazil;TOTAL;64.13833828000000
C64284DWHOSIS_000002;WHOSIS_000002;C64284D;WHOSIS_000002;YEAR;76;COUNTRY;PUBLISHED;Healthy life expectancy (at birth);2017;Brazil;FEMALE;65.89755108000000
C64284DWHOSIS_000002;WHOSIS_000002;C64284D;WHOSIS_000002;YEAR;76;COUNTRY;PUBLISHED;Healthy life expectancy (at birth);2018;Brazil;MALE;62.72618106000000
C64284DWHOSIS_000002;WHOSIS_000002;C64284D;WHOSIS_000002;YEAR;76;COUNTRY;PUBLISHED;Healthy life expectancy (at birth);2018;Brazil;TOTAL;64.39620816000000
C64284DWHOSIS_000002;WHOSIS_000002;C64284D;WHOSIS_000002;YEAR;76;COUNTRY;PUBLISHED;Healthy life expectancy (at birth);2018;Brazil;FEMALE;66.06457216000000
C64284DWHOSIS_000002;WHOSIS_000002;C64284D;WHOSIS_000002;YEAR;76;COUNTRY;PUBLISHED;Healthy life expectancy (at birth);2019;Brazil;TOTAL;64.52506510000000
C64284DWHOSIS_000002;WHOSIS_000002;C64284D;WHOSIS_000002;YEAR;76;COUNTRY;PUBLISHED;Healthy life expectancy (at birth);2019;Brazil;FEMALE;66.07421869000000
C64284DWHOSIS_000002;WHOSIS_000002;C64284D;WHOSIS_000002;YEAR;76;COUNTRY;PUBLISHED;Healthy life expectancy (at birth);2019;Brazil;MALE;62.96217764000000
C64284DWHOSIS_000002;WHOSIS_000002;C64284D;WHOSIS_000002;YEAR;76;COUNTRY;PUBLISHED;Healthy life expectancy (at birth);2020;Brazil;MALE;61.62273667000000
C64284DWHOSIS_000002;WHOSIS_000002;C64284D;WHOSIS_000002;YEAR;76;COUNTRY;PUBLISHED;Healthy life expectancy (at birth);2020;Brazil;FEMALE;64.96409633000000
C64284DWHOSIS_000002;WHOSIS_000002;C64284D;WHOSIS_000002;YEAR;76;COUNTRY;PUBLISHED;Healthy life expectancy (at birth);2020;Brazil;TOTAL;63.27264316000000
C64284DWHOSIS_000002;WHOSIS_000002;C64284D;WHOSIS_000002;YEAR;76;COUNTRY;PUBLISHED;Healthy life expectancy (at birth);2021;Brazil;MALE;60.29978677000000
C64284DWHOSIS_000002;WHOSIS_000002;C64284D;WHOSIS_000002;YEAR;76;COUNTRY;PUBLISHED;Healthy life expectancy (at birth);2021;Brazil;TOTAL;61.82653550000000
C64284DWHOSIS_000002;WHOSIS_000002;C64284D;WHOSIS_000002;YEAR;76;COUNTRY;PUBLISHED;Healthy life expectancy (at birth);2021;Brazil;FEMALE;63.40577936000000
C64284DWHOSIS_000002;WHOSIS_000002;C64284D;WHOSIS_000002;YEAR;124;COUNTRY;PUBLISHED;Healthy life expectancy (at birth);2000;Canada;TOTAL;68.54031942000000
C64284DWHOSIS_000002;WHOSIS_000002;C64284D;WHOSIS_000002;YEAR;124;COUNTRY;PUBLISHED;Healthy life expectancy (at birth);2000;Canada;MALE;67.47391933000000
C64284DWHOSIS_000002;WHOSIS_000002;C64284D;WHOSIS_000002;YEAR;124;COUNTRY;PUBLISHED;Healthy life expectancy (at birth);2000;Canada;FEMALE;69.52741814000000
C64284DWHOSIS_000002;WHOSIS_000002;C64284D;WHOSIS_000002;YEAR;124;COUNTRY;PUBLISHED;Healthy life expectancy (at birth);2001;Canada;MALE;67.64712074000000
C64284DWHOSIS_000002;WHOSIS_000002;C64284D;WHOSIS_000002;YEAR;124;COUNTRY;PUBLISHED;Healthy life expectancy (at birth);2001;Canada;TOTAL;68.68351049000000
C64284DWHOSIS_000002;WHOSIS_000002;C64284D;WHOSIS_000002;YEAR;124;COUNTRY;PUBLISHED;Healthy life expectancy (at birth);2001;Canada;FEMALE;69.63917018000000
C64284DWHOSIS_000002;WHOSIS_000002;C64284D;WHOSIS_000002;YEAR;124;COUNTRY;PUBLISHED;Healthy life expectancy (at birth);2002;Canada;FEMALE;69.61643547000000
C64284DWHOSIS_000002;WHOSIS_000002;C64284D;WHOSIS_000002;YEAR;124;COUNTRY;PUBLISHED;Healthy life expectancy (at birth);2002;Canada;MALE;67.78155429000000
C64284DWHOSIS_000002;WHOSIS_000002;C64284D;WHOSIS_000002;YEAR;124;COUNTRY;PUBLISHED;Healthy life expectancy (at birth);2002;Canada;TOTAL;68.74086886000000
C64284DWHOSIS_000002;WHOSIS_000002;C64284D;WHOSIS_000002;YEAR;124;COUNTRY;PUBLISHED;Healthy life expectancy (at birth);2003;Canada;MALE;67.82404319000000
C64284DWHOSIS_000002;WHOSIS_000002;C64284D;WHOSIS_000002;YEAR;124;COUNTRY;PUBLISHED;Healthy life expectancy (at birth);2003;Canada;FEMALE;69.74019122000000
C64284DWHOSIS_000002;WHOSIS_000002;C64284D;WHOSIS_000002;YEAR;124;COUNTRY;PUBLISHED;Healthy life expectancy (at birth);2003;Canada;TOTAL;68.82186480000000
C64284DWHOSIS_000002;WHOSIS_000002;C64284D;WHOSIS_000002;YEAR;124;COUNTRY;PUBLISHED;Healthy life expectancy (at birth);2004;Canada;TOTAL;68.99361882000000
C64284DWHOSIS_000002;WHOSIS_000002;C64284D;WHOSIS_000002;YEAR;124;COUNTRY;PUBLISHED;Healthy life expectancy (at birth);2004;Canada;MALE;68.03732580000000
C64284DWHOSIS_000002;WHOSIS_000002;C64284D;WHOSIS_000002;YEAR;124;COUNTRY;PUBLISHED;Healthy life expectancy (at birth);2004;Canada;FEMALE;69.87018078000000
C64284DWHOSIS_000002;WHOSIS_000002;C64284D;WHOSIS_000002;YEAR;124;COUNTRY;PUBLISHED;Healthy life expectancy (at birth);2005;Canada;FEMALE;69.90944105000000
C64284DWHOSIS_000002;WHOSIS_000002;C64284D;WHOSIS_000002;YEAR;124;COUNTRY;PUBLISHED;Healthy life expectancy (at birth);2005;Canada;TOTAL;69.04258182000000
C64284DWHOSIS_000002;WHOSIS_000002;C64284D;WHOSIS_000002;YEAR;124;COUNTRY;PUBLISHED;Healthy life expectancy (at birth);2005;Canada;MALE;68.09697238000000
C64284DWHOSIS_000002;WHOSIS_000002;C64284D;WHOSIS_000002;YEAR;124;COUNTRY;PUBLISHED;Healthy life expectancy (at birth);2006;Canada;MALE;68.41600313000000
C64284DWHOSIS_000002;WHOSIS_000002;C64284D;WHOSIS_000002;YEAR;124;COUNTRY;PUBLISHED;Healthy life expectancy (at birth);2006;Canada;FEMALE;70.15828978000000
C64284DWHOSIS_000002;WHOSIS_000002;C64284D;WHOSIS_000002;YEAR;124;COUNTRY;PUBLISHED;Healthy life expectancy (at birth);2006;Canada;TOTAL;69.32835814000000
C64284DWHOSIS_000002;WHOSIS_000002;C64284D;WHOSIS_000002;YEAR;124;COUNTRY;PUBLISHED;Healthy life expectancy (at birth);2007;Canada;TOTAL;69.32044930000000
C64284DWHOSIS_000002;WHOSIS_000002;C64284D;WHOSIS_000002;YEAR;124;COUNTRY;PUBLISHED;Healthy life expectancy (at birth);2007;Canada;MALE;68.42299161000000
C64284DWHOSIS_000002;WHOSIS_000002;C64284D;WHOSIS_000002;YEAR;124;COUNTRY;PUBLISHED;Healthy life expectancy (at birth);2007;Canada;FEMALE;70.14890041000000
C64284DWHOSIS_000002;WHOSIS_000002;C64284D;WHOSIS_000002;YEAR;124;COUNTRY;PUBLISHED;Healthy life expectancy (at birth);2008;Canada;MALE;68.58303311000000
C64284DWHOSIS_000002;WHOSIS_000002;C64284D;WHOSIS_000002;YEAR;124;COUNTRY;PUBLISHED;Healthy life expectancy (at birth);2008;Canada;TOTAL;69.43457161000000
C64284DWHOSIS_000002;WHOSIS_000002;C64284D;WHOSIS_000002;YEAR;124;COUNTRY;PUBLISHED;Healthy life expectancy (at birth);2008;Canada;FEMALE;70.21534815000000
C64284DWHOSIS_000002;WHOSIS_000002;C64284D;WHOSIS_000002;YEAR;124;COUNTRY;PUBLISHED;Healthy life expectancy (at birth);2009;Canada;MALE;68.85009156000000
C64284DWHOSIS_000002;WHOSIS_000002;C64284D;WHOSIS_000002;YEAR;124;COUNTRY;PUBLISHED;Healthy life expectancy (at birth);2009;Canada;FEMALE;70.37633071000000
C64284DWHOSIS_000002;WHOSIS_000002;C64284D;WHOSIS_000002;YEAR;124;COUNTRY;PUBLISHED;Healthy life expectancy (at birth);2009;Canada;TOTAL;69.64831409000000
C64284DWHOSIS_000002;WHOSIS_000002;C64284D;WHOSIS_000002;YEAR;124;COUNTRY;PUBLISHED;Healthy life expectancy (at birth);2010;Canada;TOTAL;69.83137644000000
C64284DWHOSIS_000002;WHOSIS_000002;C64284D;WHOSIS_000002;YEAR;124;COUNTRY;PUBLISHED;Healthy life expectancy (at birth);2010;Canada;MALE;69.07185008000000
C64284DWHOSIS_000002;WHOSIS_000002;C64284D;WHOSIS_000002;YEAR;124;COUNTRY;PUBLISHED;Healthy life expectancy (at birth);2010;Canada;FEMALE;70.52505683000000
C64284DWHOSIS_000002;WHOSIS_000002;C64284D;WHOSIS_000002;YEAR;124;COUNTRY;PUBLISHED;Healthy life expectancy (at birth);2011;Canada;FEMALE;70.64127492000000
C64284DWHOSIS_000002;WHOSIS_000002;C64284D;WHOSIS_000002;YEAR;124;COUNTRY;PUBLISHED;Healthy life expectancy (at birth);2011;Canada;MALE;69.35371898000000
C64284DWHOSIS_000002;WHOSIS_000002;C64284D;WHOSIS_000002;YEAR;124;COUNTRY;PUBLISHED;Healthy life expectancy (at birth);2011;Canada;TOTAL;70.02853914000000
C64284DWHOSIS_000002;WHOSIS_000002;C64284D;WHOSIS_000002;YEAR;124;COUNTRY;PUBLISHED;Healthy life expectancy (at birth);2012;Canada;FEMALE;70.69986788000000
C64284DWHOSIS_000002;WHOSIS_000002;C64284D;WHOSIS_000002;YEAR;124;COUNTRY;PUBLISHED;Healthy life expectancy (at birth);2012;Canada;TOTAL;70.08354106000000
C64284DWHOSIS_000002;WHOSIS_000002;C64284D;WHOSIS_000002;YEAR;124;COUNTRY;PUBLISHED;Healthy life expectancy (at birth);2012;Canada;MALE;69.40987981000000
C64284DWHOSIS_000002;WHOSIS_000002;C64284D;WHOSIS_000002;YEAR;124;COUNTRY;PUBLISHED;Healthy life expectancy (at birth);2013;Canada;TOTAL;70.13169276000000
C64284DWHOSIS_000002;WHOSIS_000002;C64284D;WHOSIS_000002;YEAR;124;COUNTRY;PUBLISHED;Healthy life expectancy (at birth);2013;Canada;MALE;69.48531549000000
C64284DWHOSIS_000002;WHOSIS_000002;C64284D;WHOSIS_000002;YEAR;124;COUNTRY;PUBLISHED;Healthy life expectancy (at birth);2013;Canada;FEMALE;70.72810859000000
C64284DWHOSIS_000002;WHOSIS_000002;C64284D;WHOSIS_000002;YEAR;124;COUNTRY;PUBLISHED;Healthy life expectancy (at birth);2014;Canada;MALE;69.50468309000000
C64284DWHOSIS_000002;WHOSIS_000002;C64284D;WHOSIS_000002;YEAR;124;COUNTRY;PUBLISHED;Healthy life expectancy (at birth);2014;Canada;FEMALE;70.76549767000000
C64284DWHOSIS_000002;WHOSIS_000002;C64284D;WHOSIS_000002;YEAR;124;COUNTRY;PUBLISHED;Healthy life expectancy (at birth);2014;Canada;TOTAL;70.15528777000000
C64284DWHOSIS_000002;WHOSIS_000002;C64284D;WHOSIS_000002;YEAR;124;COUNTRY;PUBLISHED;Healthy life expectancy (at birth);2015;Canada;TOTAL;70.19027540000000
C64284DWHOSIS_000002;WHOSIS_000002;C64284D;WHOSIS_000002;YEAR;124;COUNTRY;PUBLISHED;Healthy life expectancy (at birth);2015;Canada;MALE;69.57702898000000
C64284DWHOSIS_000002;WHOSIS_000002;C64284D;WHOSIS_000002;YEAR;124;COUNTRY;PUBLISHED;Healthy life expectancy (at birth);2015;Canada;FEMALE;70.76312083000000
C64284DWHOSIS_000002;WHOSIS_000002;C64284D;WHOSIS_000002;YEAR;124;COUNTRY;PUBLISHED;Healthy life expectancy (at birth);2016;Canada;FEMALE;70.79503171000000
C64284DWHOSIS_000002;WHOSIS_000002;C64284D;WHOSIS_000002;YEAR;124;COUNTRY;PUBLISHED;Healthy life expectancy (at birth);2016;Canada;TOTAL;70.21204708000000
C64284DWHOSIS_000002;WHOSIS_000002;C64284D;WHOSIS_000002;YEAR;124;COUNTRY;PUBLISHED;Healthy life expectancy (at birth);2016;Canada;MALE;69.59268933000000
C64284DWHOSIS_000002;WHOSIS_000002;C64284D;WHOSIS_000002;YEAR;124;COUNTRY;PUBLISHED;Healthy life expectancy (at birth);2017;Canada;TOTAL;70.14702804000000
C64284DWHOSIS_000002;WHOSIS_000002;C64284D;WHOSIS_000002;YEAR;124;COUNTRY;PUBLISHED;Healthy life expectancy (at birth);2017;Canada;FEMALE;70.79007395000000
C64284DWHOSIS_000002;WHOSIS_000002;C64284D;WHOSIS_000002;YEAR;124;COUNTRY;PUBLISHED;Healthy life expectancy (at birth);2017;Canada;MALE;69.47625536000000
C64284DWHOSIS_000002;WHOSIS_000002;C64284D;WHOSIS_000002;YEAR;124;COUNTRY;PUBLISHED;Healthy life expectancy (at birth);2018;Canada;TOTAL;70.12190013000000
C64284DWHOSIS_000002;WHOSIS_000002;C64284D;WHOSIS_000002;YEAR;124;COUNTRY;PUBLISHED;Healthy life expectancy (at birth);2018;Canada;MALE;69.48382683000000
C64284DWHOSIS_000002;WHOSIS_000002;C64284D;WHOSIS_000002;YEAR;124;COUNTRY;PUBLISHED;Healthy life expectancy (at birth);2018;Canada;FEMALE;70.73784447000000
C64284DWHOSIS_000002;WHOSIS_000002;C64284D;WHOSIS_000002;YEAR;124;COUNTRY;PUBLISHED;Healthy life expectancy (at birth);2019;Canada;FEMALE;70.91261404000000
C64284DWHOSIS_000002;WHOSIS_000002;C64284D;WHOSIS_000002;YEAR;124;COUNTRY;PUBLISHED;Healthy life expectancy (at birth);2019;Canada;MALE;69.65790446000000
C64284DWHOSIS_000002;WHOSIS_000002;C64284D;WHOSIS_000002;YEAR;124;COUNTRY;PUBLISHED;Healthy life expectancy (at birth);2019;Canada;TOTAL;70.29668163000000
C64284DWHOSIS_000002;WHOSIS_000002;C64284D;WHOSIS_000002;YEAR;124;COUNTRY;PUBLISHED;Healthy life expectancy (at birth);2020;Canada;TOTAL;69.62553122000000
C64284DWHOSIS_000002;WHOSIS_000002;C64284D;WHOSIS_000002;YEAR;124;COUNTRY;PUBLISHED;Healthy life expectancy (at birth);2020;Canada;FEMALE;70.32963242000000
C64284DWHOSIS_000002;WHOSIS_000002;C64284D;WHOSIS_000002;YEAR;124;COUNTRY;PUBLISHED;Healthy life expectancy (at birth);2020;Canada;MALE;68.90955799000000
C64284DWHOSIS_000002;WHOSIS_000002;C64284D;WHOSIS_000002;YEAR;124;COUNTRY;PUBLISHED;Healthy life expectancy (at birth);2021;Canada;MALE;68.92993444000000
C64284DWHOSIS_000002;WHOSIS_000002;C64284D;WHOSIS_000002;YEAR;124;COUNTRY;PUBLISHED;Healthy life expectancy (at birth);2021;Canada;FEMALE;70.63601260000000
C64284DWHOSIS_000002;WHOSIS_000002;C64284D;WHOSIS_000002;YEAR;124;COUNTRY;PUBLISHED;Healthy life expectancy (at birth);2021;Canada;TOTAL;69.78359680000000
C64284DWHOSIS_000002;WHOSIS_000002;C64284D;WHOSIS_000002;YEAR;152;COUNTRY;PUBLISHED;Healthy life expectancy (at birth);2000;Chile;MALE;65.03879375000000
C64284DWHOSIS_000002;WHOSIS_000002;C64284D;WHOSIS_000002;YEAR;152;COUNTRY;PUBLISHED;Healthy life expectancy (at birth);2000;Chile;FEMALE;67.42466079000000
C64284DWHOSIS_000002;WHOSIS_000002;C64284D;WHOSIS_000002;YEAR;152;COUNTRY;PUBLISHED;Healthy life expectancy (at birth);2000;Chile;TOTAL;66.26121513000000
C64284DWHOSIS_000002;WHOSIS_000002;C64284D;WHOSIS_000002;YEAR;152;COUNTRY;PUBLISHED;Healthy life expectancy (at birth);2001;Chile;MALE;64.97548596000000
C64284DWHOSIS_000002;WHOSIS_000002;C64284D;WHOSIS_000002;YEAR;152;COUNTRY;PUBLISHED;Healthy life expectancy (at birth);2001;Chile;FEMALE;67.38995778000000
C64284DWHOSIS_000002;WHOSIS_000002;C64284D;WHOSIS_000002;YEAR;152;COUNTRY;PUBLISHED;Healthy life expectancy (at birth);2001;Chile;TOTAL;66.20919832000000
C64284DWHOSIS_000002;WHOSIS_000002;C64284D;WHOSIS_000002;YEAR;152;COUNTRY;PUBLISHED;Healthy life expectancy (at birth);2002;Chile;TOTAL;66.61445074000000
C64284DWHOSIS_000002;WHOSIS_000002;C64284D;WHOSIS_000002;YEAR;152;COUNTRY;PUBLISHED;Healthy life expectancy (at birth);2002;Chile;MALE;65.39181963000000
C64284DWHOSIS_000002;WHOSIS_000002;C64284D;WHOSIS_000002;YEAR;152;COUNTRY;PUBLISHED;Healthy life expectancy (at birth);2002;Chile;FEMALE;67.77493845000000
C64284DWHOSIS_000002;WHOSIS_000002;C64284D;WHOSIS_000002;YEAR;152;COUNTRY;PUBLISHED;Healthy life expectancy (at birth);2003;Chile;TOTAL;66.65581465000000
C64284DWHOSIS_000002;WHOSIS_000002;C64284D;WHOSIS_000002;YEAR;152;COUNTRY;PUBLISHED;Healthy life expectancy (at birth);2003;Chile;FEMALE;67.72696134000000
C64284DWHOSIS_000002;WHOSIS_000002;C64284D;WHOSIS_000002;YEAR;152;COUNTRY;PUBLISHED;Healthy life expectancy (at birth);2003;Chile;MALE;65.52432494000000
C64284DWHOSIS_000002;WHOSIS_000002;C64284D;WHOSIS_000002;YEAR;152;COUNTRY;PUBLISHED;Healthy life expectancy (at birth);2004;Chile;FEMALE;67.70634744000000
C64284DWHOSIS_000002;WHOSIS_000002;C64284D;WHOSIS_000002;YEAR;152;COUNTRY;PUBLISHED;Healthy life expectancy (at birth);2004;Chile;TOTAL;66.69767744000000
C64284DWHOSIS_000002;WHOSIS_000002;C64284D;WHOSIS_000002;YEAR;152;COUNTRY;PUBLISHED;Healthy life expectancy (at birth);2004;Chile;MALE;65.63042978000000
C64284DWHOSIS_000002;WHOSIS_000002;C64284D;WHOSIS_000002;YEAR;152;COUNTRY;PUBLISHED;Healthy life expectancy (at birth);2005;Chile;TOTAL;67.01837711000000
C64284DWHOSIS_000002;WHOSIS_000002;C64284D;WHOSIS_000002;YEAR;152;COUNTRY;PUBLISHED;Healthy life expectancy (at birth);2005;Chile;FEMALE;67.97478822000000
C64284DWHOSIS_000002;WHOSIS_000002;C64284D;WHOSIS_000002;YEAR;152;COUNTRY;PUBLISHED;Healthy life expectancy (at birth);2005;Chile;MALE;65.99886824000000
C64284DWHOSIS_000002;WHOSIS_000002;C64284D;WHOSIS_000002;YEAR;152;COUNTRY;PUBLISHED;Healthy life expectancy (at birth);2006;Chile;TOTAL;67.38584339000000
C64284DWHOSIS_000002;WHOSIS_000002;C64284D;WHOSIS_000002;YEAR;152;COUNTRY;PUBLISHED;Healthy life expectancy (at birth);2006;Chile;FEMALE;68.29847252000000
C64284DWHOSIS_000002;WHOSIS_000002;C64284D;WHOSIS_000002;YEAR;152;COUNTRY;PUBLISHED;Healthy life expectancy (at birth);2006;Chile;MALE;66.39858289000000
C64284DWHOSIS_000002;WHOSIS_000002;C64284D;WHOSIS_000002;YEAR;152;COUNTRY;PUBLISHED;Healthy life expectancy (at birth);2007;Chile;TOTAL;67.46124702000000
C64284DWHOSIS_000002;WHOSIS_000002;C64284D;WHOSIS_000002;YEAR;152;COUNTRY;PUBLISHED;Healthy life expectancy (at birth);2007;Chile;MALE;66.45510618000000
C64284DWHOSIS_000002;WHOSIS_000002;C64284D;WHOSIS_000002;YEAR;152;COUNTRY;PUBLISHED;Healthy life expectancy (at birth);2007;Chile;FEMALE;68.40643507000000
C64284DWHOSIS_000002;WHOSIS_000002;C64284D;WHOSIS_000002;YEAR;152;COUNTRY;PUBLISHED;Healthy life expectancy (at birth);2008;Chile;TOTAL;68.03831687000000
C64284DWHOSIS_000002;WHOSIS_000002;C64284D;WHOSIS_000002;YEAR;152;COUNTRY;PUBLISHED;Healthy life expectancy (at birth);2008;Chile;FEMALE;69.03422410000000
C64284DWHOSIS_000002;WHOSIS_000002;C64284D;WHOSIS_000002;YEAR;152;COUNTRY;PUBLISHED;Healthy life expectancy (at birth);2008;Chile;MALE;66.98159015000000
C64284DWHOSIS_000002;WHOSIS_000002;C64284D;WHOSIS_000002;YEAR;152;COUNTRY;PUBLISHED;Healthy life expectancy (at birth);2009;Chile;FEMALE;69.06126679000000
C64284DWHOSIS_000002;WHOSIS_000002;C64284D;WHOSIS_000002;YEAR;152;COUNTRY;PUBLISHED;Healthy life expectancy (at birth);2009;Chile;MALE;66.79741928000000
C64284DWHOSIS_000002;WHOSIS_000002;C64284D;WHOSIS_000002;YEAR;152;COUNTRY;PUBLISHED;Healthy life expectancy (at birth);2009;Chile;TOTAL;67.95209013000000
C64284DWHOSIS_000002;WHOSIS_000002;C64284D;WHOSIS_000002;YEAR;152;COUNTRY;PUBLISHED;Healthy life expectancy (at birth);2010;Chile;MALE;66.79250290000000
C64284DWHOSIS_000002;WHOSIS_000002;C64284D;WHOSIS_000002;YEAR;152;COUNTRY;PUBLISHED;Healthy life expectancy (at birth);2010;Chile;TOTAL;67.86189257000000
C64284DWHOSIS_000002;WHOSIS_000002;C64284D;WHOSIS_000002;YEAR;152;COUNTRY;PUBLISHED;Healthy life expectancy (at birth);2010;Chile;FEMALE;68.88350807000000
C64284DWHOSIS_000002;WHOSIS_000002;C64284D;WHOSIS_000002;YEAR;152;COUNTRY;PUBLISHED;Healthy life expectancy (at birth);2011;Chile;TOTAL;68.36719666000000
C64284DWHOSIS_000002;WHOSIS_000002;C64284D;WHOSIS_000002;YEAR;152;COUNTRY;PUBLISHED;Healthy life expectancy (at birth);2011;Chile;MALE;67.37210135000000
C64284DWHOSIS_000002;WHOSIS_000002;C64284D;WHOSIS_000002;YEAR;152;COUNTRY;PUBLISHED;Healthy life expectancy (at birth);2011;Chile;FEMALE;69.30428558000000
C64284DWHOSIS_000002;WHOSIS_000002;C64284D;WHOSIS_000002;YEAR;152;COUNTRY;PUBLISHED;Healthy life expectancy (at birth);2012;Chile;TOTAL;68.38526702000000
C64284DWHOSIS_000002;WHOSIS_000002;C64284D;WHOSIS_000002;YEAR;152;COUNTRY;PUBLISHED;Healthy life expectancy (at birth);2012;Chile;MALE;67.50275572000000
C64284DWHOSIS_000002;WHOSIS_000002;C64284D;WHOSIS_000002;YEAR;152;COUNTRY;PUBLISHED;Healthy life expectancy (at birth);2012;Chile;FEMALE;69.21528682000000
C64284DWHOSIS_000002;WHOSIS_000002;C64284D;WHOSIS_000002;YEAR;152;COUNTRY;PUBLISHED;Healthy life expectancy (at birth);2013;Chile;MALE;67.57649272000000
C64284DWHOSIS_000002;WHOSIS_000002;C64284D;WHOSIS_000002;YEAR;152;COUNTRY;PUBLISHED;Healthy life expectancy (at birth);2013;Chile;TOTAL;68.53303745000000
C64284DWHOSIS_000002;WHOSIS_000002;C64284D;WHOSIS_000002;YEAR;152;COUNTRY;PUBLISHED;Healthy life expectancy (at birth);2013;Chile;FEMALE;69.44274851000000
C64284DWHOSIS_000002;WHOSIS_000002;C64284D;WHOSIS_000002;YEAR;152;COUNTRY;PUBLISHED;Healthy life expectancy (at birth);2014;Chile;MALE;67.66384687000000
C64284DWHOSIS_000002;WHOSIS_000002;C64284D;WHOSIS_000002;YEAR;152;COUNTRY;PUBLISHED;Healthy life expectancy (at birth);2014;Chile;FEMALE;69.47272967000000
C64284DWHOSIS_000002;WHOSIS_000002;C64284D;WHOSIS_000002;YEAR;152;COUNTRY;PUBLISHED;Healthy life expectancy (at birth);2014;Chile;TOTAL;68.59244014000000
C64284DWHOSIS_000002;WHOSIS_000002;C64284D;WHOSIS_000002;YEAR;152;COUNTRY;PUBLISHED;Healthy life expectancy (at birth);2015;Chile;FEMALE;69.56242407000000
C64284DWHOSIS_000002;WHOSIS_000002;C64284D;WHOSIS_000002;YEAR;152;COUNTRY;PUBLISHED;Healthy life expectancy (at birth);2015;Chile;MALE;67.81038691000000
C64284DWHOSIS_000002;WHOSIS_000002;C64284D;WHOSIS_000002;YEAR;152;COUNTRY;PUBLISHED;Healthy life expectancy (at birth);2015;Chile;TOTAL;68.71123145000000
C64284DWHOSIS_000002;WHOSIS_000002;C64284D;WHOSIS_000002;YEAR;152;COUNTRY;PUBLISHED;Healthy life expectancy (at birth);2016;Chile;FEMALE;69.72560447000000
C64284DWHOSIS_000002;WHOSIS_000002;C64284D;WHOSIS_000002;YEAR;152;COUNTRY;PUBLISHED;Healthy life expectancy (at birth);2016;Chile;TOTAL;68.95787866000000
C64284DWHOSIS_000002;WHOSIS_000002;C64284D;WHOSIS_000002;YEAR;152;COUNTRY;PUBLISHED;Healthy life expectancy (at birth);2016;Chile;MALE;68.12969537000000
C64284DWHOSIS_000002;WHOSIS_000002;C64284D;WHOSIS_000002;YEAR;152;COUNTRY;PUBLISHED;Healthy life expectancy (at birth);2017;Chile;TOTAL;69.11214979000000
C64284DWHOSIS_000002;WHOSIS_000002;C64284D;WHOSIS_000002;YEAR;152;COUNTRY;PUBLISHED;Healthy life expectancy (at birth);2017;Chile;FEMALE;69.83427487000000
C64284DWHOSIS_000002;WHOSIS_000002;C64284D;WHOSIS_000002;YEAR;152;COUNTRY;PUBLISHED;Healthy life expectancy (at birth);2017;Chile;MALE;68.33517199000000
C64284DWHOSIS_000002;WHOSIS_000002;C64284D;WHOSIS_000002;YEAR;152;COUNTRY;PUBLISHED;Healthy life expectancy (at birth);2018;Chile;MALE;68.58181498000000
C64284DWHOSIS_000002;WHOSIS_000002;C64284D;WHOSIS_000002;YEAR;152;COUNTRY;PUBLISHED;Healthy life expectancy (at birth);2018;Chile;FEMALE;70.01473225000000
C64284DWHOSIS_000002;WHOSIS_000002;C64284D;WHOSIS_000002;YEAR;152;COUNTRY;PUBLISHED;Healthy life expectancy (at birth);2018;Chile;TOTAL;69.32516725000000
C64284DWHOSIS_000002;WHOSIS_000002;C64284D;WHOSIS_000002;YEAR;152;COUNTRY;PUBLISHED;Healthy life expectancy (at birth);2019;Chile;MALE;68.64629464000000
C64284DWHOSIS_000002;WHOSIS_000002;C64284D;WHOSIS_000002;YEAR;152;COUNTRY;PUBLISHED;Healthy life expectancy (at birth);2019;Chile;FEMALE;70.05460077000000
C64284DWHOSIS_000002;WHOSIS_000002;C64284D;WHOSIS_000002;YEAR;152;COUNTRY;PUBLISHED;Healthy life expectancy (at birth);2019;Chile;TOTAL;69.37230839000000
C64284DWHOSIS_000002;WHOSIS_000002;C64284D;WHOSIS_000002;YEAR;152;COUNTRY;PUBLISHED;Healthy life expectancy (at birth);2020;Chile;FEMALE;69.16406212000000
C64284DWHOSIS_000002;WHOSIS_000002;C64284D;WHOSIS_000002;YEAR;152;COUNTRY;PUBLISHED;Healthy life expectancy (at birth);2020;Chile;TOTAL;68.34494597000000
C64284DWHOSIS_000002;WHOSIS_000002;C64284D;WHOSIS_000002;YEAR;152;COUNTRY;PUBLISHED;Healthy life expectancy (at birth);2020;Chile;MALE;67.51275449000000
C64284DWHOSIS_000002;WHOSIS_000002;C64284D;WHOSIS_000002;YEAR;152;COUNTRY;PUBLISHED;Healthy life expectancy (at birth);2021;Chile;FEMALE;68.27301609000000
C64284DWHOSIS_000002;WHOSIS_000002;C64284D;WHOSIS_000002;YEAR;152;COUNTRY;PUBLISHED;Healthy life expectancy (at birth);2021;Chile;MALE;67.05386245000000
C64284DWHOSIS_000002;WHOSIS_000002;C64284D;WHOSIS_000002;YEAR;152;COUNTRY;PUBLISHED;Healthy life expectancy (at birth);2021;Chile;TOTAL;67.65230473000000
C64284DWHOSIS_000002;WHOSIS_000002;C64284D;WHOSIS_000002;YEAR;156;COUNTRY;PUBLISHED;Healthy life expectancy (at birth);2000;China;FEMALE;64.42400605000000
C64284DWHOSIS_000002;WHOSIS_000002;C64284D;WHOSIS_000002;YEAR;156;COUNTRY;PUBLISHED;Healthy life expectancy (at birth);2000;China;TOTAL;63.13352498000000
C64284DWHOSIS_000002;WHOSIS_000002;C64284D;WHOSIS_000002;YEAR;156;COUNTRY;PUBLISHED;Healthy life expectancy (at birth);2000;China;MALE;61.98126682000000
C64284DWHOSIS_000002;WHOSIS_000002;C64284D;WHOSIS_000002;YEAR;156;COUNTRY;PUBLISHED;Healthy life expectancy (at birth);2001;China;FEMALE;64.73011340000000
C64284DWHOSIS_000002;WHOSIS_000002;C64284D;WHOSIS_000002;YEAR;156;COUNTRY;PUBLISHED;Healthy life expectancy (at birth);2001;China;MALE;62.23503652000000
C64284DWHOSIS_000002;WHOSIS_000002;C64284D;WHOSIS_000002;YEAR;156;COUNTRY;PUBLISHED;Healthy life expectancy (at birth);2001;China;TOTAL;63.40827723000000
C64284DWHOSIS_000002;WHOSIS_000002;C64284D;WHOSIS_000002;YEAR;156;COUNTRY;PUBLISHED;Healthy life expectancy (at birth);2002;China;TOTAL;63.69965084000000
C64284DWHOSIS_000002;WHOSIS_000002;C64284D;WHOSIS_000002;YEAR;156;COUNTRY;PUBLISHED;Healthy life expectancy (at birth);2002;China;MALE;62.49783916000000
C64284DWHOSIS_000002;WHOSIS_000002;C64284D;WHOSIS_000002;YEAR;156;COUNTRY;PUBLISHED;Healthy life expectancy (at birth);2002;China;FEMALE;65.05827229000000
C64284DWHOSIS_000002;WHOSIS_000002;C64284D;WHOSIS_000002;YEAR;156;COUNTRY;PUBLISHED;Healthy life expectancy (at birth);2003;China;MALE;62.70130460000000
C64284DWHOSIS_000002;WHOSIS_000002;C64284D;WHOSIS_000002;YEAR;156;COUNTRY;PUBLISHED;Healthy life expectancy (at birth);2003;China;FEMALE;65.33649240000000
C64284DWHOSIS_000002;WHOSIS_000002;C64284D;WHOSIS_000002;YEAR;156;COUNTRY;PUBLISHED;Healthy life expectancy (at birth);2003;China;TOTAL;63.93089590000000
C64284DWHOSIS_000002;WHOSIS_000002;C64284D;WHOSIS_000002;YEAR;156;COUNTRY;PUBLISHED;Healthy life expectancy (at birth);2004;China;MALE;62.91142904000000
C64284DWHOSIS_000002;WHOSIS_000002;C64284D;WHOSIS_000002;YEAR;156;COUNTRY;PUBLISHED;Healthy life expectancy (at birth);2004;China;FEMALE;65.60769232000000
C64284DWHOSIS_000002;WHOSIS_000002;C64284D;WHOSIS_000002;YEAR;156;COUNTRY;PUBLISHED;Healthy life expectancy (at birth);2004;China;TOTAL;64.16723117000000
C64284DWHOSIS_000002;WHOSIS_000002;C64284D;WHOSIS_000002;YEAR;156;COUNTRY;PUBLISHED;Healthy life expectancy (at birth);2005;China;MALE;63.32482356000000
C64284DWHOSIS_000002;WHOSIS_000002;C64284D;WHOSIS_000002;YEAR;156;COUNTRY;PUBLISHED;Healthy life expectancy (at birth);2005;China;TOTAL;64.60210735000000
C64284DWHOSIS_000002;WHOSIS_000002;C64284D;WHOSIS_000002;YEAR;156;COUNTRY;PUBLISHED;Healthy life expectancy (at birth);2005;China;FEMALE;66.06696399000000
C64284DWHOSIS_000002;WHOSIS_000002;C64284D;WHOSIS_000002;YEAR;156;COUNTRY;PUBLISHED;Healthy life expectancy (at birth);2006;China;TOTAL;65.28233172000000
C64284DWHOSIS_000002;WHOSIS_000002;C64284D;WHOSIS_000002;YEAR;156;COUNTRY;PUBLISHED;Healthy life expectancy (at birth);2006;China;FEMALE;66.77254948000000
C64284DWHOSIS_000002;WHOSIS_000002;C64284D;WHOSIS_000002;YEAR;156;COUNTRY;PUBLISHED;Healthy life expectancy (at birth);2006;China;MALE;63.97423813000000
C64284DWHOSIS_000002;WHOSIS_000002;C64284D;WHOSIS_000002;YEAR;156;COUNTRY;PUBLISHED;Healthy life expectancy (at birth);2007;China;MALE;64.39286558000000
C64284DWHOSIS_000002;WHOSIS_000002;C64284D;WHOSIS_000002;YEAR;156;COUNTRY;PUBLISHED;Healthy life expectancy (at birth);2007;China;TOTAL;65.75216548000000
C64284DWHOSIS_000002;WHOSIS_000002;C64284D;WHOSIS_000002;YEAR;156;COUNTRY;PUBLISHED;Healthy life expectancy (at birth);2007;China;FEMALE;67.30572264000000
C64284DWHOSIS_000002;WHOSIS_000002;C64284D;WHOSIS_000002;YEAR;156;COUNTRY;PUBLISHED;Healthy life expectancy (at birth);2008;China;MALE;64.53841561000000
C64284DWHOSIS_000002;WHOSIS_000002;C64284D;WHOSIS_000002;YEAR;156;COUNTRY;PUBLISHED;Healthy life expectancy (at birth);2008;China;TOTAL;65.91809038000000
C64284DWHOSIS_000002;WHOSIS_000002;C64284D;WHOSIS_000002;YEAR;156;COUNTRY;PUBLISHED;Healthy life expectancy (at birth);2008;China;FEMALE;67.49669432000000
C64284DWHOSIS_000002;WHOSIS_000002;C64284D;WHOSIS_000002;YEAR;156;COUNTRY;PUBLISHED;Healthy life expectancy (at birth);2009;China;TOTAL;66.27624440000000
C64284DWHOSIS_000002;WHOSIS_000002;C64284D;WHOSIS_000002;YEAR;156;COUNTRY;PUBLISHED;Healthy life expectancy (at birth);2009;China;FEMALE;67.95006331000000
C64284DWHOSIS_000002;WHOSIS_000002;C64284D;WHOSIS_000002;YEAR;156;COUNTRY;PUBLISHED;Healthy life expectancy (at birth);2009;China;MALE;64.82082391000000
C64284DWHOSIS_000002;WHOSIS_000002;C64284D;WHOSIS_000002;YEAR;156;COUNTRY;PUBLISHED;Healthy life expectancy (at birth);2010;China;TOTAL;66.51095588000000
C64284DWHOSIS_000002;WHOSIS_000002;C64284D;WHOSIS_000002;YEAR;156;COUNTRY;PUBLISHED;Healthy life expectancy (at birth);2010;China;MALE;65.02937607000000
C64284DWHOSIS_000002;WHOSIS_000002;C64284D;WHOSIS_000002;YEAR;156;COUNTRY;PUBLISHED;Healthy life expectancy (at birth);2010;China;FEMALE;68.21926451000000
C64284DWHOSIS_000002;WHOSIS_000002;C64284D;WHOSIS_000002;YEAR;156;COUNTRY;PUBLISHED;Healthy life expectancy (at birth);2011;China;FEMALE;68.51720724000000
C64284DWHOSIS_000002;WHOSIS_000002;C64284D;WHOSIS_000002;YEAR;156;COUNTRY;PUBLISHED;Healthy life expectancy (at birth);2011;China;TOTAL;66.81696284000000
C64284DWHOSIS_000002;WHOSIS_000002;C64284D;WHOSIS_000002;YEAR;156;COUNTRY;PUBLISHED;Healthy life expectancy (at birth);2011;China;MALE;65.33528978000000
C64284DWHOSIS_000002;WHOSIS_000002;C64284D;WHOSIS_000002;YEAR;156;COUNTRY;PUBLISHED;Healthy life expectancy (at birth);2012;China;TOTAL;67.15763099000000
C64284DWHOSIS_000002;WHOSIS_000002;C64284D;WHOSIS_000002;YEAR;156;COUNTRY;PUBLISHED;Healthy life expectancy (at birth);2012;China;FEMALE;68.93976748000000
C64284DWHOSIS_000002;WHOSIS_000002;C64284D;WHOSIS_000002;YEAR;156;COUNTRY;PUBLISHED;Healthy life expectancy (at birth);2012;China;MALE;65.61668819000000
C64284DWHOSIS_000002;WHOSIS_000002;C64284D;WHOSIS_000002;YEAR;156;COUNTRY;PUBLISHED;Healthy life expectancy (at birth);2013;China;MALE;65.87651749000000
C64284DWHOSIS_000002;WHOSIS_000002;C64284D;WHOSIS_000002;YEAR;156;COUNTRY;PUBLISHED;Healthy life expectancy (at birth);2013;China;TOTAL;67.43238082000000
C64284DWHOSIS_000002;WHOSIS_000002;C64284D;WHOSIS_000002;YEAR;156;COUNTRY;PUBLISHED;Healthy life expectancy (at birth);2013;China;FEMALE;69.23393250000000
C64284DWHOSIS_000002;WHOSIS_000002;C64284D;WHOSIS_000002;YEAR;156;COUNTRY;PUBLISHED;Healthy life expectancy (at birth);2014;China;FEMALE;69.48707536000000
C64284DWHOSIS_000002;WHOSIS_000002;C64284D;WHOSIS_000002;YEAR;156;COUNTRY;PUBLISHED;Healthy life expectancy (at birth);2014;China;TOTAL;67.70090126000000
C64284DWHOSIS_000002;WHOSIS_000002;C64284D;WHOSIS_000002;YEAR;156;COUNTRY;PUBLISHED;Healthy life expectancy (at birth);2014;China;MALE;66.14612545000000
C64284DWHOSIS_000002;WHOSIS_000002;C64284D;WHOSIS_000002;YEAR;156;COUNTRY;PUBLISHED;Healthy life expectancy (at birth);2015;China;FEMALE;69.73485974000000
C64284DWHOSIS_000002;WHOSIS_000002;C64284D;WHOSIS_000002;YEAR;156;COUNTRY;PUBLISHED;Healthy life expectancy (at birth);2015;China;TOTAL;67.93292823000000
C64284DWHOSIS_000002;WHOSIS_000002;C64284D;WHOSIS_000002;YEAR;156;COUNTRY;PUBLISHED;Healthy life expectancy (at birth);2015;China;MALE;66.36438367000000
C64284DWHOSIS_000002;WHOSIS_000002;C64284D;WHOSIS_000002;YEAR;156;COUNTRY;PUBLISHED;Healthy life expectancy (at birth);2016;China;TOTAL;68.08086070000000
C64284DWHOSIS_000002;WHOSIS_000002;C64284D;WHOSIS_000002;YEAR;156;COUNTRY;PUBLISHED;Healthy life expectancy (at birth);2016;China;FEMALE;69.85790918000000
C64284DWHOSIS_000002;WHOSIS_000002;C64284D;WHOSIS_000002;YEAR;156;COUNTRY;PUBLISHED;Healthy life expectancy (at birth);2016;China;MALE;66.52883090000000
C64284DWHOSIS_000002;WHOSIS_000002;C64284D;WHOSIS_000002;YEAR;156;COUNTRY;PUBLISHED;Healthy life expectancy (at birth);2017;China;FEMALE;69.94035384000000
C64284DWHOSIS_000002;WHOSIS_000002;C64284D;WHOSIS_000002;YEAR;156;COUNTRY;PUBLISHED;Healthy life expectancy (at birth);2017;China;MALE;66.71426319000000
C64284DWHOSIS_000002;WHOSIS_000002;C64284D;WHOSIS_000002;YEAR;156;COUNTRY;PUBLISHED;Healthy life expectancy (at birth);2017;China;TOTAL;68.22865018000000
C64284DWHOSIS_000002;WHOSIS_000002;C64284D;WHOSIS_000002;YEAR;156;COUNTRY;PUBLISHED;Healthy life expectancy (at birth);2018;China;FEMALE;69.99932618000000
C64284DWHOSIS_000002;WHOSIS_000002;C64284D;WHOSIS_000002;YEAR;156;COUNTRY;PUBLISHED;Healthy life expectancy (at birth);2018;China;MALE;66.86484970000000
C64284DWHOSIS_000002;WHOSIS_000002;C64284D;WHOSIS_000002;YEAR;156;COUNTRY;PUBLISHED;Healthy life expectancy (at birth);2018;China;TOTAL;68.34465944000000
C64284DWHOSIS_000002;WHOSIS_000002;C64284D;WHOSIS_000002;YEAR;156;COUNTRY;PUBLISHED;Healthy life expectancy (at birth);2019;China;MALE;66.99213677000000
C64284DWHOSIS_000002;WHOSIS_000002;C64284D;WHOSIS_000002;YEAR;156;COUNTRY;PUBLISHED;Healthy life expectancy (at birth);2019;China;TOTAL;68.45295916000000
C64284DWHOSIS_000002;WHOSIS_000002;C64284D;WHOSIS_000002;YEAR;156;COUNTRY;PUBLISHED;Healthy life expectancy (at birth);2019;China;FEMALE;70.08088398000000
C64284DWHOSIS_000002;WHOSIS_000002;C64284D;WHOSIS_000002;YEAR;156;COUNTRY;PUBLISHED;Healthy life expectancy (at birth);2020;China;MALE;66.95419943000000
C64284DWHOSIS_000002;WHOSIS_000002;C64284D;WHOSIS_000002;YEAR;156;COUNTRY;PUBLISHED;Healthy life expectancy (at birth);2020;China;TOTAL;68.51324163000000
C64284DWHOSIS_000002;WHOSIS_000002;C64284D;WHOSIS_000002;YEAR;156;COUNTRY;PUBLISHED;Healthy life expectancy (at birth);2020;China;FEMALE;70.27131344000000
C64284DWHOSIS_000002;WHOSIS_000002;C64284D;WHOSIS_000002;YEAR;156;COUNTRY;PUBLISHED;Healthy life expectancy (at birth);2021;China;TOTAL;68.58451615000000
C64284DWHOSIS_000002;WHOSIS_000002;C64284D;WHOSIS_000002;YEAR;156;COUNTRY;PUBLISHED;Healthy life expectancy (at birth);2021;China;MALE;67.21299995000000
C64284DWHOSIS_000002;WHOSIS_000002;C64284D;WHOSIS_000002;YEAR;156;COUNTRY;PUBLISHED;Healthy life expectancy (at birth);2021;China;FEMALE;70.07649883000000
C64284DWHOSIS_000002;WHOSIS_000002;C64284D;WHOSIS_000002;YEAR;384;COUNTRY;PUBLISHED;Healthy life expectancy (at birth);2000;Côte d'Ivoire;MALE;43.96984968000000
C64284DWHOSIS_000002;WHOSIS_000002;C64284D;WHOSIS_000002;YEAR;384;COUNTRY;PUBLISHED;Healthy life expectancy (at birth);2000;Côte d'Ivoire;TOTAL;44.52010724000000
C64284DWHOSIS_000002;WHOSIS_000002;C64284D;WHOSIS_000002;YEAR;384;COUNTRY;PUBLISHED;Healthy life expectancy (at birth);2000;Côte d'Ivoire;FEMALE;45.47425833000000
C64284DWHOSIS_000002;WHOSIS_000002;C64284D;WHOSIS_000002;YEAR;384;COUNTRY;PUBLISHED;Healthy life expectancy (at birth);2001;Côte d'Ivoire;MALE;44.32970930000000
C64284DWHOSIS_000002;WHOSIS_000002;C64284D;WHOSIS_000002;YEAR;384;COUNTRY;PUBLISHED;Healthy life expectancy (at birth);2001;Côte d'Ivoire;TOTAL;44.81735508000000
C64284DWHOSIS_000002;WHOSIS_000002;C64284D;WHOSIS_000002;YEAR;384;COUNTRY;PUBLISHED;Healthy life expectancy (at birth);2001;Côte d'Ivoire;FEMALE;45.68048006000000
C64284DWHOSIS_000002;WHOSIS_000002;C64284D;WHOSIS_000002;YEAR;384;COUNTRY;PUBLISHED;Healthy life expectancy (at birth);2002;Côte d'Ivoire;TOTAL;45.09539083000000
C64284DWHOSIS_000002;WHOSIS_000002;C64284D;WHOSIS_000002;YEAR;384;COUNTRY;PUBLISHED;Healthy life expectancy (at birth);2002;Côte d'Ivoire;MALE;44.56653956000000
C64284DWHOSIS_000002;WHOSIS_000002;C64284D;WHOSIS_000002;YEAR;384;COUNTRY;PUBLISHED;Healthy life expectancy (at birth);2002;Côte d'Ivoire;FEMALE;45.98713984000000
C64284DWHOSIS_000002;WHOSIS_000002;C64284D;WHOSIS_000002;YEAR;384;COUNTRY;PUBLISHED;Healthy life expectancy (at birth);2003;Côte d'Ivoire;MALE;44.94922701000000
C64284DWHOSIS_000002;WHOSIS_000002;C64284D;WHOSIS_000002;YEAR;384;COUNTRY;PUBLISHED;Healthy life expectancy (at birth);2003;Côte d'Ivoire;TOTAL;45.46251470000000
C64284DWHOSIS_000002;WHOSIS_000002;C64284D;WHOSIS_000002;YEAR;384;COUNTRY;PUBLISHED;Healthy life expectancy (at birth);2003;Côte d'Ivoire;FEMALE;46.32194910000000
C64284DWHOSIS_000002;WHOSIS_000002;C64284D;WHOSIS_000002;YEAR;384;COUNTRY;PUBLISHED;Healthy life expectancy (at birth);2004;Côte d'Ivoire;TOTAL;46.00144318000000
C64284DWHOSIS_000002;WHOSIS_000002;C64284D;WHOSIS_000002;YEAR;384;COUNTRY;PUBLISHED;Healthy life expectancy (at birth);2004;Côte d'Ivoire;MALE;45.46348778000000
C64284DWHOSIS_000002;WHOSIS_000002;C64284D;WHOSIS_000002;YEAR;384;COUNTRY;PUBLISHED;Healthy life expectancy (at birth);2004;Côte d'Ivoire;FEMALE;46.88495479000000
C64284DWHOSIS_000002;WHOSIS_000002;C64284D;WHOSIS_000002;YEAR;384;COUNTRY;PUBLISHED;Healthy life expectancy (at birth);2005;Côte d'Ivoire;MALE;46.30840309000000
C64284DWHOSIS_000002;WHOSIS_000002;C64284D;WHOSIS_000002;YEAR;384;COUNTRY;PUBLISHED;Healthy life expectancy (at birth);2005;Côte d'Ivoire;FEMALE;47.83409205000000
C64284DWHOSIS_000002;WHOSIS_000002;C64284D;WHOSIS_000002;YEAR;384;COUNTRY;PUBLISHED;Healthy life expectancy (at birth);2005;Côte d'Ivoire;TOTAL;46.90500498000000
C64284DWHOSIS_000002;WHOSIS_000002;C64284D;WHOSIS_000002;YEAR;384;COUNTRY;PUBLISHED;Healthy life expectancy (at birth);2006;Côte d'Ivoire;MALE;47.16133999000000
C64284DWHOSIS_000002;WHOSIS_000002;C64284D;WHOSIS_000002;YEAR;384;COUNTRY;PUBLISHED;Healthy life expectancy (at birth);2006;Côte d'Ivoire;TOTAL;47.83130414000000
C64284DWHOSIS_000002;WHOSIS_000002;C64284D;WHOSIS_000002;YEAR;384;COUNTRY;PUBLISHED;Healthy life expectancy (at birth);2006;Côte d'Ivoire;FEMALE;48.82873712000000
C64284DWHOSIS_000002;WHOSIS_000002;C64284D;WHOSIS_000002;YEAR;384;COUNTRY;PUBLISHED;Healthy life expectancy (at birth);2007;Côte d'Ivoire;FEMALE;49.57582804000000
C64284DWHOSIS_000002;WHOSIS_000002;C64284D;WHOSIS_000002;YEAR;384;COUNTRY;PUBLISHED;Healthy life expectancy (at birth);2007;Côte d'Ivoire;TOTAL;48.55483244000000
C64284DWHOSIS_000002;WHOSIS_000002;C64284D;WHOSIS_000002;YEAR;384;COUNTRY;PUBLISHED;Healthy life expectancy (at birth);2007;Côte d'Ivoire;MALE;47.85069030000000
C64284DWHOSIS_000002;WHOSIS_000002;C64284D;WHOSIS_000002;YEAR;384;COUNTRY;PUBLISHED;Healthy life expectancy (at birth);2008;Côte d'Ivoire;MALE;48.54655717000000
C64284DWHOSIS_000002;WHOSIS_000002;C64284D;WHOSIS_000002;YEAR;384;COUNTRY;PUBLISHED;Healthy life expectancy (at birth);2008;Côte d'Ivoire;TOTAL;49.30711251000000
C64284DWHOSIS_000002;WHOSIS_000002;C64284D;WHOSIS_000002;YEAR;384;COUNTRY;PUBLISHED;Healthy life expectancy (at birth);2008;Côte d'Ivoire;FEMALE;50.37733348000000
C64284DWHOSIS_000002;WHOSIS_000002;C64284D;WHOSIS_000002;YEAR;384;COUNTRY;PUBLISHED;Healthy life expectancy (at birth);2009;Côte d'Ivoire;TOTAL;49.85466780000000
C64284DWHOSIS_000002;WHOSIS_000002;C64284D;WHOSIS_000002;YEAR;384;COUNTRY;PUBLISHED;Healthy life expectancy (at birth);2009;Côte d'Ivoire;MALE;49.14417088000000
C64284DWHOSIS_000002;WHOSIS_000002;C64284D;WHOSIS_000002;YEAR;384;COUNTRY;PUBLISHED;Healthy life expectancy (at birth);2009;Côte d'Ivoire;FEMALE;50.84920549000000
C64284DWHOSIS_000002;WHOSIS_000002;C64284D;WHOSIS_000002;YEAR;384;COUNTRY;PUBLISHED;Healthy life expectancy (at birth);2010;Côte d'Ivoire;MALE;49.40215076000000
C64284DWHOSIS_000002;WHOSIS_000002;C64284D;WHOSIS_000002;YEAR;384;COUNTRY;PUBLISHED;Healthy life expectancy (at birth);2010;Côte d'Ivoire;FEMALE;50.84747627000000
C64284DWHOSIS_000002;WHOSIS_000002;C64284D;WHOSIS_000002;YEAR;384;COUNTRY;PUBLISHED;Healthy life expectancy (at birth);2010;Côte d'Ivoire;TOTAL;50.00052511000000
C64284DWHOSIS_000002;WHOSIS_000002;C64284D;WHOSIS_000002;YEAR;384;COUNTRY;PUBLISHED;Healthy life expectancy (at birth);2011;Côte d'Ivoire;FEMALE;51.21168393000000
C64284DWHOSIS_000002;WHOSIS_000002;C64284D;WHOSIS_000002;YEAR;384;COUNTRY;PUBLISHED;Healthy life expectancy (at birth);2011;Côte d'Ivoire;MALE;49.45503536000000
C64284DWHOSIS_000002;WHOSIS_000002;C64284D;WHOSIS_000002;YEAR;384;COUNTRY;PUBLISHED;Healthy life expectancy (at birth);2011;Côte d'Ivoire;TOTAL;50.20756319000000
C64284DWHOSIS_000002;WHOSIS_000002;C64284D;WHOSIS_000002;YEAR;384;COUNTRY;PUBLISHED;Healthy life expectancy (at birth);2012;Côte d'Ivoire;FEMALE;52.33645549000000
C64284DWHOSIS_000002;WHOSIS_000002;C64284D;WHOSIS_000002;YEAR;384;COUNTRY;PUBLISHED;Healthy life expectancy (at birth);2012;Côte d'Ivoire;MALE;50.12666420000000
C64284DWHOSIS_000002;WHOSIS_000002;C64284D;WHOSIS_000002;YEAR;384;COUNTRY;PUBLISHED;Healthy life expectancy (at birth);2012;Côte d'Ivoire;TOTAL;51.08658384000000
C64284DWHOSIS_000002;WHOSIS_000002;C64284D;WHOSIS_000002;YEAR;384;COUNTRY;PUBLISHED;Healthy life expectancy (at birth);2013;Côte d'Ivoire;TOTAL;51.75793248000000
C64284DWHOSIS_000002;WHOSIS_000002;C64284D;WHOSIS_000002;YEAR;384;COUNTRY;PUBLISHED;Healthy life expectancy (at birth);2013;Côte d'Ivoire;FEMALE;53.17228141000000
C64284DWHOSIS_000002;WHOSIS_000002;C64284D;WHOSIS_000002;YEAR;384;COUNTRY;PUBLISHED;Healthy life expectancy (at birth);2013;Côte d'Ivoire;MALE;50.65517123000000
C64284DWHOSIS_000002;WHOSIS_000002;C64284D;WHOSIS_000002;YEAR;384;COUNTRY;PUBLISHED;Healthy life expectancy (at birth);2014;Côte d'Ivoire;MALE;51.36919898000000
C64284DWHOSIS_000002;WHOSIS_000002;C64284D;WHOSIS_000002;YEAR;384;COUNTRY;PUBLISHED;Healthy life expectancy (at birth);2014;Côte d'Ivoire;FEMALE;53.76802938000000
C64284DWHOSIS_000002;WHOSIS_000002;C64284D;WHOSIS_000002;YEAR;384;COUNTRY;PUBLISHED;Healthy life expectancy (at birth);2014;Côte d'Ivoire;TOTAL;52.42531710000000
C64284DWHOSIS_000002;WHOSIS_000002;C64284D;WHOSIS_000002;YEAR;384;COUNTRY;PUBLISHED;Healthy life expectancy (at birth);2015;Côte d'Ivoire;TOTAL;53.17791962000000
C64284DWHOSIS_000002;WHOSIS_000002;C64284D;WHOSIS_000002;YEAR;384;COUNTRY;PUBLISHED;Healthy life expectancy (at birth);2015;Côte d'Ivoire;MALE;52.13334162000000
C64284DWHOSIS_000002;WHOSIS_000002;C64284D;WHOSIS_000002;YEAR;384;COUNTRY;PUBLISHED;Healthy life expectancy (at birth);2015;Côte d'Ivoire;FEMALE;54.49105480000000
C64284DWHOSIS_000002;WHOSIS_000002;C64284D;WHOSIS_000002;YEAR;384;COUNTRY;PUBLISHED;Healthy life expectancy (at birth);2016;Côte d'Ivoire;TOTAL;53.77431966000000
C64284DWHOSIS_000002;WHOSIS_000002;C64284D;WHOSIS_000002;YEAR;384;COUNTRY;PUBLISHED;Healthy life expectancy (at birth);2016;Côte d'Ivoire;FEMALE;55.07431435000000
C64284DWHOSIS_000002;WHOSIS_000002;C64284D;WHOSIS_000002;YEAR;384;COUNTRY;PUBLISHED;Healthy life expectancy (at birth);2016;Côte d'Ivoire;MALE;52.72973965000000
C64284DWHOSIS_000002;WHOSIS_000002;C64284D;WHOSIS_000002;YEAR;384;COUNTRY;PUBLISHED;Healthy life expectancy (at birth);2017;Côte d'Ivoire;FEMALE;55.64891674000000
C64284DWHOSIS_000002;WHOSIS_000002;C64284D;WHOSIS_000002;YEAR;384;COUNTRY;PUBLISHED;Healthy life expectancy (at birth);2017;Côte d'Ivoire;MALE;53.29205409000000
C64284DWHOSIS_000002;WHOSIS_000002;C64284D;WHOSIS_000002;YEAR;384;COUNTRY;PUBLISHED;Healthy life expectancy (at birth);2017;Côte d'Ivoire;TOTAL;54.34714887000000
C64284DWHOSIS_000002;WHOSIS_000002;C64284D;WHOSIS_000002;YEAR;384;COUNTRY;PUBLISHED;Healthy life expectancy (at birth);2018;Côte d'Ivoire;TOTAL;54.90882776000000
C64284DWHOSIS_000002;WHOSIS_000002;C64284D;WHOSIS_000002;YEAR;384;COUNTRY;PUBLISHED;Healthy life expectancy (at birth);2018;Côte d'Ivoire;MALE;53.87126931000000
C64284DWHOSIS_000002;WHOSIS_000002;C64284D;WHOSIS_000002;YEAR;384;COUNTRY;PUBLISHED;Healthy life expectancy (at birth);2018;Côte d'Ivoire;FEMALE;56.18005281000000
C64284DWHOSIS_000002;WHOSIS_000002;C64284D;WHOSIS_000002;YEAR;384;COUNTRY;PUBLISHED;Healthy life expectancy (at birth);2019;Côte d'Ivoire;MALE;54.41874137000000
C64284DWHOSIS_000002;WHOSIS_000002;C64284D;WHOSIS_000002;YEAR;384;COUNTRY;PUBLISHED;Healthy life expectancy (at birth);2019;Côte d'Ivoire;TOTAL;55.42385947000000
C64284DWHOSIS_000002;WHOSIS_000002;C64284D;WHOSIS_000002;YEAR;384;COUNTRY;PUBLISHED;Healthy life expectancy (at birth);2019;Côte d'Ivoire;FEMALE;56.64468725000000
C64284DWHOSIS_000002;WHOSIS_000002;C64284D;WHOSIS_000002;YEAR;384;COUNTRY;PUBLISHED;Healthy life expectancy (at birth);2020;Côte d'Ivoire;TOTAL;55.26992790000000
C64284DWHOSIS_000002;WHOSIS_000002;C64284D;WHOSIS_000002;YEAR;384;COUNTRY;PUBLISHED;Healthy life expectancy (at birth);2020;Côte d'Ivoire;FEMALE;56.50795732000000
C64284DWHOSIS_000002;WHOSIS_000002;C64284D;WHOSIS_000002;YEAR;384;COUNTRY;PUBLISHED;Healthy life expectancy (at birth);2020;Côte d'Ivoire;MALE;54.28123311000000
C64284DWHOSIS_000002;WHOSIS_000002;C64284D;WHOSIS_000002;YEAR;384;COUNTRY;PUBLISHED;Healthy life expectancy (at birth);2021;Côte d'Ivoire;MALE;54.57980490000000
C64284DWHOSIS_000002;WHOSIS_000002;C64284D;WHOSIS_000002;YEAR;384;COUNTRY;PUBLISHED;Healthy life expectancy (at birth);2021;Côte d'Ivoire;TOTAL;55.40625311000000
C64284DWHOSIS_000002;WHOSIS_000002;C64284D;WHOSIS_000002;YEAR;384;COUNTRY;PUBLISHED;Healthy life expectancy (at birth);2021;Côte d'Ivoire;FEMALE;56.39795644000000
C64284DWHOSIS_000002;WHOSIS_000002;C64284D;WHOSIS_000002;YEAR;250;COUNTRY;PUBLISHED;Healthy life expectancy (at birth);2000;France;TOTAL;67.97792300000000
C64284DWHOSIS_000002;WHOSIS_000002;C64284D;WHOSIS_000002;YEAR;250;COUNTRY;PUBLISHED;Healthy life expectancy (at birth);2000;France;MALE;66.20633447000000
C64284DWHOSIS_000002;WHOSIS_000002;C64284D;WHOSIS_000002;YEAR;250;COUNTRY;PUBLISHED;Healthy life expectancy (at birth);2000;France;FEMALE;69.70473877000000
C64284DWHOSIS_000002;WHOSIS_000002;C64284D;WHOSIS_000002;YEAR;250;COUNTRY;PUBLISHED;Healthy life expectancy (at birth);2001;France;FEMALE;69.71185378000000
C64284DWHOSIS_000002;WHOSIS_000002;C64284D;WHOSIS_000002;YEAR;250;COUNTRY;PUBLISHED;Healthy life expectancy (at birth);2001;France;MALE;66.31830992000000
C64284DWHOSIS_000002;WHOSIS_000002;C64284D;WHOSIS_000002;YEAR;250;COUNTRY;PUBLISHED;Healthy life expectancy (at birth);2001;France;TOTAL;68.03896953000000
C64284DWHOSIS_000002;WHOSIS_000002;C64284D;WHOSIS_000002;YEAR;250;COUNTRY;PUBLISHED;Healthy life expectancy (at birth);2002;France;MALE;66.51178438000000
C64284DWHOSIS_000002;WHOSIS_000002;C64284D;WHOSIS_000002;YEAR;250;COUNTRY;PUBLISHED;Healthy life expectancy (at birth);2002;France;FEMALE;69.71652331000000
C64284DWHOSIS_000002;WHOSIS_000002;C64284D;WHOSIS_000002;YEAR;250;COUNTRY;PUBLISHED;Healthy life expectancy (at birth);2002;France;TOTAL;68.13999298000000
C64284DWHOSIS_000002;WHOSIS_000002;C64284D;WHOSIS_000002;YEAR;250;COUNTRY;PUBLISHED;Healthy life expectancy (at birth);2003;France;FEMALE;69.60333696000000
C64284DWHOSIS_000002;WHOSIS_000002;C64284D;WHOSIS_000002;YEAR;250;COUNTRY;PUBLISHED;Healthy life expectancy (at birth);2003;France;MALE;66.58096418000000
C64284DWHOSIS_000002;WHOSIS_000002;C64284D;WHOSIS_000002;YEAR;250;COUNTRY;PUBLISHED;Healthy life expectancy (at birth);2003;France;TOTAL;68.11624448000000
C64284DWHOSIS_000002;WHOSIS_000002;C64284D;WHOSIS_000002;YEAR;250;COUNTRY;PUBLISHED;Healthy life expectancy (at birth);2004;France;MALE;67.23455222000000
C64284DWHOSIS_000002;WHOSIS_000002;C64284D;WHOSIS_000002;YEAR;250;COUNTRY;PUBLISHED;Healthy life expectancy (at birth);2004;France;FEMALE;70.17605105000000
C64284DWHOSIS_000002;WHOSIS_000002;C64284D;WHOSIS_000002;YEAR;250;COUNTRY;PUBLISHED;Healthy life expectancy (at birth);2004;France;TOTAL;68.74525487000000
C64284DWHOSIS_000002;WHOSIS_000002;C64284D;WHOSIS_000002;YEAR;250;COUNTRY;PUBLISHED;Healthy life expectancy (at birth);2005;France;FEMALE;70.16709032000000
C64284DWHOSIS_000002;WHOSIS_000002;C64284D;WHOSIS_000002;YEAR;250;COUNTRY;PUBLISHED;Healthy life expectancy (at birth);2005;France;TOTAL;68.75442008000000
C64284DWHOSIS_000002;WHOSIS_000002;C64284D;WHOSIS_000002;YEAR;250;COUNTRY;PUBLISHED;Healthy life expectancy (at birth);2005;France;MALE;67.27300750000000
C64284DWHOSIS_000002;WHOSIS_000002;C64284D;WHOSIS_000002;YEAR;250;COUNTRY;PUBLISHED;Healthy life expectancy (at birth);2006;France;TOTAL;69.11780860000000
C64284DWHOSIS_000002;WHOSIS_000002;C64284D;WHOSIS_000002;YEAR;250;COUNTRY;PUBLISHED;Healthy life expectancy (at birth);2006;France;MALE;67.63943037000000
C64284DWHOSIS_000002;WHOSIS_000002;C64284D;WHOSIS_000002;YEAR;250;COUNTRY;PUBLISHED;Healthy life expectancy (at birth);2006;France;FEMALE;70.51730892000000
C64284DWHOSIS_000002;WHOSIS_000002;C64284D;WHOSIS_000002;YEAR;250;COUNTRY;PUBLISHED;Healthy life expectancy (at birth);2007;France;TOTAL;69.33232446000000
C64284DWHOSIS_000002;WHOSIS_000002;C64284D;WHOSIS_000002;YEAR;250;COUNTRY;PUBLISHED;Healthy life expectancy (at birth);2007;France;FEMALE;70.73248450000000
C64284DWHOSIS_000002;WHOSIS_000002;C64284D;WHOSIS_000002;YEAR;250;COUNTRY;PUBLISHED;Healthy life expectancy (at birth);2007;France;MALE;67.85361506000000
C64284DWHOSIS_000002;WHOSIS_000002;C64284D;WHOSIS_000002;YEAR;250;COUNTRY;PUBLISHED;Healthy life expectancy (at birth);2008;France;TOTAL;69.41530698000000
C64284DWHOSIS_000002;WHOSIS_000002;C64284D;WHOSIS_000002;YEAR;250;COUNTRY;PUBLISHED;Healthy life expectancy (at birth);2008;France;FEMALE;70.71387539000000
C64284DWHOSIS_000002;WHOSIS_000002;C64284D;WHOSIS_000002;YEAR;250;COUNTRY;PUBLISHED;Healthy life expectancy (at birth);2008;France;MALE;68.03438491000000
C64284DWHOSIS_000002;WHOSIS_000002;C64284D;WHOSIS_000002;YEAR;250;COUNTRY;PUBLISHED;Healthy life expectancy (at birth);2009;France;FEMALE;70.84113920000000
C64284DWHOSIS_000002;WHOSIS_000002;C64284D;WHOSIS_000002;YEAR;250;COUNTRY;PUBLISHED;Healthy life expectancy (at birth);2009;France;TOTAL;69.55157387000000
C64284DWHOSIS_000002;WHOSIS_000002;C64284D;WHOSIS_000002;YEAR;250;COUNTRY;PUBLISHED;Healthy life expectancy (at birth);2009;France;MALE;68.18355480000000
C64284DWHOSIS_000002;WHOSIS_000002;C64284D;WHOSIS_000002;YEAR;250;COUNTRY;PUBLISHED;Healthy life expectancy (at birth);2010;France;FEMALE;70.97593422000000
C64284DWHOSIS_000002;WHOSIS_000002;C64284D;WHOSIS_000002;YEAR;250;COUNTRY;PUBLISHED;Healthy life expectancy (at birth);2010;France;TOTAL;69.69814697000000
C64284DWHOSIS_000002;WHOSIS_000002;C64284D;WHOSIS_000002;YEAR;250;COUNTRY;PUBLISHED;Healthy life expectancy (at birth);2010;France;MALE;68.34286264000000
C64284DWHOSIS_000002;WHOSIS_000002;C64284D;WHOSIS_000002;YEAR;250;COUNTRY;PUBLISHED;Healthy life expectancy (at birth);2011;France;MALE;68.64929393000000
C64284DWHOSIS_000002;WHOSIS_000002;C64284D;WHOSIS_000002;YEAR;250;COUNTRY;PUBLISHED;Healthy life expectancy (at birth);2011;France;FEMALE;71.20277366000000
C64284DWHOSIS_000002;WHOSIS_000002;C64284D;WHOSIS_000002;YEAR;250;COUNTRY;PUBLISHED;Healthy life expectancy (at birth);2011;France;TOTAL;69.96634497000000
C64284DWHOSIS_000002;WHOSIS_000002;C64284D;WHOSIS_000002;YEAR;250;COUNTRY;PUBLISHED;Healthy life expectancy (at birth);2012;France;FEMALE;71.15113542000000
C64284DWHOSIS_000002;WHOSIS_000002;C64284D;WHOSIS_000002;YEAR;250;COUNTRY;PUBLISHED;Healthy life expectancy (at birth);2012;France;TOTAL;70.00449094000000
C64284DWHOSIS_000002;WHOSIS_000002;C64284D;WHOSIS_000002;YEAR;250;COUNTRY;PUBLISHED;Healthy life expectancy (at birth);2012;France;MALE;68.78225035000000
C64284DWHOSIS_000002;WHOSIS_000002;C64284D;WHOSIS_000002;YEAR;250;COUNTRY;PUBLISHED;Healthy life expectancy (at birth);2013;France;FEMALE;71.30321652000000
C64284DWHOSIS_000002;WHOSIS_000002;C64284D;WHOSIS_000002;YEAR;250;COUNTRY;PUBLISHED;Healthy life expectancy (at birth);2013;France;TOTAL;70.19897377000000
C64284DWHOSIS_000002;WHOSIS_000002;C64284D;WHOSIS_000002;YEAR;250;COUNTRY;PUBLISHED;Healthy life expectancy (at birth);2013;France;MALE;69.01844495000000
C64284DWHOSIS_000002;WHOSIS_000002;C64284D;WHOSIS_000002;YEAR;250;COUNTRY;PUBLISHED;Healthy life expectancy (at birth);2014;France;MALE;69.40509366000000
C64284DWHOSIS_000002;WHOSIS_000002;C64284D;WHOSIS_000002;YEAR;250;COUNTRY;PUBLISHED;Healthy life expectancy (at birth);2014;France;TOTAL;70.52421339000000
C64284DWHOSIS_000002;WHOSIS_000002;C64284D;WHOSIS_000002;YEAR;250;COUNTRY;PUBLISHED;Healthy life expectancy (at birth);2014;France;FEMALE;71.56074810000000
C64284DWHOSIS_000002;WHOSIS_000002;C64284D;WHOSIS_000002;YEAR;250;COUNTRY;PUBLISHED;Healthy life expectancy (at birth);2015;France;MALE;69.12206088000000
C64284DWHOSIS_000002;WHOSIS_000002;C64284D;WHOSIS_000002;YEAR;250;COUNTRY;PUBLISHED;Healthy life expectancy (at birth);2015;France;FEMALE;71.28966996000000
C64284DWHOSIS_000002;WHOSIS_000002;C64284D;WHOSIS_000002;YEAR;250;COUNTRY;PUBLISHED;Healthy life expectancy (at birth);2015;France;TOTAL;70.23849880000000
C64284DWHOSIS_000002;WHOSIS_000002;C64284D;WHOSIS_000002;YEAR;250;COUNTRY;PUBLISHED;Healthy life expectancy (at birth);2016;France;FEMALE;71.40730391000000
C64284DWHOSIS_000002;WHOSIS_000002;C64284D;WHOSIS_000002;YEAR;250;COUNTRY;PUBLISHED;Healthy life expectancy (at birth);2016;France;MALE;69.34612462000000
C64284DWHOSIS_000002;WHOSIS_000002;C64284D;WHOSIS_000002;YEAR;250;COUNTRY;PUBLISHED;Healthy life expectancy (at birth);2016;France;TOTAL;70.40952319000000
C64284DWHOSIS_000002;WHOSIS_000002;C64284D;WHOSIS_000002;YEAR;250;COUNTRY;PUBLISHED;Healthy life expectancy (at birth);2017;France;MALE;69.54588268000000
C64284DWHOSIS_000002;WHOSIS_000002;C64284D;WHOSIS_000002;YEAR;250;COUNTRY;PUBLISHED;Healthy life expectancy (at birth);2017;France;FEMALE;71.40578134000000
C64284DWHOSIS_000002;WHOSIS_000002;C64284D;WHOSIS_000002;YEAR;250;COUNTRY;PUBLISHED;Healthy life expectancy (at birth);2017;France;TOTAL;70.50691196000000
C64284DWHOSIS_000002;WHOSIS_000002;C64284D;WHOSIS_000002;YEAR;250;COUNTRY;PUBLISHED;Healthy life expectancy (at birth);2018;France;TOTAL;70.60504870000000
C64284DWHOSIS_000002;WHOSIS_000002;C64284D;WHOSIS_000002;YEAR;250;COUNTRY;PUBLISHED;Healthy life expectancy (at birth);2018;France;MALE;69.63062536000000
C64284DWHOSIS_000002;WHOSIS_000002;C64284D;WHOSIS_000002;YEAR;250;COUNTRY;PUBLISHED;Healthy life expectancy (at birth);2018;France;FEMALE;71.51484666000000
C64284DWHOSIS_000002;WHOSIS_000002;C64284D;WHOSIS_000002;YEAR;250;COUNTRY;PUBLISHED;Healthy life expectancy (at birth);2019;France;MALE;69.77737462000000
C64284DWHOSIS_000002;WHOSIS_000002;C64284D;WHOSIS_000002;YEAR;250;COUNTRY;PUBLISHED;Healthy life expectancy (at birth);2019;France;TOTAL;70.71715121000000
C64284DWHOSIS_000002;WHOSIS_000002;C64284D;WHOSIS_000002;YEAR;250;COUNTRY;PUBLISHED;Healthy life expectancy (at birth);2019;France;FEMALE;71.59532003000000
C64284DWHOSIS_000002;WHOSIS_000002;C64284D;WHOSIS_000002;YEAR;250;COUNTRY;PUBLISHED;Healthy life expectancy (at birth);2020;France;TOTAL;70.08042993000000
C64284DWHOSIS_000002;WHOSIS_000002;C64284D;WHOSIS_000002;YEAR;250;COUNTRY;PUBLISHED;Healthy life expectancy (at birth);2020;France;FEMALE;70.95556979000000
C64284DWHOSIS_000002;WHOSIS_000002;C64284D;WHOSIS_000002;YEAR;250;COUNTRY;PUBLISHED;Healthy life expectancy (at birth);2020;France;MALE;69.16311752000000
C64284DWHOSIS_000002;WHOSIS_000002;C64284D;WHOSIS_000002;YEAR;250;COUNTRY;PUBLISHED;Healthy life expectancy (at birth);2021;France;TOTAL;70.08345936000000
C64284DWHOSIS_000002;WHOSIS_000002;C64284D;WHOSIS_000002;YEAR;250;COUNTRY;PUBLISHED;Healthy life expectancy (at birth);2021;France;MALE;69.14204212000000
C64284DWHOSIS_000002;WHOSIS_000002;C64284D;WHOSIS_000002;YEAR;250;COUNTRY;PUBLISHED;Healthy life expectancy (at birth);2021;France;FEMALE;70.98477826000000
C64284DWHOSIS_000002;WHOSIS_000002;C64284D;WHOSIS_000002;YEAR;276;COUNTRY;PUBLISHED;Healthy life expectancy (at birth);2000;Germany;TOTAL;67.47109717000000
C64284DWHOSIS_000002;WHOSIS_000002;C64284D;WHOSIS_000002;YEAR;276;COUNTRY;PUBLISHED;Healthy life expectancy (at birth);2000;Germany;MALE;66.20482729000000
C64284DWHOSIS_000002;WHOSIS_000002;C64284D;WHOSIS_000002;YEAR;276;COUNTRY;PUBLISHED;Healthy life expectancy (at birth);2000;Germany;FEMALE;68.55691122000000
C64284DWHOSIS_000002;WHOSIS_000002;C64284D;WHOSIS_000002;YEAR;276;COUNTRY;PUBLISHED;Healthy life expectancy (at birth);2001;Germany;MALE;66.53593701000000
C64284DWHOSIS_000002;WHOSIS_000002;C64284D;WHOSIS_000002;YEAR;276;COUNTRY;PUBLISHED;Healthy life expectancy (at birth);2001;Germany;FEMALE;68.71700508000000
C64284DWHOSIS_000002;WHOSIS_000002;C64284D;WHOSIS_000002;YEAR;276;COUNTRY;PUBLISHED;Healthy life expectancy (at birth);2001;Germany;TOTAL;67.70767052000000
C64284DWHOSIS_000002;WHOSIS_000002;C64284D;WHOSIS_000002;YEAR;276;COUNTRY;PUBLISHED;Healthy life expectancy (at birth);2002;Germany;MALE;66.65145135000000
C64284DWHOSIS_000002;WHOSIS_000002;C64284D;WHOSIS_000002;YEAR;276;COUNTRY;PUBLISHED;Healthy life expectancy (at birth);2002;Germany;FEMALE;68.63623535000000
C64284DWHOSIS_000002;WHOSIS_000002;C64284D;WHOSIS_000002;YEAR;276;COUNTRY;PUBLISHED;Healthy life expectancy (at birth);2002;Germany;TOTAL;67.71182282000000
C64284DWHOSIS_000002;WHOSIS_000002;C64284D;WHOSIS_000002;YEAR;276;COUNTRY;PUBLISHED;Healthy life expectancy (at birth);2003;Germany;MALE;66.68256965000000
C64284DWHOSIS_000002;WHOSIS_000002;C64284D;WHOSIS_000002;YEAR;276;COUNTRY;PUBLISHED;Healthy life expectancy (at birth);2003;Germany;FEMALE;68.60394052000000
C64284DWHOSIS_000002;WHOSIS_000002;C64284D;WHOSIS_000002;YEAR;276;COUNTRY;PUBLISHED;Healthy life expectancy (at birth);2003;Germany;TOTAL;67.69709992000000
C64284DWHOSIS_000002;WHOSIS_000002;C64284D;WHOSIS_000002;YEAR;276;COUNTRY;PUBLISHED;Healthy life expectancy (at birth);2004;Germany;FEMALE;68.91194666000000
C64284DWHOSIS_000002;WHOSIS_000002;C64284D;WHOSIS_000002;YEAR;276;COUNTRY;PUBLISHED;Healthy life expectancy (at birth);2004;Germany;MALE;67.17878574000000
C64284DWHOSIS_000002;WHOSIS_000002;C64284D;WHOSIS_000002;YEAR;276;COUNTRY;PUBLISHED;Healthy life expectancy (at birth);2004;Germany;TOTAL;68.09523035000000
C64284DWHOSIS_000002;WHOSIS_000002;C64284D;WHOSIS_000002;YEAR;276;COUNTRY;PUBLISHED;Healthy life expectancy (at birth);2005;Germany;MALE;67.37231602000000
C64284DWHOSIS_000002;WHOSIS_000002;C64284D;WHOSIS_000002;YEAR;276;COUNTRY;PUBLISHED;Healthy life expectancy (at birth);2005;Germany;TOTAL;68.22700187000000
C64284DWHOSIS_000002;WHOSIS_000002;C64284D;WHOSIS_000002;YEAR;276;COUNTRY;PUBLISHED;Healthy life expectancy (at birth);2005;Germany;FEMALE;68.99690471000000
C64284DWHOSIS_000002;WHOSIS_000002;C64284D;WHOSIS_000002;YEAR;276;COUNTRY;PUBLISHED;Healthy life expectancy (at birth);2006;Germany;MALE;67.71377082000000
C64284DWHOSIS_000002;WHOSIS_000002;C64284D;WHOSIS_000002;YEAR;276;COUNTRY;PUBLISHED;Healthy life expectancy (at birth);2006;Germany;FEMALE;69.23194581000000
C64284DWHOSIS_000002;WHOSIS_000002;C64284D;WHOSIS_000002;YEAR;276;COUNTRY;PUBLISHED;Healthy life expectancy (at birth);2006;Germany;TOTAL;68.50943930000000
C64284DWHOSIS_000002;WHOSIS_000002;C64284D;WHOSIS_000002;YEAR;276;COUNTRY;PUBLISHED;Healthy life expectancy (at birth);2007;Germany;FEMALE;69.35098868000000
C64284DWHOSIS_000002;WHOSIS_000002;C64284D;WHOSIS_000002;YEAR;276;COUNTRY;PUBLISHED;Healthy life expectancy (at birth);2007;Germany;TOTAL;68.63473795000000
C64284DWHOSIS_000002;WHOSIS_000002;C64284D;WHOSIS_000002;YEAR;276;COUNTRY;PUBLISHED;Healthy life expectancy (at birth);2007;Germany;MALE;67.85316295000000
C64284DWHOSIS_000002;WHOSIS_000002;C64284D;WHOSIS_000002;YEAR;276;COUNTRY;PUBLISHED;Healthy life expectancy (at birth);2008;Germany;FEMALE;69.33350051000000
C64284DWHOSIS_000002;WHOSIS_000002;C64284D;WHOSIS_000002;YEAR;276;COUNTRY;PUBLISHED;Healthy life expectancy (at birth);2008;Germany;TOTAL;68.69738598000000
C64284DWHOSIS_000002;WHOSIS_000002;C64284D;WHOSIS_000002;YEAR;276;COUNTRY;PUBLISHED;Healthy life expectancy (at birth);2008;Germany;MALE;68.00966715000000
C64284DWHOSIS_000002;WHOSIS_000002;C64284D;WHOSIS_000002;YEAR;276;COUNTRY;PUBLISHED;Healthy life expectancy (at birth);2009;Germany;MALE;68.11705080000000
C64284DWHOSIS_000002;WHOSIS_000002;C64284D;WHOSIS_000002;YEAR;276;COUNTRY;PUBLISHED;Healthy life expectancy (at birth);2009;Germany;TOTAL;68.77448617000000
C64284DWHOSIS_000002;WHOSIS_000002;C64284D;WHOSIS_000002;YEAR;276;COUNTRY;PUBLISHED;Healthy life expectancy (at birth);2009;Germany;FEMALE;69.38844327000000
C64284DWHOSIS_000002;WHOSIS_000002;C64284D;WHOSIS_000002;YEAR;276;COUNTRY;PUBLISHED;Healthy life expectancy (at birth);2010;Germany;TOTAL;68.90090056000000
C64284DWHOSIS_000002;WHOSIS_000002;C64284D;WHOSIS_000002;YEAR;276;COUNTRY;PUBLISHED;Healthy life expectancy (at birth);2010;Germany;MALE;68.28355449000000
C64284DWHOSIS_000002;WHOSIS_000002;C64284D;WHOSIS_000002;YEAR;276;COUNTRY;PUBLISHED;Healthy life expectancy (at birth);2010;Germany;FEMALE;69.48684462000000
C64284DWHOSIS_000002;WHOSIS_000002;C64284D;WHOSIS_000002;YEAR;276;COUNTRY;PUBLISHED;Healthy life expectancy (at birth);2011;Germany;FEMALE;69.62000293000000
C64284DWHOSIS_000002;WHOSIS_000002;C64284D;WHOSIS_000002;YEAR;276;COUNTRY;PUBLISHED;Healthy life expectancy (at birth);2011;Germany;MALE;68.54690115000000
C64284DWHOSIS_000002;WHOSIS_000002;C64284D;WHOSIS_000002;YEAR;276;COUNTRY;PUBLISHED;Healthy life expectancy (at birth);2011;Germany;TOTAL;69.09884746000000
C64284DWHOSIS_000002;WHOSIS_000002;C64284D;WHOSIS_000002;YEAR;276;COUNTRY;PUBLISHED;Healthy life expectancy (at birth);2012;Germany;MALE;68.70689770000000
C64284DWHOSIS_000002;WHOSIS_000002;C64284D;WHOSIS_000002;YEAR;276;COUNTRY;PUBLISHED;Healthy life expectancy (at birth);2012;Germany;TOTAL;69.19733035000000
C64284DWHOSIS_000002;WHOSIS_000002;C64284D;WHOSIS_000002;YEAR;276;COUNTRY;PUBLISHED;Healthy life expectancy (at birth);2012;Germany;FEMALE;69.66271039000000
C64284DWHOSIS_000002;WHOSIS_000002;C64284D;WHOSIS_000002;YEAR;276;COUNTRY;PUBLISHED;Healthy life expectancy (at birth);2013;Germany;TOTAL;68.98199152000000
C64284DWHOSIS_000002;WHOSIS_000002;C64284D;WHOSIS_000002;YEAR;276;COUNTRY;PUBLISHED;Healthy life expectancy (at birth);2013;Germany;FEMALE;69.45938517000000
C64284DWHOSIS_000002;WHOSIS_000002;C64284D;WHOSIS_000002;YEAR;276;COUNTRY;PUBLISHED;Healthy life expectancy (at birth);2013;Germany;MALE;68.45652946000000
C64284DWHOSIS_000002;WHOSIS_000002;C64284D;WHOSIS_000002;YEAR;276;COUNTRY;PUBLISHED;Healthy life expectancy (at birth);2014;Germany;FEMALE;69.76182475000000
C64284DWHOSIS_000002;WHOSIS_000002;C64284D;WHOSIS_000002;YEAR;276;COUNTRY;PUBLISHED;Healthy life expectancy (at birth);2014;Germany;MALE;68.78944342000000
C64284DWHOSIS_000002;WHOSIS_000002;C64284D;WHOSIS_000002;YEAR;276;COUNTRY;PUBLISHED;Healthy life expectancy (at birth);2014;Germany;TOTAL;69.30059311000000
C64284DWHOSIS_000002;WHOSIS_000002;C64284D;WHOSIS_000002;YEAR;276;COUNTRY;PUBLISHED;Healthy life expectancy (at birth);2015;Germany;TOTAL;69.05746443000000
C64284DWHOSIS_000002;WHOSIS_000002;C64284D;WHOSIS_000002;YEAR;276;COUNTRY;PUBLISHED;Healthy life expectancy (at birth);2015;Germany;FEMALE;69.50817284000000
C64284DWHOSIS_000002;WHOSIS_000002;C64284D;WHOSIS_000002;YEAR;276;COUNTRY;PUBLISHED;Healthy life expectancy (at birth);2015;Germany;MALE;68.56747372000000
C64284DWHOSIS_000002;WHOSIS_000002;C64284D;WHOSIS_000002;YEAR;276;COUNTRY;PUBLISHED;Healthy life expectancy (at birth);2016;Germany;TOTAL;69.22963634000000
C64284DWHOSIS_000002;WHOSIS_000002;C64284D;WHOSIS_000002;YEAR;276;COUNTRY;PUBLISHED;Healthy life expectancy (at birth);2016;Germany;MALE;68.72564059000000
C64284DWHOSIS_000002;WHOSIS_000002;C64284D;WHOSIS_000002;YEAR;276;COUNTRY;PUBLISHED;Healthy life expectancy (at birth);2016;Germany;FEMALE;69.69170197000000
C64284DWHOSIS_000002;WHOSIS_000002;C64284D;WHOSIS_000002;YEAR;276;COUNTRY;PUBLISHED;Healthy life expectancy (at birth);2017;Germany;TOTAL;69.29018873000000
C64284DWHOSIS_000002;WHOSIS_000002;C64284D;WHOSIS_000002;YEAR;276;COUNTRY;PUBLISHED;Healthy life expectancy (at birth);2017;Germany;FEMALE;69.69475948000000
C64284DWHOSIS_000002;WHOSIS_000002;C64284D;WHOSIS_000002;YEAR;276;COUNTRY;PUBLISHED;Healthy life expectancy (at birth);2017;Germany;MALE;68.84352305000000
C64284DWHOSIS_000002;WHOSIS_000002;C64284D;WHOSIS_000002;YEAR;276;COUNTRY;PUBLISHED;Healthy life expectancy (at birth);2018;Germany;MALE;68.76477810000000
C64284DWHOSIS_000002;WHOSIS_000002;C64284D;WHOSIS_000002;YEAR;276;COUNTRY;PUBLISHED;Healthy life expectancy (at birth);2018;Germany;FEMALE;69.63010127000000
C64284DWHOSIS_000002;WHOSIS_000002;C64284D;WHOSIS_000002;YEAR;276;COUNTRY;PUBLISHED;Healthy life expectancy (at birth);2018;Germany;TOTAL;69.21478901000000
C64284DWHOSIS_000002;WHOSIS_000002;C64284D;WHOSIS_000002;YEAR;276;COUNTRY;PUBLISHED;Healthy life expectancy (at birth);2019;Germany;MALE;68.99588905000000
C64284DWHOSIS_000002;WHOSIS_000002;C64284D;WHOSIS_000002;YEAR;276;COUNTRY;PUBLISHED;Healthy life expectancy (at birth);2019;Germany;TOTAL;69.44497943000000
C64284DWHOSIS_000002;WHOSIS_000002;C64284D;WHOSIS_000002;YEAR;276;COUNTRY;PUBLISHED;Healthy life expectancy (at birth);2019;Germany;FEMALE;69.85817732000000
C64284DWHOSIS_000002;WHOSIS_000002;C64284D;WHOSIS_000002;YEAR;276;COUNTRY;PUBLISHED;Healthy life expectancy (at birth);2020;Germany;FEMALE;69.68835815000000
C64284DWHOSIS_000002;WHOSIS_000002;C64284D;WHOSIS_000002;YEAR;276;COUNTRY;PUBLISHED;Healthy life expectancy (at birth);2020;Germany;MALE;68.76247679000000
C64284DWHOSIS_000002;WHOSIS_000002;C64284D;WHOSIS_000002;YEAR;276;COUNTRY;PUBLISHED;Healthy life expectancy (at birth);2020;Germany;TOTAL;69.24162344000000
C64284DWHOSIS_000002;WHOSIS_000002;C64284D;WHOSIS_000002;YEAR;276;COUNTRY;PUBLISHED;Healthy life expectancy (at birth);2021;Germany;FEMALE;69.40857981000000
C64284DWHOSIS_000002;WHOSIS_000002;C64284D;WHOSIS_000002;YEAR;276;COUNTRY;PUBLISHED;Healthy life expectancy (at birth);2021;Germany;MALE;68.43486360000000
C64284DWHOSIS_000002;WHOSIS_000002;C64284D;WHOSIS_000002;YEAR;276;COUNTRY;PUBLISHED;Healthy life expectancy (at birth);2021;Germany;TOTAL;68.93389132000000
C64284DWHOSIS_000002;WHOSIS_000002;C64284D;WHOSIS_000002;YEAR;356;COUNTRY;PUBLISHED;Healthy life expectancy (at birth);2000;India;TOTAL;54.12927341000000
C64284DWHOSIS_000002;WHOSIS_000002;C64284D;WHOSIS_000002;YEAR;356;COUNTRY;PUBLISHED;Healthy life expectancy (at birth);2000;India;FEMALE;54.00054089000000
C64284DWHOSIS_000002;WHOSIS_000002;C64284D;WHOSIS_000002;YEAR;356;COUNTRY;PUBLISHED;Healthy life expectancy (at birth);2000;India;MALE;54.24475317000000
C64284DWHOSIS_000002;WHOSIS_000002;C64284D;WHOSIS_000002;YEAR;356;COUNTRY;PUBLISHED;Healthy life expectancy (at birth);2001;India;FEMALE;54.47267959000000
C64284DWHOSIS_000002;WHOSIS_000002;C64284D;WHOSIS_000002;YEAR;356;COUNTRY;PUBLISHED;Healthy life expectancy (at birth);2001;India;TOTAL;54.52333810000000
C64284DWHOSIS_000002;WHOSIS_000002;C64284D;WHOSIS_000002;YEAR;356;COUNTRY;PUBLISHED;Healthy life expectancy (at birth);2001;India;MALE;54.56771683000000
C64284DWHOSIS_000002;WHOSIS_000002;C64284D;WHOSIS_000002;YEAR;356;COUNTRY;PUBLISHED;Healthy life expectancy (at birth);2002;India;TOTAL;54.96114836000000
C64284DWHOSIS_000002;WHOSIS_000002;C64284D;WHOSIS_000002;YEAR;356;COUNTRY;PUBLISHED;Healthy life expectancy (at birth);2002;India;MALE;55.00270641000000
C64284DWHOSIS_000002;WHOSIS_000002;C64284D;WHOSIS_000002;YEAR;356;COUNTRY;PUBLISHED;Healthy life expectancy (at birth);2002;India;FEMALE;54.91205102000000
C64284DWHOSIS_000002;WHOSIS_000002;C64284D;WHOSIS_000002;YEAR;356;COUNTRY;PUBLISHED;Healthy life expectancy (at birth);2003;India;MALE;55.31447430000000
C64284DWHOSIS_000002;WHOSIS_000002;C64284D;WHOSIS_000002;YEAR;356;COUNTRY;PUBLISHED;Healthy life expectancy (at birth);2003;India;TOTAL;55.33752263000000
C64284DWHOSIS_000002;WHOSIS_000002;C64284D;WHOSIS_000002;YEAR;356;COUNTRY;PUBLISHED;Healthy life expectancy (at birth);2003;India;FEMALE;55.36222125000000
C64284DWHOSIS_000002;WHOSIS_000002;C64284D;WHOSIS_000002;YEAR;356;COUNTRY;PUBLISHED;Healthy life expectancy (at birth);2004;India;TOTAL;55.74235134000000
C64284DWHOSIS_000002;WHOSIS_000002;C64284D;WHOSIS_000002;YEAR;356;COUNTRY;PUBLISHED;Healthy life expectancy (at birth);2004;India;MALE;55.58911250000000
C64284DWHOSIS_000002;WHOSIS_000002;C64284D;WHOSIS_000002;YEAR;356;COUNTRY;PUBLISHED;Healthy life expectancy (at birth);2004;India;FEMALE;55.91309042000000
C64284DWHOSIS_000002;WHOSIS_000002;C64284D;WHOSIS_000002;YEAR;356;COUNTRY;PUBLISHED;Healthy life expectancy (at birth);2005;India;TOTAL;56.13572764000000
C64284DWHOSIS_000002;WHOSIS_000002;C64284D;WHOSIS_000002;YEAR;356;COUNTRY;PUBLISHED;Healthy life expectancy (at birth);2005;India;MALE;56.00466602000000
C64284DWHOSIS_000002;WHOSIS_000002;C64284D;WHOSIS_000002;YEAR;356;COUNTRY;PUBLISHED;Healthy life expectancy (at birth);2005;India;FEMALE;56.28125866000000
C64284DWHOSIS_000002;WHOSIS_000002;C64284D;WHOSIS_000002;YEAR;356;COUNTRY;PUBLISHED;Healthy life expectancy (at birth);2006;India;FEMALE;56.59716172000000
C64284DWHOSIS_000002;WHOSIS_000002;C64284D;WHOSIS_000002;YEAR;356;COUNTRY;PUBLISHED;Healthy life expectancy (at birth);2006;India;TOTAL;56.45951071000000
C64284DWHOSIS_000002;WHOSIS_000002;C64284D;WHOSIS_000002;YEAR;356;COUNTRY;PUBLISHED;Healthy life expectancy (at birth);2006;India;MALE;56.33597240000000
C64284DWHOSIS_000002;WHOSIS_000002;C64284D;WHOSIS_000002;YEAR;356;COUNTRY;PUBLISHED;Healthy life expectancy (at birth);2007;India;MALE;56.50574695000000
C64284DWHOSIS_000002;WHOSIS_000002;C64284D;WHOSIS_000002;YEAR;356;COUNTRY;PUBLISHED;Healthy life expectancy (at birth);2007;India;FEMALE;56.92158781000000
C64284DWHOSIS_000002;WHOSIS_000002;C64284D;WHOSIS_000002;YEAR;356;COUNTRY;PUBLISHED;Healthy life expectancy (at birth);2007;India;TOTAL;56.70251030000000
C64284DWHOSIS_000002;WHOSIS_000002;C64284D;WHOSIS_000002;YEAR;356;COUNTRY;PUBLISHED;Healthy life expectancy (at birth);2008;India;TOTAL;57.02020583000000
C64284DWHOSIS_000002;WHOSIS_000002;C64284D;WHOSIS_000002;YEAR;356;COUNTRY;PUBLISHED;Healthy life expectancy (at birth);2008;India;FEMALE;57.32395543000000
C64284DWHOSIS_000002;WHOSIS_000002;C64284D;WHOSIS_000002;YEAR;356;COUNTRY;PUBLISHED;Healthy life expectancy (at birth);2008;India;MALE;56.74744042000000
C64284DWHOSIS_000002;WHOSIS_000002;C64284D;WHOSIS_000002;YEAR;356;COUNTRY;PUBLISHED;Healthy life expectancy (at birth);2009;India;MALE;57.23882828000000
C64284DWHOSIS_000002;WHOSIS_000002;C64284D;WHOSIS_000002;YEAR;356;COUNTRY;PUBLISHED;Healthy life expectancy (at birth);2009;India;FEMALE;57.85807139000000
C64284DWHOSIS_000002;WHOSIS_000002;C64284D;WHOSIS_000002;YEAR;356;COUNTRY;PUBLISHED;Healthy life expectancy (at birth);2009;India;TOTAL;57.53239695000000
C64284DWHOSIS_000002;WHOSIS_000002;C64284D;WHOSIS_000002;YEAR;356;COUNTRY;PUBLISHED;Healthy life expectancy (at birth);2010;India;FEMALE;58.31033742000000
C64284DWHOSIS_000002;WHOSIS_000002;C64284D;WHOSIS_000002;YEAR;356;COUNTRY;PUBLISHED;Healthy life expectancy (at birth);2010;India;TOTAL;57.90738223000000
C64284DWHOSIS_000002;WHOSIS_000002;C64284D;WHOSIS_000002;YEAR;356;COUNTRY;PUBLISHED;Healthy life expectancy (at birth);2010;India;MALE;57.54591286000000
C64284DWHOSIS_000002;WHOSIS_000002;C64284D;WHOSIS_000002;YEAR;356;COUNTRY;PUBLISHED;Healthy life expectancy (at birth);2011;India;TOTAL;58.23393254000000
C64284DWHOSIS_000002;WHOSIS_000002;C64284D;WHOSIS_000002;YEAR;356;COUNTRY;PUBLISHED;Healthy life expectancy (at birth);2011;India;FEMALE;58.65777136000000
C64284DWHOSIS_000002;WHOSIS_000002;C64284D;WHOSIS_000002;YEAR;356;COUNTRY;PUBLISHED;Healthy life expectancy (at birth);2011;India;MALE;57.85252467000000
C64284DWHOSIS_000002;WHOSIS_000002;C64284D;WHOSIS_000002;YEAR;356;COUNTRY;PUBLISHED;Healthy life expectancy (at birth);2012;India;TOTAL;58.56535664000000
C64284DWHOSIS_000002;WHOSIS_000002;C64284D;WHOSIS_000002;YEAR;356;COUNTRY;PUBLISHED;Healthy life expectancy (at birth);2012;India;FEMALE;58.86118971000000
C64284DWHOSIS_000002;WHOSIS_000002;C64284D;WHOSIS_000002;YEAR;356;COUNTRY;PUBLISHED;Healthy life expectancy (at birth);2012;India;MALE;58.29319195000000
C64284DWHOSIS_000002;WHOSIS_000002;C64284D;WHOSIS_000002;YEAR;356;COUNTRY;PUBLISHED;Healthy life expectancy (at birth);2013;India;FEMALE;59.10124233000000
C64284DWHOSIS_000002;WHOSIS_000002;C64284D;WHOSIS_000002;YEAR;356;COUNTRY;PUBLISHED;Healthy life expectancy (at birth);2013;India;TOTAL;58.84626380000000
C64284DWHOSIS_000002;WHOSIS_000002;C64284D;WHOSIS_000002;YEAR;356;COUNTRY;PUBLISHED;Healthy life expectancy (at birth);2013;India;MALE;58.60849267000000
C64284DWHOSIS_000002;WHOSIS_000002;C64284D;WHOSIS_000002;YEAR;356;COUNTRY;PUBLISHED;Healthy life expectancy (at birth);2014;India;TOTAL;59.21294436000000
C64284DWHOSIS_000002;WHOSIS_000002;C64284D;WHOSIS_000002;YEAR;356;COUNTRY;PUBLISHED;Healthy life expectancy (at birth);2014;India;FEMALE;59.48405832000000
C64284DWHOSIS_000002;WHOSIS_000002;C64284D;WHOSIS_000002;YEAR;356;COUNTRY;PUBLISHED;Healthy life expectancy (at birth);2014;India;MALE;58.96730638000000
C64284DWHOSIS_000002;WHOSIS_000002;C64284D;WHOSIS_000002;YEAR;356;COUNTRY;PUBLISHED;Healthy life expectancy (at birth);2015;India;TOTAL;59.59041418000000
C64284DWHOSIS_000002;WHOSIS_000002;C64284D;WHOSIS_000002;YEAR;356;COUNTRY;PUBLISHED;Healthy life expectancy (at birth);2015;India;FEMALE;59.77947299000000
C64284DWHOSIS_000002;WHOSIS_000002;C64284D;WHOSIS_000002;YEAR;356;COUNTRY;PUBLISHED;Healthy life expectancy (at birth);2015;India;MALE;59.41627090000000
C64284DWHOSIS_000002;WHOSIS_000002;C64284D;WHOSIS_000002;YEAR;356;COUNTRY;PUBLISHED;Healthy life expectancy (at birth);2016;India;MALE;59.82897845000000
C64284DWHOSIS_000002;WHOSIS_000002;C64284D;WHOSIS_000002;YEAR;356;COUNTRY;PUBLISHED;Healthy life expectancy (at birth);2016;India;TOTAL;59.94632849000000
C64284DWHOSIS_000002;WHOSIS_000002;C64284D;WHOSIS_000002;YEAR;356;COUNTRY;PUBLISHED;Healthy life expectancy (at birth);2016;India;FEMALE;60.06832940000000
C64284DWHOSIS_000002;WHOSIS_000002;C64284D;WHOSIS_000002;YEAR;356;COUNTRY;PUBLISHED;Healthy life expectancy (at birth);2017;India;FEMALE;60.33212987000000
C64284DWHOSIS_000002;WHOSIS_000002;C64284D;WHOSIS_000002;YEAR;356;COUNTRY;PUBLISHED;Healthy life expectancy (at birth);2017;India;TOTAL;60.23691173000000
C64284DWHOSIS_000002;WHOSIS_000002;C64284D;WHOSIS_000002;YEAR;356;COUNTRY;PUBLISHED;Healthy life expectancy (at birth);2017;India;MALE;60.14326553000000
C64284DWHOSIS_000002;WHOSIS_000002;C64284D;WHOSIS_000002;YEAR;356;COUNTRY;PUBLISHED;Healthy life expectancy (at birth);2018;India;TOTAL;60.54437711000000
C64284DWHOSIS_000002;WHOSIS_000002;C64284D;WHOSIS_000002;YEAR;356;COUNTRY;PUBLISHED;Healthy life expectancy (at birth);2018;India;MALE;60.40144493000000
C64284DWHOSIS_000002;WHOSIS_000002;C64284D;WHOSIS_000002;YEAR;356;COUNTRY;PUBLISHED;Healthy life expectancy (at birth);2018;India;FEMALE;60.69479589000000
C64284DWHOSIS_000002;WHOSIS_000002;C64284D;WHOSIS_000002;YEAR;356;COUNTRY;PUBLISHED;Healthy life expectancy (at birth);2019;India;FEMALE;61.08155839000000
C64284DWHOSIS_000002;WHOSIS_000002;C64284D;WHOSIS_000002;YEAR;356;COUNTRY;PUBLISHED;Healthy life expectancy (at birth);2019;India;TOTAL;60.88252939000000
C64284DWHOSIS_000002;WHOSIS_000002;C64284D;WHOSIS_000002;YEAR;356;COUNTRY;PUBLISHED;Healthy life expectancy (at birth);2019;India;MALE;60.69634235000000
C64284DWHOSIS_000002;WHOSIS_000002;C64284D;WHOSIS_000002;YEAR;356;COUNTRY;PUBLISHED;Healthy life expectancy (at birth);2020;India;TOTAL;60.35599285000000
C64284DWHOSIS_000002;WHOSIS_000002;C64284D;WHOSIS_000002;YEAR;356;COUNTRY;PUBLISHED;Healthy life expectancy (at birth);2020;India;MALE;60.05110599000000
C64284DWHOSIS_000002;WHOSIS_000002;C64284D;WHOSIS_000002;YEAR;356;COUNTRY;PUBLISHED;Healthy life expectancy (at birth);2020;India;FEMALE;60.70771691000000
C64284DWHOSIS_000002;WHOSIS_000002;C64284D;WHOSIS_000002;YEAR;356;COUNTRY;PUBLISHED;Healthy life expectancy (at birth);2021;India;TOTAL;58.14674818000000
C64284DWHOSIS_000002;WHOSIS_000002;C64284D;WHOSIS_000002;YEAR;356;COUNTRY;PUBLISHED;Healthy life expectancy (at birth);2021;India;MALE;57.97233906000000
C64284DWHOSIS_000002;WHOSIS_000002;C64284D;WHOSIS_000002;YEAR;356;COUNTRY;PUBLISHED;Healthy life expectancy (at birth);2021;India;FEMALE;58.34834394000000
C64284DWHOSIS_000002;WHOSIS_000002;C64284D;WHOSIS_000002;YEAR;360;COUNTRY;PUBLISHED;Healthy life expectancy (at birth);2000;Indonesia;TOTAL;59.43292664000000
C64284DWHOSIS_000002;WHOSIS_000002;C64284D;WHOSIS_000002;YEAR;360;COUNTRY;PUBLISHED;Healthy life expectancy (at birth);2000;Indonesia;MALE;59.05192230000000
C64284DWHOSIS_000002;WHOSIS_000002;C64284D;WHOSIS_000002;YEAR;360;COUNTRY;PUBLISHED;Healthy life expectancy (at birth);2000;Indonesia;FEMALE;59.81645096000000
C64284DWHOSIS_000002;WHOSIS_000002;C64284D;WHOSIS_000002;YEAR;360;COUNTRY;PUBLISHED;Healthy life expectancy (at birth);2001;Indonesia;FEMALE;60.04666867000000
C64284DWHOSIS_000002;WHOSIS_000002;C64284D;WHOSIS_000002;YEAR;360;COUNTRY;PUBLISHED;Healthy life expectancy (at birth);2001;Indonesia;MALE;59.28369662000000
C64284DWHOSIS_000002;WHOSIS_000002;C64284D;WHOSIS_000002;YEAR;360;COUNTRY;PUBLISHED;Healthy life expectancy (at birth);2001;Indonesia;TOTAL;59.66430336000000
C64284DWHOSIS_000002;WHOSIS_000002;C64284D;WHOSIS_000002;YEAR;360;COUNTRY;PUBLISHED;Healthy life expectancy (at birth);2002;Indonesia;FEMALE;60.30097340000000
C64284DWHOSIS_000002;WHOSIS_000002;C64284D;WHOSIS_000002;YEAR;360;COUNTRY;PUBLISHED;Healthy life expectancy (at birth);2002;Indonesia;MALE;59.46214261000000
C64284DWHOSIS_000002;WHOSIS_000002;C64284D;WHOSIS_000002;YEAR;360;COUNTRY;PUBLISHED;Healthy life expectancy (at birth);2002;Indonesia;TOTAL;59.88174910000000
C64284DWHOSIS_000002;WHOSIS_000002;C64284D;WHOSIS_000002;YEAR;360;COUNTRY;PUBLISHED;Healthy life expectancy (at birth);2003;Indonesia;TOTAL;60.08731530000000
C64284DWHOSIS_000002;WHOSIS_000002;C64284D;WHOSIS_000002;YEAR;360;COUNTRY;PUBLISHED;Healthy life expectancy (at birth);2003;Indonesia;MALE;59.62967053000000
C64284DWHOSIS_000002;WHOSIS_000002;C64284D;WHOSIS_000002;YEAR;360;COUNTRY;PUBLISHED;Healthy life expectancy (at birth);2003;Indonesia;FEMALE;60.54336132000000
C64284DWHOSIS_000002;WHOSIS_000002;C64284D;WHOSIS_000002;YEAR;360;COUNTRY;PUBLISHED;Healthy life expectancy (at birth);2004;Indonesia;MALE;58.55394826000000
C64284DWHOSIS_000002;WHOSIS_000002;C64284D;WHOSIS_000002;YEAR;360;COUNTRY;PUBLISHED;Healthy life expectancy (at birth);2004;Indonesia;FEMALE;58.97027922000000
C64284DWHOSIS_000002;WHOSIS_000002;C64284D;WHOSIS_000002;YEAR;360;COUNTRY;PUBLISHED;Healthy life expectancy (at birth);2004;Indonesia;TOTAL;58.77030709000000
C64284DWHOSIS_000002;WHOSIS_000002;C64284D;WHOSIS_000002;YEAR;360;COUNTRY;PUBLISHED;Healthy life expectancy (at birth);2005;Indonesia;FEMALE;61.00797276000000
C64284DWHOSIS_000002;WHOSIS_000002;C64284D;WHOSIS_000002;YEAR;360;COUNTRY;PUBLISHED;Healthy life expectancy (at birth);2005;Indonesia;MALE;59.92558183000000
C64284DWHOSIS_000002;WHOSIS_000002;C64284D;WHOSIS_000002;YEAR;360;COUNTRY;PUBLISHED;Healthy life expectancy (at birth);2005;Indonesia;TOTAL;60.46895900000000
C64284DWHOSIS_000002;WHOSIS_000002;C64284D;WHOSIS_000002;YEAR;360;COUNTRY;PUBLISHED;Healthy life expectancy (at birth);2006;Indonesia;FEMALE;61.18082784000000
C64284DWHOSIS_000002;WHOSIS_000002;C64284D;WHOSIS_000002;YEAR;360;COUNTRY;PUBLISHED;Healthy life expectancy (at birth);2006;Indonesia;TOTAL;60.63277366000000
C64284DWHOSIS_000002;WHOSIS_000002;C64284D;WHOSIS_000002;YEAR;360;COUNTRY;PUBLISHED;Healthy life expectancy (at birth);2006;Indonesia;MALE;60.07864814000000
C64284DWHOSIS_000002;WHOSIS_000002;C64284D;WHOSIS_000002;YEAR;360;COUNTRY;PUBLISHED;Healthy life expectancy (at birth);2007;Indonesia;MALE;60.23454444000000
C64284DWHOSIS_000002;WHOSIS_000002;C64284D;WHOSIS_000002;YEAR;360;COUNTRY;PUBLISHED;Healthy life expectancy (at birth);2007;Indonesia;FEMALE;61.47448111000000
C64284DWHOSIS_000002;WHOSIS_000002;C64284D;WHOSIS_000002;YEAR;360;COUNTRY;PUBLISHED;Healthy life expectancy (at birth);2007;Indonesia;TOTAL;60.85734957000000
C64284DWHOSIS_000002;WHOSIS_000002;C64284D;WHOSIS_000002;YEAR;360;COUNTRY;PUBLISHED;Healthy life expectancy (at birth);2008;Indonesia;FEMALE;61.70686155000000
C64284DWHOSIS_000002;WHOSIS_000002;C64284D;WHOSIS_000002;YEAR;360;COUNTRY;PUBLISHED;Healthy life expectancy (at birth);2008;Indonesia;MALE;60.39538550000000
C64284DWHOSIS_000002;WHOSIS_000002;C64284D;WHOSIS_000002;YEAR;360;COUNTRY;PUBLISHED;Healthy life expectancy (at birth);2008;Indonesia;TOTAL;61.05417545000000
C64284DWHOSIS_000002;WHOSIS_000002;C64284D;WHOSIS_000002;YEAR;360;COUNTRY;PUBLISHED;Healthy life expectancy (at birth);2009;Indonesia;MALE;60.52927020000000
C64284DWHOSIS_000002;WHOSIS_000002;C64284D;WHOSIS_000002;YEAR;360;COUNTRY;PUBLISHED;Healthy life expectancy (at birth);2009;Indonesia;FEMALE;61.92945371000000
C64284DWHOSIS_000002;WHOSIS_000002;C64284D;WHOSIS_000002;YEAR;360;COUNTRY;PUBLISHED;Healthy life expectancy (at birth);2009;Indonesia;TOTAL;61.23210992000000
C64284DWHOSIS_000002;WHOSIS_000002;C64284D;WHOSIS_000002;YEAR;360;COUNTRY;PUBLISHED;Healthy life expectancy (at birth);2010;Indonesia;MALE;60.70094021000000
C64284DWHOSIS_000002;WHOSIS_000002;C64284D;WHOSIS_000002;YEAR;360;COUNTRY;PUBLISHED;Healthy life expectancy (at birth);2010;Indonesia;TOTAL;61.43112405000000
C64284DWHOSIS_000002;WHOSIS_000002;C64284D;WHOSIS_000002;YEAR;360;COUNTRY;PUBLISHED;Healthy life expectancy (at birth);2010;Indonesia;FEMALE;62.15616969000000
C64284DWHOSIS_000002;WHOSIS_000002;C64284D;WHOSIS_000002;YEAR;360;COUNTRY;PUBLISHED;Healthy life expectancy (at birth);2011;Indonesia;MALE;60.95100183000000
C64284DWHOSIS_000002;WHOSIS_000002;C64284D;WHOSIS_000002;YEAR;360;COUNTRY;PUBLISHED;Healthy life expectancy (at birth);2011;Indonesia;FEMALE;62.41739785000000
C64284DWHOSIS_000002;WHOSIS_000002;C64284D;WHOSIS_000002;YEAR;360;COUNTRY;PUBLISHED;Healthy life expectancy (at birth);2011;Indonesia;TOTAL;61.68660325000000
C64284DWHOSIS_000002;WHOSIS_000002;C64284D;WHOSIS_000002;YEAR;360;COUNTRY;PUBLISHED;Healthy life expectancy (at birth);2012;Indonesia;FEMALE;62.65909911000000
C64284DWHOSIS_000002;WHOSIS_000002;C64284D;WHOSIS_000002;YEAR;360;COUNTRY;PUBLISHED;Healthy life expectancy (at birth);2012;Indonesia;TOTAL;61.91979631000000
C64284DWHOSIS_000002;WHOSIS_000002;C64284D;WHOSIS_000002;YEAR;360;COUNTRY;PUBLISHED;Healthy life expectancy (at birth);2012;Indonesia;MALE;61.17566378000000
C64284DWHOSIS_000002;WHOSIS_000002;C64284D;WHOSIS_000002;YEAR;360;COUNTRY;PUBLISHED;Healthy life expectancy (at birth);2013;Indonesia;FEMALE;62.88988964000000
C64284DWHOSIS_000002;WHOSIS_000002;C64284D;WHOSIS_000002;YEAR;360;COUNTRY;PUBLISHED;Healthy life expectancy (at birth);2013;Indonesia;MALE;61.39351147000000
C64284DWHOSIS_000002;WHOSIS_000002;C64284D;WHOSIS_000002;YEAR;360;COUNTRY;PUBLISHED;Healthy life expectancy (at birth);2013;Indonesia;TOTAL;62.14445775000000
C64284DWHOSIS_000002;WHOSIS_000002;C64284D;WHOSIS_000002;YEAR;360;COUNTRY;PUBLISHED;Healthy life expectancy (at birth);2014;Indonesia;FEMALE;63.11937027000000
C64284DWHOSIS_000002;WHOSIS_000002;C64284D;WHOSIS_000002;YEAR;360;COUNTRY;PUBLISHED;Healthy life expectancy (at birth);2014;Indonesia;MALE;61.60133820000000
C64284DWHOSIS_000002;WHOSIS_000002;C64284D;WHOSIS_000002;YEAR;360;COUNTRY;PUBLISHED;Healthy life expectancy (at birth);2014;Indonesia;TOTAL;62.36330820000000
C64284DWHOSIS_000002;WHOSIS_000002;C64284D;WHOSIS_000002;YEAR;360;COUNTRY;PUBLISHED;Healthy life expectancy (at birth);2015;Indonesia;FEMALE;63.33255012000000
C64284DWHOSIS_000002;WHOSIS_000002;C64284D;WHOSIS_000002;YEAR;360;COUNTRY;PUBLISHED;Healthy life expectancy (at birth);2015;Indonesia;TOTAL;62.56766868000000
C64284DWHOSIS_000002;WHOSIS_000002;C64284D;WHOSIS_000002;YEAR;360;COUNTRY;PUBLISHED;Healthy life expectancy (at birth);2015;Indonesia;MALE;61.79681338000000
C64284DWHOSIS_000002;WHOSIS_000002;C64284D;WHOSIS_000002;YEAR;360;COUNTRY;PUBLISHED;Healthy life expectancy (at birth);2016;Indonesia;TOTAL;62.76900049000000
C64284DWHOSIS_000002;WHOSIS_000002;C64284D;WHOSIS_000002;YEAR;360;COUNTRY;PUBLISHED;Healthy life expectancy (at birth);2016;Indonesia;FEMALE;63.53660497000000
C64284DWHOSIS_000002;WHOSIS_000002;C64284D;WHOSIS_000002;YEAR;360;COUNTRY;PUBLISHED;Healthy life expectancy (at birth);2016;Indonesia;MALE;61.99549020000000
C64284DWHOSIS_000002;WHOSIS_000002;C64284D;WHOSIS_000002;YEAR;360;COUNTRY;PUBLISHED;Healthy life expectancy (at birth);2017;Indonesia;MALE;62.17256596000000
C64284DWHOSIS_000002;WHOSIS_000002;C64284D;WHOSIS_000002;YEAR;360;COUNTRY;PUBLISHED;Healthy life expectancy (at birth);2017;Indonesia;FEMALE;63.73132014000000
C64284DWHOSIS_000002;WHOSIS_000002;C64284D;WHOSIS_000002;YEAR;360;COUNTRY;PUBLISHED;Healthy life expectancy (at birth);2017;Indonesia;TOTAL;62.95499733000000
C64284DWHOSIS_000002;WHOSIS_000002;C64284D;WHOSIS_000002;YEAR;360;COUNTRY;PUBLISHED;Healthy life expectancy (at birth);2018;Indonesia;FEMALE;63.88317821000000
C64284DWHOSIS_000002;WHOSIS_000002;C64284D;WHOSIS_000002;YEAR;360;COUNTRY;PUBLISHED;Healthy life expectancy (at birth);2018;Indonesia;MALE;62.31142760000000
C64284DWHOSIS_000002;WHOSIS_000002;C64284D;WHOSIS_000002;YEAR;360;COUNTRY;PUBLISHED;Healthy life expectancy (at birth);2018;Indonesia;TOTAL;63.10066633000000
C64284DWHOSIS_000002;WHOSIS_000002;C64284D;WHOSIS_000002;YEAR;360;COUNTRY;PUBLISHED;Healthy life expectancy (at birth);2019;Indonesia;MALE;62.47943333000000
C64284DWHOSIS_000002;WHOSIS_000002;C64284D;WHOSIS_000002;YEAR;360;COUNTRY;PUBLISHED;Healthy life expectancy (at birth);2019;Indonesia;FEMALE;64.09340974000000
C64284DWHOSIS_000002;WHOSIS_000002;C64284D;WHOSIS_000002;YEAR;360;COUNTRY;PUBLISHED;Healthy life expectancy (at birth);2019;Indonesia;TOTAL;63.28936910000000
C64284DWHOSIS_000002;WHOSIS_000002;C64284D;WHOSIS_000002;YEAR;360;COUNTRY;PUBLISHED;Healthy life expectancy (at birth);2020;Indonesia;FEMALE;62.97012859000000
C64284DWHOSIS_000002;WHOSIS_000002;C64284D;WHOSIS_000002;YEAR;360;COUNTRY;PUBLISHED;Healthy life expectancy (at birth);2020;Indonesia;TOTAL;61.93749408000000
C64284DWHOSIS_000002;WHOSIS_000002;C64284D;WHOSIS_000002;YEAR;360;COUNTRY;PUBLISHED;Healthy life expectancy (at birth);2020;Indonesia;MALE;60.94041799000000
C64284DWHOSIS_000002;WHOSIS_000002;C64284D;WHOSIS_000002;YEAR;360;COUNTRY;PUBLISHED;Healthy life expectancy (at birth);2021;Indonesia;MALE;59.88729044000000
C64284DWHOSIS_000002;WHOSIS_000002;C64284D;WHOSIS_000002;YEAR;360;COUNTRY;PUBLISHED;Healthy life expectancy (at birth);2021;Indonesia;TOTAL;60.66924698000000
C64284DWHOSIS_000002;WHOSIS_000002;C64284D;WHOSIS_000002;YEAR;360;COUNTRY;PUBLISHED;Healthy life expectancy (at birth);2021;Indonesia;FEMALE;61.47346438000000
C64284DWHOSIS_000002;WHOSIS_000002;C64284D;WHOSIS_000002;YEAR;364;COUNTRY;PUBLISHED;Healthy life expectancy (at birth);2000;Iran (Islamic Republic of);FEMALE;63.54689856000000
C64284DWHOSIS_000002;WHOSIS_000002;C64284D;WHOSIS_000002;YEAR;364;COUNTRY;PUBLISHED;Healthy life expectancy (at birth);2000;Iran (Islamic Republic of);MALE;62.97235071000000
C64284DWHOSIS_000002;WHOSIS_000002;C64284D;WHOSIS_000002;YEAR;364;COUNTRY;PUBLISHED;Healthy life expectancy (at birth);2000;Iran (Islamic Republic of);TOTAL;63.22964711000000
C64284DWHOSIS_000002;WHOSIS_000002;C64284D;WHOSIS_000002;YEAR;364;COUNTRY;PUBLISHED;Healthy life expectancy (at birth);2001;Iran (Islamic Republic of);MALE;63.19079697000000
C64284DWHOSIS_000002;WHOSIS_000002;C64284D;WHOSIS_000002;YEAR;364;COUNTRY;PUBLISHED;Healthy life expectancy (at birth);2001;Iran (Islamic Republic of);FEMALE;63.76845634000000
C64284DWHOSIS_000002;WHOSIS_000002;C64284D;WHOSIS_000002;YEAR;364;COUNTRY;PUBLISHED;Healthy life expectancy (at birth);2001;Iran (Islamic Republic of);TOTAL;63.44761668000000
C64284DWHOSIS_000002;WHOSIS_000002;C64284D;WHOSIS_000002;YEAR;364;COUNTRY;PUBLISHED;Healthy life expectancy (at birth);2002;Iran (Islamic Republic of);TOTAL;63.64417792000000
C64284DWHOSIS_000002;WHOSIS_000002;C64284D;WHOSIS_000002;YEAR;364;COUNTRY;PUBLISHED;Healthy life expectancy (at birth);2002;Iran (Islamic Republic of);MALE;63.34112771000000
C64284DWHOSIS_000002;WHOSIS_000002;C64284D;WHOSIS_000002;YEAR;364;COUNTRY;PUBLISHED;Healthy life expectancy (at birth);2002;Iran (Islamic Republic of);FEMALE;64.01346765000000
C64284DWHOSIS_000002;WHOSIS_000002;C64284D;WHOSIS_000002;YEAR;364;COUNTRY;PUBLISHED;Healthy life expectancy (at birth);2003;Iran (Islamic Republic of);FEMALE;63.36344757000000
C64284DWHOSIS_000002;WHOSIS_000002;C64284D;WHOSIS_000002;YEAR;364;COUNTRY;PUBLISHED;Healthy life expectancy (at birth);2003;Iran (Islamic Republic of);TOTAL;63.08728770000000
C64284DWHOSIS_000002;WHOSIS_000002;C64284D;WHOSIS_000002;YEAR;364;COUNTRY;PUBLISHED;Healthy life expectancy (at birth);2003;Iran (Islamic Republic of);MALE;62.86913154000000
C64284DWHOSIS_000002;WHOSIS_000002;C64284D;WHOSIS_000002;YEAR;364;COUNTRY;PUBLISHED;Healthy life expectancy (at birth);2004;Iran (Islamic Republic of);FEMALE;64.55862364000000
C64284DWHOSIS_000002;WHOSIS_000002;C64284D;WHOSIS_000002;YEAR;364;COUNTRY;PUBLISHED;Healthy life expectancy (at birth);2004;Iran (Islamic Republic of);MALE;63.60489559000000
C64284DWHOSIS_000002;WHOSIS_000002;C64284D;WHOSIS_000002;YEAR;364;COUNTRY;PUBLISHED;Healthy life expectancy (at birth);2004;Iran (Islamic Republic of);TOTAL;64.04738450000000
C64284DWHOSIS_000002;WHOSIS_000002;C64284D;WHOSIS_000002;YEAR;364;COUNTRY;PUBLISHED;Healthy life expectancy (at birth);2005;Iran (Islamic Republic of);FEMALE;64.84059234000000
C64284DWHOSIS_000002;WHOSIS_000002;C64284D;WHOSIS_000002;YEAR;364;COUNTRY;PUBLISHED;Healthy life expectancy (at birth);2005;Iran (Islamic Republic of);MALE;63.80171474000000
C64284DWHOSIS_000002;WHOSIS_000002;C64284D;WHOSIS_000002;YEAR;364;COUNTRY;PUBLISHED;Healthy life expectancy (at birth);2005;Iran (Islamic Republic of);TOTAL;64.28620906000000
C64284DWHOSIS_000002;WHOSIS_000002;C64284D;WHOSIS_000002;YEAR;364;COUNTRY;PUBLISHED;Healthy life expectancy (at birth);2006;Iran (Islamic Republic of);FEMALE;65.11649711000000
C64284DWHOSIS_000002;WHOSIS_000002;C64284D;WHOSIS_000002;YEAR;364;COUNTRY;PUBLISHED;Healthy life expectancy (at birth);2006;Iran (Islamic Republic of);TOTAL;64.51941296000000
C64284DWHOSIS_000002;WHOSIS_000002;C64284D;WHOSIS_000002;YEAR;364;COUNTRY;PUBLISHED;Healthy life expectancy (at birth);2006;Iran (Islamic Republic of);MALE;63.99441283000000
C64284DWHOSIS_000002;WHOSIS_000002;C64284D;WHOSIS_000002;YEAR;364;COUNTRY;PUBLISHED;Healthy life expectancy (at birth);2007;Iran (Islamic Republic of);MALE;64.23930447000000
C64284DWHOSIS_000002;WHOSIS_000002;C64284D;WHOSIS_000002;YEAR;364;COUNTRY;PUBLISHED;Healthy life expectancy (at birth);2007;Iran (Islamic Republic of);FEMALE;65.37712188000000
C64284DWHOSIS_000002;WHOSIS_000002;C64284D;WHOSIS_000002;YEAR;364;COUNTRY;PUBLISHED;Healthy life expectancy (at birth);2007;Iran (Islamic Republic of);TOTAL;64.77156026000000
C64284DWHOSIS_000002;WHOSIS_000002;C64284D;WHOSIS_000002;YEAR;364;COUNTRY;PUBLISHED;Healthy life expectancy (at birth);2008;Iran (Islamic Republic of);MALE;64.49963016000000
C64284DWHOSIS_000002;WHOSIS_000002;C64284D;WHOSIS_000002;YEAR;364;COUNTRY;PUBLISHED;Healthy life expectancy (at birth);2008;Iran (Islamic Republic of);FEMALE;65.60925308000000
C64284DWHOSIS_000002;WHOSIS_000002;C64284D;WHOSIS_000002;YEAR;364;COUNTRY;PUBLISHED;Healthy life expectancy (at birth);2008;Iran (Islamic Republic of);TOTAL;65.01790199000000
C64284DWHOSIS_000002;WHOSIS_000002;C64284D;WHOSIS_000002;YEAR;364;COUNTRY;PUBLISHED;Healthy life expectancy (at birth);2009;Iran (Islamic Republic of);FEMALE;65.78110750000000
C64284DWHOSIS_000002;WHOSIS_000002;C64284D;WHOSIS_000002;YEAR;364;COUNTRY;PUBLISHED;Healthy life expectancy (at birth);2009;Iran (Islamic Republic of);TOTAL;65.23975406000000
C64284DWHOSIS_000002;WHOSIS_000002;C64284D;WHOSIS_000002;YEAR;364;COUNTRY;PUBLISHED;Healthy life expectancy (at birth);2009;Iran (Islamic Republic of);MALE;64.77136827000000
C64284DWHOSIS_000002;WHOSIS_000002;C64284D;WHOSIS_000002;YEAR;364;COUNTRY;PUBLISHED;Healthy life expectancy (at birth);2010;Iran (Islamic Republic of);TOTAL;65.48195277000000
C64284DWHOSIS_000002;WHOSIS_000002;C64284D;WHOSIS_000002;YEAR;364;COUNTRY;PUBLISHED;Healthy life expectancy (at birth);2010;Iran (Islamic Republic of);FEMALE;65.92847627000000
C64284DWHOSIS_000002;WHOSIS_000002;C64284D;WHOSIS_000002;YEAR;364;COUNTRY;PUBLISHED;Healthy life expectancy (at birth);2010;Iran (Islamic Republic of);MALE;65.10860146000000
C64284DWHOSIS_000002;WHOSIS_000002;C64284D;WHOSIS_000002;YEAR;364;COUNTRY;PUBLISHED;Healthy life expectancy (at birth);2011;Iran (Islamic Republic of);MALE;65.44482613000000
C64284DWHOSIS_000002;WHOSIS_000002;C64284D;WHOSIS_000002;YEAR;364;COUNTRY;PUBLISHED;Healthy life expectancy (at birth);2011;Iran (Islamic Republic of);FEMALE;66.06605332000000
C64284DWHOSIS_000002;WHOSIS_000002;C64284D;WHOSIS_000002;YEAR;364;COUNTRY;PUBLISHED;Healthy life expectancy (at birth);2011;Iran (Islamic Republic of);TOTAL;65.71720531000000
C64284DWHOSIS_000002;WHOSIS_000002;C64284D;WHOSIS_000002;YEAR;364;COUNTRY;PUBLISHED;Healthy life expectancy (at birth);2012;Iran (Islamic Republic of);TOTAL;65.88940594000000
C64284DWHOSIS_000002;WHOSIS_000002;C64284D;WHOSIS_000002;YEAR;364;COUNTRY;PUBLISHED;Healthy life expectancy (at birth);2012;Iran (Islamic Republic of);MALE;65.69547565000000
C64284DWHOSIS_000002;WHOSIS_000002;C64284D;WHOSIS_000002;YEAR;364;COUNTRY;PUBLISHED;Healthy life expectancy (at birth);2012;Iran (Islamic Republic of);FEMALE;66.16649792000000
C64284DWHOSIS_000002;WHOSIS_000002;C64284D;WHOSIS_000002;YEAR;364;COUNTRY;PUBLISHED;Healthy life expectancy (at birth);2013;Iran (Islamic Republic of);TOTAL;65.98309878000000
C64284DWHOSIS_000002;WHOSIS_000002;C64284D;WHOSIS_000002;YEAR;364;COUNTRY;PUBLISHED;Healthy life expectancy (at birth);2013;Iran (Islamic Republic of);FEMALE;66.19458100000000
C64284DWHOSIS_000002;WHOSIS_000002;C64284D;WHOSIS_000002;YEAR;364;COUNTRY;PUBLISHED;Healthy life expectancy (at birth);2013;Iran (Islamic Republic of);MALE;65.86114093000000
C64284DWHOSIS_000002;WHOSIS_000002;C64284D;WHOSIS_000002;YEAR;364;COUNTRY;PUBLISHED;Healthy life expectancy (at birth);2014;Iran (Islamic Republic of);MALE;65.99876243000000
C64284DWHOSIS_000002;WHOSIS_000002;C64284D;WHOSIS_000002;YEAR;364;COUNTRY;PUBLISHED;Healthy life expectancy (at birth);2014;Iran (Islamic Republic of);FEMALE;66.24150340000000
C64284DWHOSIS_000002;WHOSIS_000002;C64284D;WHOSIS_000002;YEAR;364;COUNTRY;PUBLISHED;Healthy life expectancy (at birth);2014;Iran (Islamic Republic of);TOTAL;66.07540470000000
C64284DWHOSIS_000002;WHOSIS_000002;C64284D;WHOSIS_000002;YEAR;364;COUNTRY;PUBLISHED;Healthy life expectancy (at birth);2015;Iran (Islamic Republic of);FEMALE;66.23640351000000
C64284DWHOSIS_000002;WHOSIS_000002;C64284D;WHOSIS_000002;YEAR;364;COUNTRY;PUBLISHED;Healthy life expectancy (at birth);2015;Iran (Islamic Republic of);TOTAL;66.08471434000000
C64284DWHOSIS_000002;WHOSIS_000002;C64284D;WHOSIS_000002;YEAR;364;COUNTRY;PUBLISHED;Healthy life expectancy (at birth);2015;Iran (Islamic Republic of);MALE;66.02057090000000
C64284DWHOSIS_000002;WHOSIS_000002;C64284D;WHOSIS_000002;YEAR;364;COUNTRY;PUBLISHED;Healthy life expectancy (at birth);2016;Iran (Islamic Republic of);FEMALE;66.28264668000000
C64284DWHOSIS_000002;WHOSIS_000002;C64284D;WHOSIS_000002;YEAR;364;COUNTRY;PUBLISHED;Healthy life expectancy (at birth);2016;Iran (Islamic Republic of);TOTAL;66.18348759000000
C64284DWHOSIS_000002;WHOSIS_000002;C64284D;WHOSIS_000002;YEAR;364;COUNTRY;PUBLISHED;Healthy life expectancy (at birth);2016;Iran (Islamic Republic of);MALE;66.17750312000000
C64284DWHOSIS_000002;WHOSIS_000002;C64284D;WHOSIS_000002;YEAR;364;COUNTRY;PUBLISHED;Healthy life expectancy (at birth);2017;Iran (Islamic Republic of);FEMALE;66.35466403000000
C64284DWHOSIS_000002;WHOSIS_000002;C64284D;WHOSIS_000002;YEAR;364;COUNTRY;PUBLISHED;Healthy life expectancy (at birth);2017;Iran (Islamic Republic of);MALE;66.32148701000000
C64284DWHOSIS_000002;WHOSIS_000002;C64284D;WHOSIS_000002;YEAR;364;COUNTRY;PUBLISHED;Healthy life expectancy (at birth);2017;Iran (Islamic Republic of);TOTAL;66.28954725000000
C64284DWHOSIS_000002;WHOSIS_000002;C64284D;WHOSIS_000002;YEAR;364;COUNTRY;PUBLISHED;Healthy life expectancy (at birth);2018;Iran (Islamic Republic of);TOTAL;66.46614124000000
C64284DWHOSIS_000002;WHOSIS_000002;C64284D;WHOSIS_000002;YEAR;364;COUNTRY;PUBLISHED;Healthy life expectancy (at birth);2018;Iran (Islamic Republic of);MALE;66.50576685000000
C64284DWHOSIS_000002;WHOSIS_000002;C64284D;WHOSIS_000002;YEAR;364;COUNTRY;PUBLISHED;Healthy life expectancy (at birth);2018;Iran (Islamic Republic of);FEMALE;66.52119852000000
C64284DWHOSIS_000002;WHOSIS_000002;C64284D;WHOSIS_000002;YEAR;364;COUNTRY;PUBLISHED;Healthy life expectancy (at birth);2019;Iran (Islamic Republic of);FEMALE;66.60223543000000
C64284DWHOSIS_000002;WHOSIS_000002;C64284D;WHOSIS_000002;YEAR;364;COUNTRY;PUBLISHED;Healthy life expectancy (at birth);2019;Iran (Islamic Republic of);TOTAL;66.55531232000000
C64284DWHOSIS_000002;WHOSIS_000002;C64284D;WHOSIS_000002;YEAR;364;COUNTRY;PUBLISHED;Healthy life expectancy (at birth);2019;Iran (Islamic Republic of);MALE;66.60255329000000
C64284DWHOSIS_000002;WHOSIS_000002;C64284D;WHOSIS_000002;YEAR;364;COUNTRY;PUBLISHED;Healthy life expectancy (at birth);2020;Iran (Islamic Republic of);FEMALE;64.69829202000000
C64284DWHOSIS_000002;WHOSIS_000002;C64284D;WHOSIS_000002;YEAR;364;COUNTRY;PUBLISHED;Healthy life expectancy (at birth);2020;Iran (Islamic Republic of);TOTAL;64.46496990000000
C64284DWHOSIS_000002;WHOSIS_000002;C64284D;WHOSIS_000002;YEAR;364;COUNTRY;PUBLISHED;Healthy life expectancy (at birth);2020;Iran (Islamic Republic of);MALE;64.23441189000000
C64284DWHOSIS_000002;WHOSIS_000002;C64284D;WHOSIS_000002;YEAR;364;COUNTRY;PUBLISHED;Healthy life expectancy (at birth);2021;Iran (Islamic Republic of);TOTAL;63.97515583000000
C64284DWHOSIS_000002;WHOSIS_000002;C64284D;WHOSIS_000002;YEAR;364;COUNTRY;PUBLISHED;Healthy life expectancy (at birth);2021;Iran (Islamic Republic of);FEMALE;63.97283837000000
C64284DWHOSIS_000002;WHOSIS_000002;C64284D;WHOSIS_000002;YEAR;364;COUNTRY;PUBLISHED;Healthy life expectancy (at birth);2021;Iran (Islamic Republic of);MALE;63.97135060000000
C64284DWHOSIS_000002;WHOSIS_000002;C64284D;WHOSIS_000002;YEAR;392;COUNTRY;PUBLISHED;Healthy life expectancy (at birth);2000;Japan;FEMALE;73.10870415000000
C64284DWHOSIS_000002;WHOSIS_000002;C64284D;WHOSIS_000002;YEAR;392;COUNTRY;PUBLISHED;Healthy life expectancy (at birth);2000;Japan;MALE;68.95828184000000
C64284DWHOSIS_000002;WHOSIS_000002;C64284D;WHOSIS_000002;YEAR;392;COUNTRY;PUBLISHED;Healthy life expectancy (at birth);2000;Japan;TOTAL;71.10644040000000
C64284DWHOSIS_000002;WHOSIS_000002;C64284D;WHOSIS_000002;YEAR;392;COUNTRY;PUBLISHED;Healthy life expectancy (at birth);2001;Japan;MALE;69.21422457000000
C64284DWHOSIS_000002;WHOSIS_000002;C64284D;WHOSIS_000002;YEAR;392;COUNTRY;PUBLISHED;Healthy life expectancy (at birth);2001;Japan;TOTAL;71.34064156000000
C64284DWHOSIS_000002;WHOSIS_000002;C64284D;WHOSIS_000002;YEAR;392;COUNTRY;PUBLISHED;Healthy life expectancy (at birth);2001;Japan;FEMALE;73.31857843000000
C64284DWHOSIS_000002;WHOSIS_000002;C64284D;WHOSIS_000002;YEAR;392;COUNTRY;PUBLISHED;Healthy life expectancy (at birth);2002;Japan;FEMALE;73.50116462000000
C64284DWHOSIS_000002;WHOSIS_000002;C64284D;WHOSIS_000002;YEAR;392;COUNTRY;PUBLISHED;Healthy life expectancy (at birth);2002;Japan;TOTAL;71.53339025000000
C64284DWHOSIS_000002;WHOSIS_000002;C64284D;WHOSIS_000002;YEAR;392;COUNTRY;PUBLISHED;Healthy life expectancy (at birth);2002;Japan;MALE;69.41674481000000
C64284DWHOSIS_000002;WHOSIS_000002;C64284D;WHOSIS_000002;YEAR;392;COUNTRY;PUBLISHED;Healthy life expectancy (at birth);2003;Japan;MALE;69.45109438000000
C64284DWHOSIS_000002;WHOSIS_000002;C64284D;WHOSIS_000002;YEAR;392;COUNTRY;PUBLISHED;Healthy life expectancy (at birth);2003;Japan;FEMALE;73.54687598000000
C64284DWHOSIS_000002;WHOSIS_000002;C64284D;WHOSIS_000002;YEAR;392;COUNTRY;PUBLISHED;Healthy life expectancy (at birth);2003;Japan;TOTAL;71.56624019000000
C64284DWHOSIS_000002;WHOSIS_000002;C64284D;WHOSIS_000002;YEAR;392;COUNTRY;PUBLISHED;Healthy life expectancy (at birth);2004;Japan;MALE;69.65661849000000
C64284DWHOSIS_000002;WHOSIS_000002;C64284D;WHOSIS_000002;YEAR;392;COUNTRY;PUBLISHED;Healthy life expectancy (at birth);2004;Japan;TOTAL;71.73748142000000
C64284DWHOSIS_000002;WHOSIS_000002;C64284D;WHOSIS_000002;YEAR;392;COUNTRY;PUBLISHED;Healthy life expectancy (at birth);2004;Japan;FEMALE;73.68244730000000
C64284DWHOSIS_000002;WHOSIS_000002;C64284D;WHOSIS_000002;YEAR;392;COUNTRY;PUBLISHED;Healthy life expectancy (at birth);2005;Japan;MALE;69.57454691000000
C64284DWHOSIS_000002;WHOSIS_000002;C64284D;WHOSIS_000002;YEAR;392;COUNTRY;PUBLISHED;Healthy life expectancy (at birth);2005;Japan;TOTAL;71.65527775000000
C64284DWHOSIS_000002;WHOSIS_000002;C64284D;WHOSIS_000002;YEAR;392;COUNTRY;PUBLISHED;Healthy life expectancy (at birth);2005;Japan;FEMALE;73.61878920000000
C64284DWHOSIS_000002;WHOSIS_000002;C64284D;WHOSIS_000002;YEAR;392;COUNTRY;PUBLISHED;Healthy life expectancy (at birth);2006;Japan;TOTAL;71.91680251000000
C64284DWHOSIS_000002;WHOSIS_000002;C64284D;WHOSIS_000002;YEAR;392;COUNTRY;PUBLISHED;Healthy life expectancy (at birth);2006;Japan;FEMALE;73.80405215000000
C64284DWHOSIS_000002;WHOSIS_000002;C64284D;WHOSIS_000002;YEAR;392;COUNTRY;PUBLISHED;Healthy life expectancy (at birth);2006;Japan;MALE;69.90636957000000
C64284DWHOSIS_000002;WHOSIS_000002;C64284D;WHOSIS_000002;YEAR;392;COUNTRY;PUBLISHED;Healthy life expectancy (at birth);2007;Japan;MALE;70.07112210000000
C64284DWHOSIS_000002;WHOSIS_000002;C64284D;WHOSIS_000002;YEAR;392;COUNTRY;PUBLISHED;Healthy life expectancy (at birth);2007;Japan;FEMALE;73.89855342000000
C64284DWHOSIS_000002;WHOSIS_000002;C64284D;WHOSIS_000002;YEAR;392;COUNTRY;PUBLISHED;Healthy life expectancy (at birth);2007;Japan;TOTAL;72.04255172000000
C64284DWHOSIS_000002;WHOSIS_000002;C64284D;WHOSIS_000002;YEAR;392;COUNTRY;PUBLISHED;Healthy life expectancy (at birth);2008;Japan;FEMALE;73.90810909000000
C64284DWHOSIS_000002;WHOSIS_000002;C64284D;WHOSIS_000002;YEAR;392;COUNTRY;PUBLISHED;Healthy life expectancy (at birth);2008;Japan;MALE;70.18571396000000
C64284DWHOSIS_000002;WHOSIS_000002;C64284D;WHOSIS_000002;YEAR;392;COUNTRY;PUBLISHED;Healthy life expectancy (at birth);2008;Japan;TOTAL;72.10093676000000
C64284DWHOSIS_000002;WHOSIS_000002;C64284D;WHOSIS_000002;YEAR;392;COUNTRY;PUBLISHED;Healthy life expectancy (at birth);2009;Japan;FEMALE;74.13905987000000
C64284DWHOSIS_000002;WHOSIS_000002;C64284D;WHOSIS_000002;YEAR;392;COUNTRY;PUBLISHED;Healthy life expectancy (at birth);2009;Japan;MALE;70.43668727000000
C64284DWHOSIS_000002;WHOSIS_000002;C64284D;WHOSIS_000002;YEAR;392;COUNTRY;PUBLISHED;Healthy life expectancy (at birth);2009;Japan;TOTAL;72.34024225000000
C64284DWHOSIS_000002;WHOSIS_000002;C64284D;WHOSIS_000002;YEAR;392;COUNTRY;PUBLISHED;Healthy life expectancy (at birth);2010;Japan;TOTAL;72.30783735000000
C64284DWHOSIS_000002;WHOSIS_000002;C64284D;WHOSIS_000002;YEAR;392;COUNTRY;PUBLISHED;Healthy life expectancy (at birth);2010;Japan;FEMALE;74.06837747000000
C64284DWHOSIS_000002;WHOSIS_000002;C64284D;WHOSIS_000002;YEAR;392;COUNTRY;PUBLISHED;Healthy life expectancy (at birth);2010;Japan;MALE;70.45478437000000
C64284DWHOSIS_000002;WHOSIS_000002;C64284D;WHOSIS_000002;YEAR;392;COUNTRY;PUBLISHED;Healthy life expectancy (at birth);2011;Japan;FEMALE;73.73214243000000
C64284DWHOSIS_000002;WHOSIS_000002;C64284D;WHOSIS_000002;YEAR;392;COUNTRY;PUBLISHED;Healthy life expectancy (at birth);2011;Japan;TOTAL;72.11954868000000
C64284DWHOSIS_000002;WHOSIS_000002;C64284D;WHOSIS_000002;YEAR;392;COUNTRY;PUBLISHED;Healthy life expectancy (at birth);2011;Japan;MALE;70.41453747000000
C64284DWHOSIS_000002;WHOSIS_000002;C64284D;WHOSIS_000002;YEAR;392;COUNTRY;PUBLISHED;Healthy life expectancy (at birth);2012;Japan;TOTAL;72.54169749000000
C64284DWHOSIS_000002;WHOSIS_000002;C64284D;WHOSIS_000002;YEAR;392;COUNTRY;PUBLISHED;Healthy life expectancy (at birth);2012;Japan;MALE;70.81776039000000
C64284DWHOSIS_000002;WHOSIS_000002;C64284D;WHOSIS_000002;YEAR;392;COUNTRY;PUBLISHED;Healthy life expectancy (at birth);2012;Japan;FEMALE;74.18229803000000
C64284DWHOSIS_000002;WHOSIS_000002;C64284D;WHOSIS_000002;YEAR;392;COUNTRY;PUBLISHED;Healthy life expectancy (at birth);2013;Japan;FEMALE;74.33472409000000
C64284DWHOSIS_000002;WHOSIS_000002;C64284D;WHOSIS_000002;YEAR;392;COUNTRY;PUBLISHED;Healthy life expectancy (at birth);2013;Japan;TOTAL;72.73898586000000
C64284DWHOSIS_000002;WHOSIS_000002;C64284D;WHOSIS_000002;YEAR;392;COUNTRY;PUBLISHED;Healthy life expectancy (at birth);2013;Japan;MALE;71.06234321000000
C64284DWHOSIS_000002;WHOSIS_000002;C64284D;WHOSIS_000002;YEAR;392;COUNTRY;PUBLISHED;Healthy life expectancy (at birth);2014;Japan;TOTAL;72.92866584000000
C64284DWHOSIS_000002;WHOSIS_000002;C64284D;WHOSIS_000002;YEAR;392;COUNTRY;PUBLISHED;Healthy life expectancy (at birth);2014;Japan;MALE;71.29826192000000
C64284DWHOSIS_000002;WHOSIS_000002;C64284D;WHOSIS_000002;YEAR;392;COUNTRY;PUBLISHED;Healthy life expectancy (at birth);2014;Japan;FEMALE;74.47565659000000
C64284DWHOSIS_000002;WHOSIS_000002;C64284D;WHOSIS_000002;YEAR;392;COUNTRY;PUBLISHED;Healthy life expectancy (at birth);2015;Japan;MALE;71.50612670000000
C64284DWHOSIS_000002;WHOSIS_000002;C64284D;WHOSIS_000002;YEAR;392;COUNTRY;PUBLISHED;Healthy life expectancy (at birth);2015;Japan;TOTAL;73.09945869000000
C64284DWHOSIS_000002;WHOSIS_000002;C64284D;WHOSIS_000002;YEAR;392;COUNTRY;PUBLISHED;Healthy life expectancy (at birth);2015;Japan;FEMALE;74.61257505000000
C64284DWHOSIS_000002;WHOSIS_000002;C64284D;WHOSIS_000002;YEAR;392;COUNTRY;PUBLISHED;Healthy life expectancy (at birth);2016;Japan;MALE;71.68387317000000
C64284DWHOSIS_000002;WHOSIS_000002;C64284D;WHOSIS_000002;YEAR;392;COUNTRY;PUBLISHED;Healthy life expectancy (at birth);2016;Japan;FEMALE;74.72154619000000
C64284DWHOSIS_000002;WHOSIS_000002;C64284D;WHOSIS_000002;YEAR;392;COUNTRY;PUBLISHED;Healthy life expectancy (at birth);2016;Japan;TOTAL;73.24236418000000
C64284DWHOSIS_000002;WHOSIS_000002;C64284D;WHOSIS_000002;YEAR;392;COUNTRY;PUBLISHED;Healthy life expectancy (at birth);2017;Japan;TOTAL;73.37306559000000
C64284DWHOSIS_000002;WHOSIS_000002;C64284D;WHOSIS_000002;YEAR;392;COUNTRY;PUBLISHED;Healthy life expectancy (at birth);2017;Japan;FEMALE;74.85942448000000
C64284DWHOSIS_000002;WHOSIS_000002;C64284D;WHOSIS_000002;YEAR;392;COUNTRY;PUBLISHED;Healthy life expectancy (at birth);2017;Japan;MALE;71.81575448000000
C64284DWHOSIS_000002;WHOSIS_000002;C64284D;WHOSIS_000002;YEAR;392;COUNTRY;PUBLISHED;Healthy life expectancy (at birth);2018;Japan;FEMALE;74.92681114000000
C64284DWHOSIS_000002;WHOSIS_000002;C64284D;WHOSIS_000002;YEAR;392;COUNTRY;PUBLISHED;Healthy life expectancy (at birth);2018;Japan;TOTAL;73.48395797000000
C64284DWHOSIS_000002;WHOSIS_000002;C64284D;WHOSIS_000002;YEAR;392;COUNTRY;PUBLISHED;Healthy life expectancy (at birth);2018;Japan;MALE;71.97143367000000
C64284DWHOSIS_000002;WHOSIS_000002;C64284D;WHOSIS_000002;YEAR;392;COUNTRY;PUBLISHED;Healthy life expectancy (at birth);2019;Japan;FEMALE;75.01396161000000
C64284DWHOSIS_000002;WHOSIS_000002;C64284D;WHOSIS_000002;YEAR;392;COUNTRY;PUBLISHED;Healthy life expectancy (at birth);2019;Japan;MALE;72.08511461000000
C64284DWHOSIS_000002;WHOSIS_000002;C64284D;WHOSIS_000002;YEAR;392;COUNTRY;PUBLISHED;Healthy life expectancy (at birth);2019;Japan;TOTAL;73.58129509000000
C64284DWHOSIS_000002;WHOSIS_000002;C64284D;WHOSIS_000002;YEAR;392;COUNTRY;PUBLISHED;Healthy life expectancy (at birth);2020;Japan;TOTAL;73.63807718000000
C64284DWHOSIS_000002;WHOSIS_000002;C64284D;WHOSIS_000002;YEAR;392;COUNTRY;PUBLISHED;Healthy life expectancy (at birth);2020;Japan;FEMALE;75.11341707000000
C64284DWHOSIS_000002;WHOSIS_000002;C64284D;WHOSIS_000002;YEAR;392;COUNTRY;PUBLISHED;Healthy life expectancy (at birth);2020;Japan;MALE;72.10203502000000
C64284DWHOSIS_000002;WHOSIS_000002;C64284D;WHOSIS_000002;YEAR;392;COUNTRY;PUBLISHED;Healthy life expectancy (at birth);2021;Japan;MALE;71.93146662000000
C64284DWHOSIS_000002;WHOSIS_000002;C64284D;WHOSIS_000002;YEAR;392;COUNTRY;PUBLISHED;Healthy life expectancy (at birth);2021;Japan;FEMALE;74.80869165000000
C64284DWHOSIS_000002;WHOSIS_000002;C64284D;WHOSIS_000002;YEAR;392;COUNTRY;PUBLISHED;Healthy life expectancy (at birth);2021;Japan;TOTAL;73.39518386000000
C64284DWHOSIS_000002;WHOSIS_000002;C64284D;WHOSIS_000002;YEAR;484;COUNTRY;PUBLISHED;Healthy life expectancy (at birth);2000;Mexico;FEMALE;65.28352025000000
C64284DWHOSIS_000002;WHOSIS_000002;C64284D;WHOSIS_000002;YEAR;484;COUNTRY;PUBLISHED;Healthy life expectancy (at birth);2000;Mexico;TOTAL;64.10140838000000
C64284DWHOSIS_000002;WHOSIS_000002;C64284D;WHOSIS_000002;YEAR;484;COUNTRY;PUBLISHED;Healthy life expectancy (at birth);2000;Mexico;MALE;62.92485230000000
C64284DWHOSIS_000002;WHOSIS_000002;C64284D;WHOSIS_000002;YEAR;484;COUNTRY;PUBLISHED;Healthy life expectancy (at birth);2001;Mexico;FEMALE;65.46507948000000
C64284DWHOSIS_000002;WHOSIS_000002;C64284D;WHOSIS_000002;YEAR;484;COUNTRY;PUBLISHED;Healthy life expectancy (at birth);2001;Mexico;MALE;63.27113285000000
C64284DWHOSIS_000002;WHOSIS_000002;C64284D;WHOSIS_000002;YEAR;484;COUNTRY;PUBLISHED;Healthy life expectancy (at birth);2001;Mexico;TOTAL;64.36599260000000
C64284DWHOSIS_000002;WHOSIS_000002;C64284D;WHOSIS_000002;YEAR;484;COUNTRY;PUBLISHED;Healthy life expectancy (at birth);2002;Mexico;MALE;63.29281136000000
C64284DWHOSIS_000002;WHOSIS_000002;C64284D;WHOSIS_000002;YEAR;484;COUNTRY;PUBLISHED;Healthy life expectancy (at birth);2002;Mexico;FEMALE;65.53125627000000
C64284DWHOSIS_000002;WHOSIS_000002;C64284D;WHOSIS_000002;YEAR;484;COUNTRY;PUBLISHED;Healthy life expectancy (at birth);2002;Mexico;TOTAL;64.40892434000000
C64284DWHOSIS_000002;WHOSIS_000002;C64284D;WHOSIS_000002;YEAR;484;COUNTRY;PUBLISHED;Healthy life expectancy (at birth);2003;Mexico;TOTAL;64.45331033000000
C64284DWHOSIS_000002;WHOSIS_000002;C64284D;WHOSIS_000002;YEAR;484;COUNTRY;PUBLISHED;Healthy life expectancy (at birth);2003;Mexico;MALE;63.35007068000000
C64284DWHOSIS_000002;WHOSIS_000002;C64284D;WHOSIS_000002;YEAR;484;COUNTRY;PUBLISHED;Healthy life expectancy (at birth);2003;Mexico;FEMALE;65.56029844000000
C64284DWHOSIS_000002;WHOSIS_000002;C64284D;WHOSIS_000002;YEAR;484;COUNTRY;PUBLISHED;Healthy life expectancy (at birth);2004;Mexico;TOTAL;64.76301612000000
C64284DWHOSIS_000002;WHOSIS_000002;C64284D;WHOSIS_000002;YEAR;484;COUNTRY;PUBLISHED;Healthy life expectancy (at birth);2004;Mexico;FEMALE;65.83584596000000
C64284DWHOSIS_000002;WHOSIS_000002;C64284D;WHOSIS_000002;YEAR;484;COUNTRY;PUBLISHED;Healthy life expectancy (at birth);2004;Mexico;MALE;63.69229629000000
C64284DWHOSIS_000002;WHOSIS_000002;C64284D;WHOSIS_000002;YEAR;484;COUNTRY;PUBLISHED;Healthy life expectancy (at birth);2005;Mexico;TOTAL;64.69041941000000
C64284DWHOSIS_000002;WHOSIS_000002;C64284D;WHOSIS_000002;YEAR;484;COUNTRY;PUBLISHED;Healthy life expectancy (at birth);2005;Mexico;MALE;63.61051997000000
C64284DWHOSIS_000002;WHOSIS_000002;C64284D;WHOSIS_000002;YEAR;484;COUNTRY;PUBLISHED;Healthy life expectancy (at birth);2005;Mexico;FEMALE;65.77207507000000
C64284DWHOSIS_000002;WHOSIS_000002;C64284D;WHOSIS_000002;YEAR;484;COUNTRY;PUBLISHED;Healthy life expectancy (at birth);2006;Mexico;MALE;63.86950207000000
C64284DWHOSIS_000002;WHOSIS_000002;C64284D;WHOSIS_000002;YEAR;484;COUNTRY;PUBLISHED;Healthy life expectancy (at birth);2006;Mexico;FEMALE;66.08626519000000
C64284DWHOSIS_000002;WHOSIS_000002;C64284D;WHOSIS_000002;YEAR;484;COUNTRY;PUBLISHED;Healthy life expectancy (at birth);2006;Mexico;TOTAL;64.97712837000000
C64284DWHOSIS_000002;WHOSIS_000002;C64284D;WHOSIS_000002;YEAR;484;COUNTRY;PUBLISHED;Healthy life expectancy (at birth);2007;Mexico;FEMALE;66.19653560000000
C64284DWHOSIS_000002;WHOSIS_000002;C64284D;WHOSIS_000002;YEAR;484;COUNTRY;PUBLISHED;Healthy life expectancy (at birth);2007;Mexico;TOTAL;65.09934911000000
C64284DWHOSIS_000002;WHOSIS_000002;C64284D;WHOSIS_000002;YEAR;484;COUNTRY;PUBLISHED;Healthy life expectancy (at birth);2007;Mexico;MALE;64.00132175000000
C64284DWHOSIS_000002;WHOSIS_000002;C64284D;WHOSIS_000002;YEAR;484;COUNTRY;PUBLISHED;Healthy life expectancy (at birth);2008;Mexico;MALE;63.51256079000000
C64284DWHOSIS_000002;WHOSIS_000002;C64284D;WHOSIS_000002;YEAR;484;COUNTRY;PUBLISHED;Healthy life expectancy (at birth);2008;Mexico;FEMALE;66.01135373000000
C64284DWHOSIS_000002;WHOSIS_000002;C64284D;WHOSIS_000002;YEAR;484;COUNTRY;PUBLISHED;Healthy life expectancy (at birth);2008;Mexico;TOTAL;64.76100028000000
C64284DWHOSIS_000002;WHOSIS_000002;C64284D;WHOSIS_000002;YEAR;484;COUNTRY;PUBLISHED;Healthy life expectancy (at birth);2009;Mexico;TOTAL;64.76591289000000
C64284DWHOSIS_000002;WHOSIS_000002;C64284D;WHOSIS_000002;YEAR;484;COUNTRY;PUBLISHED;Healthy life expectancy (at birth);2009;Mexico;MALE;63.47200779000000
C64284DWHOSIS_000002;WHOSIS_000002;C64284D;WHOSIS_000002;YEAR;484;COUNTRY;PUBLISHED;Healthy life expectancy (at birth);2009;Mexico;FEMALE;66.06027715000000
C64284DWHOSIS_000002;WHOSIS_000002;C64284D;WHOSIS_000002;YEAR;484;COUNTRY;PUBLISHED;Healthy life expectancy (at birth);2010;Mexico;MALE;63.26559989000000
C64284DWHOSIS_000002;WHOSIS_000002;C64284D;WHOSIS_000002;YEAR;484;COUNTRY;PUBLISHED;Healthy life expectancy (at birth);2010;Mexico;TOTAL;64.64722411000000
C64284DWHOSIS_000002;WHOSIS_000002;C64284D;WHOSIS_000002;YEAR;484;COUNTRY;PUBLISHED;Healthy life expectancy (at birth);2010;Mexico;FEMALE;66.03080440000000
C64284DWHOSIS_000002;WHOSIS_000002;C64284D;WHOSIS_000002;YEAR;484;COUNTRY;PUBLISHED;Healthy life expectancy (at birth);2011;Mexico;FEMALE;66.40828722000000
C64284DWHOSIS_000002;WHOSIS_000002;C64284D;WHOSIS_000002;YEAR;484;COUNTRY;PUBLISHED;Healthy life expectancy (at birth);2011;Mexico;TOTAL;64.99708929000000
C64284DWHOSIS_000002;WHOSIS_000002;C64284D;WHOSIS_000002;YEAR;484;COUNTRY;PUBLISHED;Healthy life expectancy (at birth);2011;Mexico;MALE;63.58837499000000
C64284DWHOSIS_000002;WHOSIS_000002;C64284D;WHOSIS_000002;YEAR;484;COUNTRY;PUBLISHED;Healthy life expectancy (at birth);2012;Mexico;FEMALE;66.55298990000000
C64284DWHOSIS_000002;WHOSIS_000002;C64284D;WHOSIS_000002;YEAR;484;COUNTRY;PUBLISHED;Healthy life expectancy (at birth);2012;Mexico;TOTAL;65.18097950000000
C64284DWHOSIS_000002;WHOSIS_000002;C64284D;WHOSIS_000002;YEAR;484;COUNTRY;PUBLISHED;Healthy life expectancy (at birth);2012;Mexico;MALE;63.81284173000000
C64284DWHOSIS_000002;WHOSIS_000002;C64284D;WHOSIS_000002;YEAR;484;COUNTRY;PUBLISHED;Healthy life expectancy (at birth);2013;Mexico;FEMALE;66.74185307000000
C64284DWHOSIS_000002;WHOSIS_000002;C64284D;WHOSIS_000002;YEAR;484;COUNTRY;PUBLISHED;Healthy life expectancy (at birth);2013;Mexico;TOTAL;65.43016256000000
C64284DWHOSIS_000002;WHOSIS_000002;C64284D;WHOSIS_000002;YEAR;484;COUNTRY;PUBLISHED;Healthy life expectancy (at birth);2013;Mexico;MALE;64.11999880000000
C64284DWHOSIS_000002;WHOSIS_000002;C64284D;WHOSIS_000002;YEAR;484;COUNTRY;PUBLISHED;Healthy life expectancy (at birth);2014;Mexico;FEMALE;66.70300974000000
C64284DWHOSIS_000002;WHOSIS_000002;C64284D;WHOSIS_000002;YEAR;484;COUNTRY;PUBLISHED;Healthy life expectancy (at birth);2014;Mexico;MALE;64.19356631000000
C64284DWHOSIS_000002;WHOSIS_000002;C64284D;WHOSIS_000002;YEAR;484;COUNTRY;PUBLISHED;Healthy life expectancy (at birth);2014;Mexico;TOTAL;65.44766869000000
C64284DWHOSIS_000002;WHOSIS_000002;C64284D;WHOSIS_000002;YEAR;484;COUNTRY;PUBLISHED;Healthy life expectancy (at birth);2015;Mexico;FEMALE;66.77221729000000
C64284DWHOSIS_000002;WHOSIS_000002;C64284D;WHOSIS_000002;YEAR;484;COUNTRY;PUBLISHED;Healthy life expectancy (at birth);2015;Mexico;TOTAL;65.50346116000000
C64284DWHOSIS_000002;WHOSIS_000002;C64284D;WHOSIS_000002;YEAR;484;COUNTRY;PUBLISHED;Healthy life expectancy (at birth);2015;Mexico;MALE;64.23703916000000
C64284DWHOSIS_000002;WHOSIS_000002;C64284D;WHOSIS_000002;YEAR;484;COUNTRY;PUBLISHED;Healthy life expectancy (at birth);2016;Mexico;FEMALE;66.76312515000000
C64284DWHOSIS_000002;WHOSIS_000002;C64284D;WHOSIS_000002;YEAR;484;COUNTRY;PUBLISHED;Healthy life expectancy (at birth);2016;Mexico;TOTAL;65.38088852000000
C64284DWHOSIS_000002;WHOSIS_000002;C64284D;WHOSIS_000002;YEAR;484;COUNTRY;PUBLISHED;Healthy life expectancy (at birth);2016;Mexico;MALE;64.00698359000000
C64284DWHOSIS_000002;WHOSIS_000002;C64284D;WHOSIS_000002;YEAR;484;COUNTRY;PUBLISHED;Healthy life expectancy (at birth);2017;Mexico;TOTAL;65.46614439000000
C64284DWHOSIS_000002;WHOSIS_000002;C64284D;WHOSIS_000002;YEAR;484;COUNTRY;PUBLISHED;Healthy life expectancy (at birth);2017;Mexico;MALE;64.01087555000000
C64284DWHOSIS_000002;WHOSIS_000002;C64284D;WHOSIS_000002;YEAR;484;COUNTRY;PUBLISHED;Healthy life expectancy (at birth);2017;Mexico;FEMALE;66.93279682000000
C64284DWHOSIS_000002;WHOSIS_000002;C64284D;WHOSIS_000002;YEAR;484;COUNTRY;PUBLISHED;Healthy life expectancy (at birth);2018;Mexico;MALE;63.99103446000000
C64284DWHOSIS_000002;WHOSIS_000002;C64284D;WHOSIS_000002;YEAR;484;COUNTRY;PUBLISHED;Healthy life expectancy (at birth);2018;Mexico;TOTAL;65.50832405000000
C64284DWHOSIS_000002;WHOSIS_000002;C64284D;WHOSIS_000002;YEAR;484;COUNTRY;PUBLISHED;Healthy life expectancy (at birth);2018;Mexico;FEMALE;67.04200296000000
C64284DWHOSIS_000002;WHOSIS_000002;C64284D;WHOSIS_000002;YEAR;484;COUNTRY;PUBLISHED;Healthy life expectancy (at birth);2019;Mexico;TOTAL;65.46080840000000
C64284DWHOSIS_000002;WHOSIS_000002;C64284D;WHOSIS_000002;YEAR;484;COUNTRY;PUBLISHED;Healthy life expectancy (at birth);2019;Mexico;FEMALE;67.01759328000000
C64284DWHOSIS_000002;WHOSIS_000002;C64284D;WHOSIS_000002;YEAR;484;COUNTRY;PUBLISHED;Healthy life expectancy (at birth);2019;Mexico;MALE;63.92217391000000
C64284DWHOSIS_000002;WHOSIS_000002;C64284D;WHOSIS_000002;YEAR;484;COUNTRY;PUBLISHED;Healthy life expectancy (at birth);2020;Mexico;FEMALE;63.89111276000000
C64284DWHOSIS_000002;WHOSIS_000002;C64284D;WHOSIS_000002;YEAR;484;COUNTRY;PUBLISHED;Healthy life expectancy (at birth);2020;Mexico;MALE;59.49853619000000
C64284DWHOSIS_000002;WHOSIS_000002;C64284D;WHOSIS_000002;YEAR;484;COUNTRY;PUBLISHED;Healthy life expectancy (at birth);2020;Mexico;TOTAL;61.59445373000000
C64284DWHOSIS_000002;WHOSIS_000002;C64284D;WHOSIS_000002;YEAR;484;COUNTRY;PUBLISHED;Healthy life expectancy (at birth);2021;Mexico;MALE;59.49216070000000
C64284DWHOSIS_000002;WHOSIS_000002;C64284D;WHOSIS_000002;YEAR;484;COUNTRY;PUBLISHED;Healthy life expectancy (at birth);2021;Mexico;FEMALE;63.51956352000000
C64284DWHOSIS_000002;WHOSIS_000002;C64284D;WHOSIS_000002;YEAR;484;COUNTRY;PUBLISHED;Healthy life expectancy (at birth);2021;Mexico;TOTAL;61.43518472000000
C64284DWHOSIS_000002;WHOSIS_000002;C64284D;WHOSIS_000002;YEAR;504;COUNTRY;PUBLISHED;Healthy life expectancy (at birth);2000;Morocco;TOTAL;60.68542085000000
C64284DWHOSIS_000002;WHOSIS_000002;C64284D;WHOSIS_000002;YEAR;504;COUNTRY;PUBLISHED;Healthy life expectancy (at birth);2000;Morocco;MALE;61.05424214000000
C64284DWHOSIS_000002;WHOSIS_000002;C64284D;WHOSIS_000002;YEAR;504;COUNTRY;PUBLISHED;Healthy life expectancy (at birth);2000;Morocco;FEMALE;60.33454825000000
C64284DWHOSIS_000002;WHOSIS_000002;C64284D;WHOSIS_000002;YEAR;504;COUNTRY;PUBLISHED;Healthy life expectancy (at birth);2001;Morocco;TOTAL;60.89224826000000
C64284DWHOSIS_000002;WHOSIS_000002;C64284D;WHOSIS_000002;YEAR;504;COUNTRY;PUBLISHED;Healthy life expectancy (at birth);2001;Morocco;FEMALE;60.49724051000000
C64284DWHOSIS_000002;WHOSIS_000002;C64284D;WHOSIS_000002;YEAR;504;COUNTRY;PUBLISHED;Healthy life expectancy (at birth);2001;Morocco;MALE;61.30445137000000
C64284DWHOSIS_000002;WHOSIS_000002;C64284D;WHOSIS_000002;YEAR;504;COUNTRY;PUBLISHED;Healthy life expectancy (at birth);2002;Morocco;TOTAL;61.10275701000000
C64284DWHOSIS_000002;WHOSIS_000002;C64284D;WHOSIS_000002;YEAR;504;COUNTRY;PUBLISHED;Healthy life expectancy (at birth);2002;Morocco;FEMALE;60.55586510000000
C64284DWHOSIS_000002;WHOSIS_000002;C64284D;WHOSIS_000002;YEAR;504;COUNTRY;PUBLISHED;Healthy life expectancy (at birth);2002;Morocco;MALE;61.67124110000000
C64284DWHOSIS_000002;WHOSIS_000002;C64284D;WHOSIS_000002;YEAR;504;COUNTRY;PUBLISHED;Healthy life expectancy (at birth);2003;Morocco;FEMALE;60.67580152000000
C64284DWHOSIS_000002;WHOSIS_000002;C64284D;WHOSIS_000002;YEAR;504;COUNTRY;PUBLISHED;Healthy life expectancy (at birth);2003;Morocco;MALE;61.75511850000000
C64284DWHOSIS_000002;WHOSIS_000002;C64284D;WHOSIS_000002;YEAR;504;COUNTRY;PUBLISHED;Healthy life expectancy (at birth);2003;Morocco;TOTAL;61.20677171000000
C64284DWHOSIS_000002;WHOSIS_000002;C64284D;WHOSIS_000002;YEAR;504;COUNTRY;PUBLISHED;Healthy life expectancy (at birth);2004;Morocco;MALE;61.87762995000000
C64284DWHOSIS_000002;WHOSIS_000002;C64284D;WHOSIS_000002;YEAR;504;COUNTRY;PUBLISHED;Healthy life expectancy (at birth);2004;Morocco;TOTAL;61.32172923000000
C64284DWHOSIS_000002;WHOSIS_000002;C64284D;WHOSIS_000002;YEAR;504;COUNTRY;PUBLISHED;Healthy life expectancy (at birth);2004;Morocco;FEMALE;60.78098800000000
C64284DWHOSIS_000002;WHOSIS_000002;C64284D;WHOSIS_000002;YEAR;504;COUNTRY;PUBLISHED;Healthy life expectancy (at birth);2005;Morocco;FEMALE;60.93500994000000
C64284DWHOSIS_000002;WHOSIS_000002;C64284D;WHOSIS_000002;YEAR;504;COUNTRY;PUBLISHED;Healthy life expectancy (at birth);2005;Morocco;MALE;62.04494292000000
C64284DWHOSIS_000002;WHOSIS_000002;C64284D;WHOSIS_000002;YEAR;504;COUNTRY;PUBLISHED;Healthy life expectancy (at birth);2005;Morocco;TOTAL;61.48318081000000
C64284DWHOSIS_000002;WHOSIS_000002;C64284D;WHOSIS_000002;YEAR;504;COUNTRY;PUBLISHED;Healthy life expectancy (at birth);2006;Morocco;MALE;62.22373556000000
C64284DWHOSIS_000002;WHOSIS_000002;C64284D;WHOSIS_000002;YEAR;504;COUNTRY;PUBLISHED;Healthy life expectancy (at birth);2006;Morocco;TOTAL;61.64298152000000
C64284DWHOSIS_000002;WHOSIS_000002;C64284D;WHOSIS_000002;YEAR;504;COUNTRY;PUBLISHED;Healthy life expectancy (at birth);2006;Morocco;FEMALE;61.07385866000000
C64284DWHOSIS_000002;WHOSIS_000002;C64284D;WHOSIS_000002;YEAR;504;COUNTRY;PUBLISHED;Healthy life expectancy (at birth);2007;Morocco;FEMALE;61.19463554000000
C64284DWHOSIS_000002;WHOSIS_000002;C64284D;WHOSIS_000002;YEAR;504;COUNTRY;PUBLISHED;Healthy life expectancy (at birth);2007;Morocco;MALE;62.40475533000000
C64284DWHOSIS_000002;WHOSIS_000002;C64284D;WHOSIS_000002;YEAR;504;COUNTRY;PUBLISHED;Healthy life expectancy (at birth);2007;Morocco;TOTAL;61.79491119000000
C64284DWHOSIS_000002;WHOSIS_000002;C64284D;WHOSIS_000002;YEAR;504;COUNTRY;PUBLISHED;Healthy life expectancy (at birth);2008;Morocco;MALE;62.62607141000000
C64284DWHOSIS_000002;WHOSIS_000002;C64284D;WHOSIS_000002;YEAR;504;COUNTRY;PUBLISHED;Healthy life expectancy (at birth);2008;Morocco;TOTAL;62.01815208000000
C64284DWHOSIS_000002;WHOSIS_000002;C64284D;WHOSIS_000002;YEAR;504;COUNTRY;PUBLISHED;Healthy life expectancy (at birth);2008;Morocco;FEMALE;61.41655667000000
C64284DWHOSIS_000002;WHOSIS_000002;C64284D;WHOSIS_000002;YEAR;504;COUNTRY;PUBLISHED;Healthy life expectancy (at birth);2009;Morocco;FEMALE;61.62276737000000
C64284DWHOSIS_000002;WHOSIS_000002;C64284D;WHOSIS_000002;YEAR;504;COUNTRY;PUBLISHED;Healthy life expectancy (at birth);2009;Morocco;MALE;62.86952274000000
C64284DWHOSIS_000002;WHOSIS_000002;C64284D;WHOSIS_000002;YEAR;504;COUNTRY;PUBLISHED;Healthy life expectancy (at birth);2009;Morocco;TOTAL;62.24419256000000
C64284DWHOSIS_000002;WHOSIS_000002;C64284D;WHOSIS_000002;YEAR;504;COUNTRY;PUBLISHED;Healthy life expectancy (at birth);2010;Morocco;MALE;63.05135044000000
C64284DWHOSIS_000002;WHOSIS_000002;C64284D;WHOSIS_000002;YEAR;504;COUNTRY;PUBLISHED;Healthy life expectancy (at birth);2010;Morocco;TOTAL;62.41794895000000
C64284DWHOSIS_000002;WHOSIS_000002;C64284D;WHOSIS_000002;YEAR;504;COUNTRY;PUBLISHED;Healthy life expectancy (at birth);2010;Morocco;FEMALE;61.78613444000000
C64284DWHOSIS_000002;WHOSIS_000002;C64284D;WHOSIS_000002;YEAR;504;COUNTRY;PUBLISHED;Healthy life expectancy (at birth);2011;Morocco;FEMALE;61.96295588000000
C64284DWHOSIS_000002;WHOSIS_000002;C64284D;WHOSIS_000002;YEAR;504;COUNTRY;PUBLISHED;Healthy life expectancy (at birth);2011;Morocco;MALE;63.21606960000000
C64284DWHOSIS_000002;WHOSIS_000002;C64284D;WHOSIS_000002;YEAR;504;COUNTRY;PUBLISHED;Healthy life expectancy (at birth);2011;Morocco;TOTAL;62.59007784000000
C64284DWHOSIS_000002;WHOSIS_000002;C64284D;WHOSIS_000002;YEAR;504;COUNTRY;PUBLISHED;Healthy life expectancy (at birth);2012;Morocco;FEMALE;62.14068525000000
C64284DWHOSIS_000002;WHOSIS_000002;C64284D;WHOSIS_000002;YEAR;504;COUNTRY;PUBLISHED;Healthy life expectancy (at birth);2012;Morocco;MALE;63.37577523000000
C64284DWHOSIS_000002;WHOSIS_000002;C64284D;WHOSIS_000002;YEAR;504;COUNTRY;PUBLISHED;Healthy life expectancy (at birth);2012;Morocco;TOTAL;62.76038495000000
C64284DWHOSIS_000002;WHOSIS_000002;C64284D;WHOSIS_000002;YEAR;504;COUNTRY;PUBLISHED;Healthy life expectancy (at birth);2013;Morocco;MALE;63.52791861000000
C64284DWHOSIS_000002;WHOSIS_000002;C64284D;WHOSIS_000002;YEAR;504;COUNTRY;PUBLISHED;Healthy life expectancy (at birth);2013;Morocco;TOTAL;62.92437652000000
C64284DWHOSIS_000002;WHOSIS_000002;C64284D;WHOSIS_000002;YEAR;504;COUNTRY;PUBLISHED;Healthy life expectancy (at birth);2013;Morocco;FEMALE;62.31391675000000
C64284DWHOSIS_000002;WHOSIS_000002;C64284D;WHOSIS_000002;YEAR;504;COUNTRY;PUBLISHED;Healthy life expectancy (at birth);2014;Morocco;TOTAL;63.06119310000000
C64284DWHOSIS_000002;WHOSIS_000002;C64284D;WHOSIS_000002;YEAR;504;COUNTRY;PUBLISHED;Healthy life expectancy (at birth);2014;Morocco;FEMALE;62.45861194000000
C64284DWHOSIS_000002;WHOSIS_000002;C64284D;WHOSIS_000002;YEAR;504;COUNTRY;PUBLISHED;Healthy life expectancy (at birth);2014;Morocco;MALE;63.65452083000000
C64284DWHOSIS_000002;WHOSIS_000002;C64284D;WHOSIS_000002;YEAR;504;COUNTRY;PUBLISHED;Healthy life expectancy (at birth);2015;Morocco;MALE;63.75786244000000
C64284DWHOSIS_000002;WHOSIS_000002;C64284D;WHOSIS_000002;YEAR;504;COUNTRY;PUBLISHED;Healthy life expectancy (at birth);2015;Morocco;TOTAL;63.18479871000000
C64284DWHOSIS_000002;WHOSIS_000002;C64284D;WHOSIS_000002;YEAR;504;COUNTRY;PUBLISHED;Healthy life expectancy (at birth);2015;Morocco;FEMALE;62.59975875000000
C64284DWHOSIS_000002;WHOSIS_000002;C64284D;WHOSIS_000002;YEAR;504;COUNTRY;PUBLISHED;Healthy life expectancy (at birth);2016;Morocco;MALE;63.86046232000000
C64284DWHOSIS_000002;WHOSIS_000002;C64284D;WHOSIS_000002;YEAR;504;COUNTRY;PUBLISHED;Healthy life expectancy (at birth);2016;Morocco;FEMALE;62.74730354000000
C64284DWHOSIS_000002;WHOSIS_000002;C64284D;WHOSIS_000002;YEAR;504;COUNTRY;PUBLISHED;Healthy life expectancy (at birth);2016;Morocco;TOTAL;63.31096438000000
C64284DWHOSIS_000002;WHOSIS_000002;C64284D;WHOSIS_000002;YEAR;504;COUNTRY;PUBLISHED;Healthy life expectancy (at birth);2017;Morocco;TOTAL;63.42348432000000
C64284DWHOSIS_000002;WHOSIS_000002;C64284D;WHOSIS_000002;YEAR;504;COUNTRY;PUBLISHED;Healthy life expectancy (at birth);2017;Morocco;MALE;63.96288846000000
C64284DWHOSIS_000002;WHOSIS_000002;C64284D;WHOSIS_000002;YEAR;504;COUNTRY;PUBLISHED;Healthy life expectancy (at birth);2017;Morocco;FEMALE;62.86737773000000
C64284DWHOSIS_000002;WHOSIS_000002;C64284D;WHOSIS_000002;YEAR;504;COUNTRY;PUBLISHED;Healthy life expectancy (at birth);2018;Morocco;TOTAL;63.48830859000000
C64284DWHOSIS_000002;WHOSIS_000002;C64284D;WHOSIS_000002;YEAR;504;COUNTRY;PUBLISHED;Healthy life expectancy (at birth);2018;Morocco;MALE;64.04185159000000
C64284DWHOSIS_000002;WHOSIS_000002;C64284D;WHOSIS_000002;YEAR;504;COUNTRY;PUBLISHED;Healthy life expectancy (at birth);2018;Morocco;FEMALE;62.91637839000000
C64284DWHOSIS_000002;WHOSIS_000002;C64284D;WHOSIS_000002;YEAR;504;COUNTRY;PUBLISHED;Healthy life expectancy (at birth);2019;Morocco;TOTAL;63.59750282000000
C64284DWHOSIS_000002;WHOSIS_000002;C64284D;WHOSIS_000002;YEAR;504;COUNTRY;PUBLISHED;Healthy life expectancy (at birth);2019;Morocco;MALE;64.13132380000000
C64284DWHOSIS_000002;WHOSIS_000002;C64284D;WHOSIS_000002;YEAR;504;COUNTRY;PUBLISHED;Healthy life expectancy (at birth);2019;Morocco;FEMALE;63.04346629000000
C64284DWHOSIS_000002;WHOSIS_000002;C64284D;WHOSIS_000002;YEAR;504;COUNTRY;PUBLISHED;Healthy life expectancy (at birth);2020;Morocco;MALE;62.67671702000000
C64284DWHOSIS_000002;WHOSIS_000002;C64284D;WHOSIS_000002;YEAR;504;COUNTRY;PUBLISHED;Healthy life expectancy (at birth);2020;Morocco;TOTAL;62.38086268000000
C64284DWHOSIS_000002;WHOSIS_000002;C64284D;WHOSIS_000002;YEAR;504;COUNTRY;PUBLISHED;Healthy life expectancy (at birth);2020;Morocco;FEMALE;62.08906222000000
C64284DWHOSIS_000002;WHOSIS_000002;C64284D;WHOSIS_000002;YEAR;504;COUNTRY;PUBLISHED;Healthy life expectancy (at birth);2021;Morocco;FEMALE;61.84438848000000
C64284DWHOSIS_000002;WHOSIS_000002;C64284D;WHOSIS_000002;YEAR;504;COUNTRY;PUBLISHED;Healthy life expectancy (at birth);2021;Morocco;MALE;62.81929990000000
C64284DWHOSIS_000002;WHOSIS_000002;C64284D;WHOSIS_000002;YEAR;504;COUNTRY;PUBLISHED;Healthy life expectancy (at birth);2021;Morocco;TOTAL;62.33965438000000
C64284DWHOSIS_000002;WHOSIS_000002;C64284D;WHOSIS_000002;YEAR;566;COUNTRY;PUBLISHED;Healthy life expectancy (at birth);2000;Nigeria;TOTAL;46.62992657000000
C64284DWHOSIS_000002;WHOSIS_000002;C64284D;WHOSIS_000002;YEAR;566;COUNTRY;PUBLISHED;Healthy life expectancy (at birth);2000;Nigeria;MALE;46.31677082000000
C64284DWHOSIS_000002;WHOSIS_000002;C64284D;WHOSIS_000002;YEAR;566;COUNTRY;PUBLISHED;Healthy life expectancy (at birth);2000;Nigeria;FEMALE;46.96187893000000
C64284DWHOSIS_000002;WHOSIS_000002;C64284D;WHOSIS_000002;YEAR;566;COUNTRY;PUBLISHED;Healthy life expectancy (at birth);2001;Nigeria;FEMALE;47.28917444000000
C64284DWHOSIS_000002;WHOSIS_000002;C64284D;WHOSIS_000002;YEAR;566;COUNTRY;PUBLISHED;Healthy life expectancy (at birth);2001;Nigeria;TOTAL;47.00827914000000
C64284DWHOSIS_000002;WHOSIS_000002;C64284D;WHOSIS_000002;YEAR;566;COUNTRY;PUBLISHED;Healthy life expectancy (at birth);2001;Nigeria;MALE;46.74427454000000
C64284DWHOSIS_000002;WHOSIS_000002;C64284D;WHOSIS_000002;YEAR;566;COUNTRY;PUBLISHED;Healthy life expectancy (at birth);2002;Nigeria;TOTAL;47.46406406000000
C64284DWHOSIS_000002;WHOSIS_000002;C64284D;WHOSIS_000002;YEAR;566;COUNTRY;PUBLISHED;Healthy life expectancy (at birth);2002;Nigeria;MALE;47.22001857000000
C64284DWHOSIS_000002;WHOSIS_000002;C64284D;WHOSIS_000002;YEAR;566;COUNTRY;PUBLISHED;Healthy life expectancy (at birth);2002;Nigeria;FEMALE;47.72381831000000
C64284DWHOSIS_000002;WHOSIS_000002;C64284D;WHOSIS_000002;YEAR;566;COUNTRY;PUBLISHED;Healthy life expectancy (at birth);2003;Nigeria;TOTAL;48.02993382000000
C64284DWHOSIS_000002;WHOSIS_000002;C64284D;WHOSIS_000002;YEAR;566;COUNTRY;PUBLISHED;Healthy life expectancy (at birth);2003;Nigeria;MALE;47.81233174000000
C64284DWHOSIS_000002;WHOSIS_000002;C64284D;WHOSIS_000002;YEAR;566;COUNTRY;PUBLISHED;Healthy life expectancy (at birth);2003;Nigeria;FEMALE;48.26217155000000
C64284DWHOSIS_000002;WHOSIS_000002;C64284D;WHOSIS_000002;YEAR;566;COUNTRY;PUBLISHED;Healthy life expectancy (at birth);2004;Nigeria;TOTAL;48.57706352000000
C64284DWHOSIS_000002;WHOSIS_000002;C64284D;WHOSIS_000002;YEAR;566;COUNTRY;PUBLISHED;Healthy life expectancy (at birth);2004;Nigeria;FEMALE;48.82602460000000
C64284DWHOSIS_000002;WHOSIS_000002;C64284D;WHOSIS_000002;YEAR;566;COUNTRY;PUBLISHED;Healthy life expectancy (at birth);2004;Nigeria;MALE;48.34319648000000
C64284DWHOSIS_000002;WHOSIS_000002;C64284D;WHOSIS_000002;YEAR;566;COUNTRY;PUBLISHED;Healthy life expectancy (at birth);2005;Nigeria;FEMALE;49.42969231000000
C64284DWHOSIS_000002;WHOSIS_000002;C64284D;WHOSIS_000002;YEAR;566;COUNTRY;PUBLISHED;Healthy life expectancy (at birth);2005;Nigeria;TOTAL;49.20868422000000
C64284DWHOSIS_000002;WHOSIS_000002;C64284D;WHOSIS_000002;YEAR;566;COUNTRY;PUBLISHED;Healthy life expectancy (at birth);2005;Nigeria;MALE;49.00168430000000
C64284DWHOSIS_000002;WHOSIS_000002;C64284D;WHOSIS_000002;YEAR;566;COUNTRY;PUBLISHED;Healthy life expectancy (at birth);2006;Nigeria;MALE;49.55294869000000
C64284DWHOSIS_000002;WHOSIS_000002;C64284D;WHOSIS_000002;YEAR;566;COUNTRY;PUBLISHED;Healthy life expectancy (at birth);2006;Nigeria;FEMALE;50.00572132000000
C64284DWHOSIS_000002;WHOSIS_000002;C64284D;WHOSIS_000002;YEAR;566;COUNTRY;PUBLISHED;Healthy life expectancy (at birth);2006;Nigeria;TOTAL;49.77235715000000
C64284DWHOSIS_000002;WHOSIS_000002;C64284D;WHOSIS_000002;YEAR;566;COUNTRY;PUBLISHED;Healthy life expectancy (at birth);2007;Nigeria;TOTAL;50.34947065000000
C64284DWHOSIS_000002;WHOSIS_000002;C64284D;WHOSIS_000002;YEAR;566;COUNTRY;PUBLISHED;Healthy life expectancy (at birth);2007;Nigeria;MALE;50.15342377000000
C64284DWHOSIS_000002;WHOSIS_000002;C64284D;WHOSIS_000002;YEAR;566;COUNTRY;PUBLISHED;Healthy life expectancy (at birth);2007;Nigeria;FEMALE;50.55775194000000
C64284DWHOSIS_000002;WHOSIS_000002;C64284D;WHOSIS_000002;YEAR;566;COUNTRY;PUBLISHED;Healthy life expectancy (at birth);2008;Nigeria;FEMALE;51.09274831000000
C64284DWHOSIS_000002;WHOSIS_000002;C64284D;WHOSIS_000002;YEAR;566;COUNTRY;PUBLISHED;Healthy life expectancy (at birth);2008;Nigeria;TOTAL;50.89207514000000
C64284DWHOSIS_000002;WHOSIS_000002;C64284D;WHOSIS_000002;YEAR;566;COUNTRY;PUBLISHED;Healthy life expectancy (at birth);2008;Nigeria;MALE;50.70272616000000
C64284DWHOSIS_000002;WHOSIS_000002;C64284D;WHOSIS_000002;YEAR;566;COUNTRY;PUBLISHED;Healthy life expectancy (at birth);2009;Nigeria;MALE;51.21538273000000
C64284DWHOSIS_000002;WHOSIS_000002;C64284D;WHOSIS_000002;YEAR;566;COUNTRY;PUBLISHED;Healthy life expectancy (at birth);2009;Nigeria;TOTAL;51.41380952000000
C64284DWHOSIS_000002;WHOSIS_000002;C64284D;WHOSIS_000002;YEAR;566;COUNTRY;PUBLISHED;Healthy life expectancy (at birth);2009;Nigeria;FEMALE;51.62370413000000
C64284DWHOSIS_000002;WHOSIS_000002;C64284D;WHOSIS_000002;YEAR;566;COUNTRY;PUBLISHED;Healthy life expectancy (at birth);2010;Nigeria;FEMALE;52.06666039000000
C64284DWHOSIS_000002;WHOSIS_000002;C64284D;WHOSIS_000002;YEAR;566;COUNTRY;PUBLISHED;Healthy life expectancy (at birth);2010;Nigeria;TOTAL;51.85925363000000
C64284DWHOSIS_000002;WHOSIS_000002;C64284D;WHOSIS_000002;YEAR;566;COUNTRY;PUBLISHED;Healthy life expectancy (at birth);2010;Nigeria;MALE;51.66279881000000
C64284DWHOSIS_000002;WHOSIS_000002;C64284D;WHOSIS_000002;YEAR;566;COUNTRY;PUBLISHED;Healthy life expectancy (at birth);2011;Nigeria;MALE;52.04008792000000
C64284DWHOSIS_000002;WHOSIS_000002;C64284D;WHOSIS_000002;YEAR;566;COUNTRY;PUBLISHED;Healthy life expectancy (at birth);2011;Nigeria;TOTAL;52.23027318000000
C64284DWHOSIS_000002;WHOSIS_000002;C64284D;WHOSIS_000002;YEAR;566;COUNTRY;PUBLISHED;Healthy life expectancy (at birth);2011;Nigeria;FEMALE;52.43033258000000
C64284DWHOSIS_000002;WHOSIS_000002;C64284D;WHOSIS_000002;YEAR;566;COUNTRY;PUBLISHED;Healthy life expectancy (at birth);2012;Nigeria;TOTAL;52.63054275000000
C64284DWHOSIS_000002;WHOSIS_000002;C64284D;WHOSIS_000002;YEAR;566;COUNTRY;PUBLISHED;Healthy life expectancy (at birth);2012;Nigeria;FEMALE;52.86179237000000
C64284DWHOSIS_000002;WHOSIS_000002;C64284D;WHOSIS_000002;YEAR;566;COUNTRY;PUBLISHED;Healthy life expectancy (at birth);2012;Nigeria;MALE;52.41008587000000
C64284DWHOSIS_000002;WHOSIS_000002;C64284D;WHOSIS_000002;YEAR;566;COUNTRY;PUBLISHED;Healthy life expectancy (at birth);2013;Nigeria;TOTAL;52.99041115000000
C64284DWHOSIS_000002;WHOSIS_000002;C64284D;WHOSIS_000002;YEAR;566;COUNTRY;PUBLISHED;Healthy life expectancy (at birth);2013;Nigeria;MALE;52.68930024000000
C64284DWHOSIS_000002;WHOSIS_000002;C64284D;WHOSIS_000002;YEAR;566;COUNTRY;PUBLISHED;Healthy life expectancy (at birth);2013;Nigeria;FEMALE;53.30546147000000
C64284DWHOSIS_000002;WHOSIS_000002;C64284D;WHOSIS_000002;YEAR;566;COUNTRY;PUBLISHED;Healthy life expectancy (at birth);2014;Nigeria;TOTAL;53.29095432000000
C64284DWHOSIS_000002;WHOSIS_000002;C64284D;WHOSIS_000002;YEAR;566;COUNTRY;PUBLISHED;Healthy life expectancy (at birth);2014;Nigeria;MALE;52.94294238000000
C64284DWHOSIS_000002;WHOSIS_000002;C64284D;WHOSIS_000002;YEAR;566;COUNTRY;PUBLISHED;Healthy life expectancy (at birth);2014;Nigeria;FEMALE;53.65509121000000
C64284DWHOSIS_000002;WHOSIS_000002;C64284D;WHOSIS_000002;YEAR;566;COUNTRY;PUBLISHED;Healthy life expectancy (at birth);2015;Nigeria;FEMALE;53.91795965000000
C64284DWHOSIS_000002;WHOSIS_000002;C64284D;WHOSIS_000002;YEAR;566;COUNTRY;PUBLISHED;Healthy life expectancy (at birth);2015;Nigeria;MALE;53.29903102000000
C64284DWHOSIS_000002;WHOSIS_000002;C64284D;WHOSIS_000002;YEAR;566;COUNTRY;PUBLISHED;Healthy life expectancy (at birth);2015;Nigeria;TOTAL;53.60164097000000
C64284DWHOSIS_000002;WHOSIS_000002;C64284D;WHOSIS_000002;YEAR;566;COUNTRY;PUBLISHED;Healthy life expectancy (at birth);2016;Nigeria;MALE;53.65459041000000
C64284DWHOSIS_000002;WHOSIS_000002;C64284D;WHOSIS_000002;YEAR;566;COUNTRY;PUBLISHED;Healthy life expectancy (at birth);2016;Nigeria;TOTAL;53.88544145000000
C64284DWHOSIS_000002;WHOSIS_000002;C64284D;WHOSIS_000002;YEAR;566;COUNTRY;PUBLISHED;Healthy life expectancy (at birth);2016;Nigeria;FEMALE;54.12668790000000
C64284DWHOSIS_000002;WHOSIS_000002;C64284D;WHOSIS_000002;YEAR;566;COUNTRY;PUBLISHED;Healthy life expectancy (at birth);2017;Nigeria;FEMALE;54.37820927000000
C64284DWHOSIS_000002;WHOSIS_000002;C64284D;WHOSIS_000002;YEAR;566;COUNTRY;PUBLISHED;Healthy life expectancy (at birth);2017;Nigeria;MALE;53.97600552000000
C64284DWHOSIS_000002;WHOSIS_000002;C64284D;WHOSIS_000002;YEAR;566;COUNTRY;PUBLISHED;Healthy life expectancy (at birth);2017;Nigeria;TOTAL;54.17267199000000
C64284DWHOSIS_000002;WHOSIS_000002;C64284D;WHOSIS_000002;YEAR;566;COUNTRY;PUBLISHED;Healthy life expectancy (at birth);2018;Nigeria;MALE;54.30115822000000
C64284DWHOSIS_000002;WHOSIS_000002;C64284D;WHOSIS_000002;YEAR;566;COUNTRY;PUBLISHED;Healthy life expectancy (at birth);2018;Nigeria;TOTAL;54.47386990000000
C64284DWHOSIS_000002;WHOSIS_000002;C64284D;WHOSIS_000002;YEAR;566;COUNTRY;PUBLISHED;Healthy life expectancy (at birth);2018;Nigeria;FEMALE;54.65403080000000
C64284DWHOSIS_000002;WHOSIS_000002;C64284D;WHOSIS_000002;YEAR;566;COUNTRY;PUBLISHED;Healthy life expectancy (at birth);2019;Nigeria;FEMALE;54.95370169000000
C64284DWHOSIS_000002;WHOSIS_000002;C64284D;WHOSIS_000002;YEAR;566;COUNTRY;PUBLISHED;Healthy life expectancy (at birth);2019;Nigeria;TOTAL;54.81295678000000
C64284DWHOSIS_000002;WHOSIS_000002;C64284D;WHOSIS_000002;YEAR;566;COUNTRY;PUBLISHED;Healthy life expectancy (at birth);2019;Nigeria;MALE;54.67803418000000
C64284DWHOSIS_000002;WHOSIS_000002;C64284D;WHOSIS_000002;YEAR;566;COUNTRY;PUBLISHED;Healthy life expectancy (at birth);2020;Nigeria;MALE;54.34486879000000
C64284DWHOSIS_000002;WHOSIS_000002;C64284D;WHOSIS_000002;YEAR;566;COUNTRY;PUBLISHED;Healthy life expectancy (at birth);2020;Nigeria;FEMALE;54.75575363000000
C64284DWHOSIS_000002;WHOSIS_000002;C64284D;WHOSIS_000002;YEAR;566;COUNTRY;PUBLISHED;Healthy life expectancy (at birth);2020;Nigeria;TOTAL;54.54076277000000
C64284DWHOSIS_000002;WHOSIS_000002;C64284D;WHOSIS_000002;YEAR;566;COUNTRY;PUBLISHED;Healthy life expectancy (at birth);2021;Nigeria;TOTAL;54.94979444000000
C64284DWHOSIS_000002;WHOSIS_000002;C64284D;WHOSIS_000002;YEAR;566;COUNTRY;PUBLISHED;Healthy life expectancy (at birth);2021;Nigeria;MALE;54.90533296000000
C64284DWHOSIS_000002;WHOSIS_000002;C64284D;WHOSIS_000002;YEAR;566;COUNTRY;PUBLISHED;Healthy life expectancy (at birth);2021;Nigeria;FEMALE;54.99447402000000
C64284DWHOSIS_000002;WHOSIS_000002;C64284D;WHOSIS_000002;YEAR;604;COUNTRY;PUBLISHED;Healthy life expectancy (at birth);2000;Peru;TOTAL;65.41701554000000
C64284DWHOSIS_000002;WHOSIS_000002;C64284D;WHOSIS_000002;YEAR;604;COUNTRY;PUBLISHED;Healthy life expectancy (at birth);2000;Peru;MALE;64.71433280000000
C64284DWHOSIS_000002;WHOSIS_000002;C64284D;WHOSIS_000002;YEAR;604;COUNTRY;PUBLISHED;Healthy life expectancy (at birth);2000;Peru;FEMALE;66.12821024000000
C64284DWHOSIS_000002;WHOSIS_000002;C64284D;WHOSIS_000002;YEAR;604;COUNTRY;PUBLISHED;Healthy life expectancy (at birth);2001;Peru;FEMALE;66.63943974000000
C64284DWHOSIS_000002;WHOSIS_000002;C64284D;WHOSIS_000002;YEAR;604;COUNTRY;PUBLISHED;Healthy life expectancy (at birth);2001;Peru;MALE;65.56879669000000
C64284DWHOSIS_000002;WHOSIS_000002;C64284D;WHOSIS_000002;YEAR;604;COUNTRY;PUBLISHED;Healthy life expectancy (at birth);2001;Peru;TOTAL;66.09935153000000
C64284DWHOSIS_000002;WHOSIS_000002;C64284D;WHOSIS_000002;YEAR;604;COUNTRY;PUBLISHED;Healthy life expectancy (at birth);2002;Peru;FEMALE;66.59831034000000
C64284DWHOSIS_000002;WHOSIS_000002;C64284D;WHOSIS_000002;YEAR;604;COUNTRY;PUBLISHED;Healthy life expectancy (at birth);2002;Peru;TOTAL;66.28654290000000
C64284DWHOSIS_000002;WHOSIS_000002;C64284D;WHOSIS_000002;YEAR;604;COUNTRY;PUBLISHED;Healthy life expectancy (at birth);2002;Peru;MALE;65.99517482000000
C64284DWHOSIS_000002;WHOSIS_000002;C64284D;WHOSIS_000002;YEAR;604;COUNTRY;PUBLISHED;Healthy life expectancy (at birth);2003;Peru;FEMALE;66.78425862000000
C64284DWHOSIS_000002;WHOSIS_000002;C64284D;WHOSIS_000002;YEAR;604;COUNTRY;PUBLISHED;Healthy life expectancy (at birth);2003;Peru;MALE;66.22336506000000
C64284DWHOSIS_000002;WHOSIS_000002;C64284D;WHOSIS_000002;YEAR;604;COUNTRY;PUBLISHED;Healthy life expectancy (at birth);2003;Peru;TOTAL;66.49190624000000
C64284DWHOSIS_000002;WHOSIS_000002;C64284D;WHOSIS_000002;YEAR;604;COUNTRY;PUBLISHED;Healthy life expectancy (at birth);2004;Peru;TOTAL;67.01700444000000
C64284DWHOSIS_000002;WHOSIS_000002;C64284D;WHOSIS_000002;YEAR;604;COUNTRY;PUBLISHED;Healthy life expectancy (at birth);2004;Peru;FEMALE;67.40646944000000
C64284DWHOSIS_000002;WHOSIS_000002;C64284D;WHOSIS_000002;YEAR;604;COUNTRY;PUBLISHED;Healthy life expectancy (at birth);2004;Peru;MALE;66.64767340000000
C64284DWHOSIS_000002;WHOSIS_000002;C64284D;WHOSIS_000002;YEAR;604;COUNTRY;PUBLISHED;Healthy life expectancy (at birth);2005;Peru;TOTAL;67.45731073000000
C64284DWHOSIS_000002;WHOSIS_000002;C64284D;WHOSIS_000002;YEAR;604;COUNTRY;PUBLISHED;Healthy life expectancy (at birth);2005;Peru;MALE;67.13939970000000
C64284DWHOSIS_000002;WHOSIS_000002;C64284D;WHOSIS_000002;YEAR;604;COUNTRY;PUBLISHED;Healthy life expectancy (at birth);2005;Peru;FEMALE;67.79460057000000
C64284DWHOSIS_000002;WHOSIS_000002;C64284D;WHOSIS_000002;YEAR;604;COUNTRY;PUBLISHED;Healthy life expectancy (at birth);2006;Peru;TOTAL;67.92391917000000
C64284DWHOSIS_000002;WHOSIS_000002;C64284D;WHOSIS_000002;YEAR;604;COUNTRY;PUBLISHED;Healthy life expectancy (at birth);2006;Peru;MALE;67.52578368000000
C64284DWHOSIS_000002;WHOSIS_000002;C64284D;WHOSIS_000002;YEAR;604;COUNTRY;PUBLISHED;Healthy life expectancy (at birth);2006;Peru;FEMALE;68.34069888000000
C64284DWHOSIS_000002;WHOSIS_000002;C64284D;WHOSIS_000002;YEAR;604;COUNTRY;PUBLISHED;Healthy life expectancy (at birth);2007;Peru;TOTAL;68.39626364000000
C64284DWHOSIS_000002;WHOSIS_000002;C64284D;WHOSIS_000002;YEAR;604;COUNTRY;PUBLISHED;Healthy life expectancy (at birth);2007;Peru;FEMALE;68.89678619000000
C64284DWHOSIS_000002;WHOSIS_000002;C64284D;WHOSIS_000002;YEAR;604;COUNTRY;PUBLISHED;Healthy life expectancy (at birth);2007;Peru;MALE;67.91780248000000
C64284DWHOSIS_000002;WHOSIS_000002;C64284D;WHOSIS_000002;YEAR;604;COUNTRY;PUBLISHED;Healthy life expectancy (at birth);2008;Peru;FEMALE;69.02323246000000
C64284DWHOSIS_000002;WHOSIS_000002;C64284D;WHOSIS_000002;YEAR;604;COUNTRY;PUBLISHED;Healthy life expectancy (at birth);2008;Peru;MALE;68.16902961000000
C64284DWHOSIS_000002;WHOSIS_000002;C64284D;WHOSIS_000002;YEAR;604;COUNTRY;PUBLISHED;Healthy life expectancy (at birth);2008;Peru;TOTAL;68.58710639000000
C64284DWHOSIS_000002;WHOSIS_000002;C64284D;WHOSIS_000002;YEAR;604;COUNTRY;PUBLISHED;Healthy life expectancy (at birth);2009;Peru;MALE;67.65430520000000
C64284DWHOSIS_000002;WHOSIS_000002;C64284D;WHOSIS_000002;YEAR;604;COUNTRY;PUBLISHED;Healthy life expectancy (at birth);2009;Peru;TOTAL;68.07115279000000
C64284DWHOSIS_000002;WHOSIS_000002;C64284D;WHOSIS_000002;YEAR;604;COUNTRY;PUBLISHED;Healthy life expectancy (at birth);2009;Peru;FEMALE;68.50417493000000
C64284DWHOSIS_000002;WHOSIS_000002;C64284D;WHOSIS_000002;YEAR;604;COUNTRY;PUBLISHED;Healthy life expectancy (at birth);2010;Peru;TOTAL;68.18074000000000
C64284DWHOSIS_000002;WHOSIS_000002;C64284D;WHOSIS_000002;YEAR;604;COUNTRY;PUBLISHED;Healthy life expectancy (at birth);2010;Peru;FEMALE;68.64210168000000
C64284DWHOSIS_000002;WHOSIS_000002;C64284D;WHOSIS_000002;YEAR;604;COUNTRY;PUBLISHED;Healthy life expectancy (at birth);2010;Peru;MALE;67.73293114000000
C64284DWHOSIS_000002;WHOSIS_000002;C64284D;WHOSIS_000002;YEAR;604;COUNTRY;PUBLISHED;Healthy life expectancy (at birth);2011;Peru;FEMALE;68.99351970000000
C64284DWHOSIS_000002;WHOSIS_000002;C64284D;WHOSIS_000002;YEAR;604;COUNTRY;PUBLISHED;Healthy life expectancy (at birth);2011;Peru;TOTAL;68.53336165000000
C64284DWHOSIS_000002;WHOSIS_000002;C64284D;WHOSIS_000002;YEAR;604;COUNTRY;PUBLISHED;Healthy life expectancy (at birth);2011;Peru;MALE;68.08445309000000
C64284DWHOSIS_000002;WHOSIS_000002;C64284D;WHOSIS_000002;YEAR;604;COUNTRY;PUBLISHED;Healthy life expectancy (at birth);2012;Peru;FEMALE;69.26881413000000
C64284DWHOSIS_000002;WHOSIS_000002;C64284D;WHOSIS_000002;YEAR;604;COUNTRY;PUBLISHED;Healthy life expectancy (at birth);2012;Peru;TOTAL;68.84228070000000
C64284DWHOSIS_000002;WHOSIS_000002;C64284D;WHOSIS_000002;YEAR;604;COUNTRY;PUBLISHED;Healthy life expectancy (at birth);2012;Peru;MALE;68.42249427000000
C64284DWHOSIS_000002;WHOSIS_000002;C64284D;WHOSIS_000002;YEAR;604;COUNTRY;PUBLISHED;Healthy life expectancy (at birth);2013;Peru;MALE;68.83600750000000
C64284DWHOSIS_000002;WHOSIS_000002;C64284D;WHOSIS_000002;YEAR;604;COUNTRY;PUBLISHED;Healthy life expectancy (at birth);2013;Peru;TOTAL;69.21246488000000
C64284DWHOSIS_000002;WHOSIS_000002;C64284D;WHOSIS_000002;YEAR;604;COUNTRY;PUBLISHED;Healthy life expectancy (at birth);2013;Peru;FEMALE;69.59088326000000
C64284DWHOSIS_000002;WHOSIS_000002;C64284D;WHOSIS_000002;YEAR;604;COUNTRY;PUBLISHED;Healthy life expectancy (at birth);2014;Peru;TOTAL;69.61672479000000
C64284DWHOSIS_000002;WHOSIS_000002;C64284D;WHOSIS_000002;YEAR;604;COUNTRY;PUBLISHED;Healthy life expectancy (at birth);2014;Peru;MALE;69.23381433000000
C64284DWHOSIS_000002;WHOSIS_000002;C64284D;WHOSIS_000002;YEAR;604;COUNTRY;PUBLISHED;Healthy life expectancy (at birth);2014;Peru;FEMALE;69.99737810000000
C64284DWHOSIS_000002;WHOSIS_000002;C64284D;WHOSIS_000002;YEAR;604;COUNTRY;PUBLISHED;Healthy life expectancy (at birth);2015;Peru;TOTAL;69.88473592000000
C64284DWHOSIS_000002;WHOSIS_000002;C64284D;WHOSIS_000002;YEAR;604;COUNTRY;PUBLISHED;Healthy life expectancy (at birth);2015;Peru;FEMALE;70.32450313000000
C64284DWHOSIS_000002;WHOSIS_000002;C64284D;WHOSIS_000002;YEAR;604;COUNTRY;PUBLISHED;Healthy life expectancy (at birth);2015;Peru;MALE;69.44075909000000
C64284DWHOSIS_000002;WHOSIS_000002;C64284D;WHOSIS_000002;YEAR;604;COUNTRY;PUBLISHED;Healthy life expectancy (at birth);2016;Peru;TOTAL;69.77767781000000
C64284DWHOSIS_000002;WHOSIS_000002;C64284D;WHOSIS_000002;YEAR;604;COUNTRY;PUBLISHED;Healthy life expectancy (at birth);2016;Peru;MALE;69.29344256000000
C64284DWHOSIS_000002;WHOSIS_000002;C64284D;WHOSIS_000002;YEAR;604;COUNTRY;PUBLISHED;Healthy life expectancy (at birth);2016;Peru;FEMALE;70.25883911000000
C64284DWHOSIS_000002;WHOSIS_000002;C64284D;WHOSIS_000002;YEAR;604;COUNTRY;PUBLISHED;Healthy life expectancy (at birth);2017;Peru;MALE;68.83623227000000
C64284DWHOSIS_000002;WHOSIS_000002;C64284D;WHOSIS_000002;YEAR;604;COUNTRY;PUBLISHED;Healthy life expectancy (at birth);2017;Peru;FEMALE;69.54526741000000
C64284DWHOSIS_000002;WHOSIS_000002;C64284D;WHOSIS_000002;YEAR;604;COUNTRY;PUBLISHED;Healthy life expectancy (at birth);2017;Peru;TOTAL;69.19344583000000
C64284DWHOSIS_000002;WHOSIS_000002;C64284D;WHOSIS_000002;YEAR;604;COUNTRY;PUBLISHED;Healthy life expectancy (at birth);2018;Peru;FEMALE;69.26663098000000
C64284DWHOSIS_000002;WHOSIS_000002;C64284D;WHOSIS_000002;YEAR;604;COUNTRY;PUBLISHED;Healthy life expectancy (at birth);2018;Peru;MALE;68.58257469000000
C64284DWHOSIS_000002;WHOSIS_000002;C64284D;WHOSIS_000002;YEAR;604;COUNTRY;PUBLISHED;Healthy life expectancy (at birth);2018;Peru;TOTAL;68.92692217000000
C64284DWHOSIS_000002;WHOSIS_000002;C64284D;WHOSIS_000002;YEAR;604;COUNTRY;PUBLISHED;Healthy life expectancy (at birth);2019;Peru;MALE;67.96621623000000
C64284DWHOSIS_000002;WHOSIS_000002;C64284D;WHOSIS_000002;YEAR;604;COUNTRY;PUBLISHED;Healthy life expectancy (at birth);2019;Peru;FEMALE;68.85956279000000
C64284DWHOSIS_000002;WHOSIS_000002;C64284D;WHOSIS_000002;YEAR;604;COUNTRY;PUBLISHED;Healthy life expectancy (at birth);2019;Peru;TOTAL;68.41484707000000
C64284DWHOSIS_000002;WHOSIS_000002;C64284D;WHOSIS_000002;YEAR;604;COUNTRY;PUBLISHED;Healthy life expectancy (at birth);2020;Peru;MALE;62.18211934000000
C64284DWHOSIS_000002;WHOSIS_000002;C64284D;WHOSIS_000002;YEAR;604;COUNTRY;PUBLISHED;Healthy life expectancy (at birth);2020;Peru;TOTAL;63.90066449000000
C64284DWHOSIS_000002;WHOSIS_000002;C64284D;WHOSIS_000002;YEAR;604;COUNTRY;PUBLISHED;Healthy life expectancy (at birth);2020;Peru;FEMALE;66.02418509000000
C64284DWHOSIS_000002;WHOSIS_000002;C64284D;WHOSIS_000002;YEAR;604;COUNTRY;PUBLISHED;Healthy life expectancy (at birth);2021;Peru;FEMALE;64.54779803000000
C64284DWHOSIS_000002;WHOSIS_000002;C64284D;WHOSIS_000002;YEAR;604;COUNTRY;PUBLISHED;Healthy life expectancy (at birth);2021;Peru;MALE;61.61270779000000
C64284DWHOSIS_000002;WHOSIS_000002;C64284D;WHOSIS_000002;YEAR;604;COUNTRY;PUBLISHED;Healthy life expectancy (at birth);2021;Peru;TOTAL;62.98693141000000
C64284DWHOSIS_000002;WHOSIS_000002;C64284D;WHOSIS_000002;YEAR;410;COUNTRY;PUBLISHED;Healthy life expectancy (at birth);2000;Republic of Korea;FEMALE;68.95858941000000
C64284DWHOSIS_000002;WHOSIS_000002;C64284D;WHOSIS_000002;YEAR;410;COUNTRY;PUBLISHED;Healthy life expectancy (at birth);2000;Republic of Korea;MALE;64.04444161000000
C64284DWHOSIS_000002;WHOSIS_000002;C64284D;WHOSIS_000002;YEAR;410;COUNTRY;PUBLISHED;Healthy life expectancy (at birth);2000;Republic of Korea;TOTAL;66.55257842000000
C64284DWHOSIS_000002;WHOSIS_000002;C64284D;WHOSIS_000002;YEAR;410;COUNTRY;PUBLISHED;Healthy life expectancy (at birth);2001;Republic of Korea;MALE;64.63695076000000
C64284DWHOSIS_000002;WHOSIS_000002;C64284D;WHOSIS_000002;YEAR;410;COUNTRY;PUBLISHED;Healthy life expectancy (at birth);2001;Republic of Korea;FEMALE;69.44568406000000
C64284DWHOSIS_000002;WHOSIS_000002;C64284D;WHOSIS_000002;YEAR;410;COUNTRY;PUBLISHED;Healthy life expectancy (at birth);2001;Republic of Korea;TOTAL;67.10066012000000
C64284DWHOSIS_000002;WHOSIS_000002;C64284D;WHOSIS_000002;YEAR;410;COUNTRY;PUBLISHED;Healthy life expectancy (at birth);2002;Republic of Korea;TOTAL;67.40179382000000
C64284DWHOSIS_000002;WHOSIS_000002;C64284D;WHOSIS_000002;YEAR;410;COUNTRY;PUBLISHED;Healthy life expectancy (at birth);2002;Republic of Korea;MALE;65.05457952000000
C64284DWHOSIS_000002;WHOSIS_000002;C64284D;WHOSIS_000002;YEAR;410;COUNTRY;PUBLISHED;Healthy life expectancy (at birth);2002;Republic of Korea;FEMALE;69.62148702000000
C64284DWHOSIS_000002;WHOSIS_000002;C64284D;WHOSIS_000002;YEAR;410;COUNTRY;PUBLISHED;Healthy life expectancy (at birth);2003;Republic of Korea;TOTAL;67.76749539000000
C64284DWHOSIS_000002;WHOSIS_000002;C64284D;WHOSIS_000002;YEAR;410;COUNTRY;PUBLISHED;Healthy life expectancy (at birth);2003;Republic of Korea;FEMALE;69.96516130000000
C64284DWHOSIS_000002;WHOSIS_000002;C64284D;WHOSIS_000002;YEAR;410;COUNTRY;PUBLISHED;Healthy life expectancy (at birth);2003;Republic of Korea;MALE;65.44162116000000
C64284DWHOSIS_000002;WHOSIS_000002;C64284D;WHOSIS_000002;YEAR;410;COUNTRY;PUBLISHED;Healthy life expectancy (at birth);2004;Republic of Korea;TOTAL;68.14006296000000
C64284DWHOSIS_000002;WHOSIS_000002;C64284D;WHOSIS_000002;YEAR;410;COUNTRY;PUBLISHED;Healthy life expectancy (at birth);2004;Republic of Korea;FEMALE;70.30661192000000
C64284DWHOSIS_000002;WHOSIS_000002;C64284D;WHOSIS_000002;YEAR;410;COUNTRY;PUBLISHED;Healthy life expectancy (at birth);2004;Republic of Korea;MALE;65.84802294000000
C64284DWHOSIS_000002;WHOSIS_000002;C64284D;WHOSIS_000002;YEAR;410;COUNTRY;PUBLISHED;Healthy life expectancy (at birth);2005;Republic of Korea;TOTAL;68.47206168000000
C64284DWHOSIS_000002;WHOSIS_000002;C64284D;WHOSIS_000002;YEAR;410;COUNTRY;PUBLISHED;Healthy life expectancy (at birth);2005;Republic of Korea;MALE;66.27899234000000
C64284DWHOSIS_000002;WHOSIS_000002;C64284D;WHOSIS_000002;YEAR;410;COUNTRY;PUBLISHED;Healthy life expectancy (at birth);2005;Republic of Korea;FEMALE;70.51829559000000
C64284DWHOSIS_000002;WHOSIS_000002;C64284D;WHOSIS_000002;YEAR;410;COUNTRY;PUBLISHED;Healthy life expectancy (at birth);2006;Republic of Korea;FEMALE;70.96189575000000
C64284DWHOSIS_000002;WHOSIS_000002;C64284D;WHOSIS_000002;YEAR;410;COUNTRY;PUBLISHED;Healthy life expectancy (at birth);2006;Republic of Korea;MALE;66.74016468000000
C64284DWHOSIS_000002;WHOSIS_000002;C64284D;WHOSIS_000002;YEAR;410;COUNTRY;PUBLISHED;Healthy life expectancy (at birth);2006;Republic of Korea;TOTAL;68.92715128000000
C64284DWHOSIS_000002;WHOSIS_000002;C64284D;WHOSIS_000002;YEAR;410;COUNTRY;PUBLISHED;Healthy life expectancy (at birth);2007;Republic of Korea;FEMALE;71.22726322000000
C64284DWHOSIS_000002;WHOSIS_000002;C64284D;WHOSIS_000002;YEAR;410;COUNTRY;PUBLISHED;Healthy life expectancy (at birth);2007;Republic of Korea;TOTAL;69.23425224000000
C64284DWHOSIS_000002;WHOSIS_000002;C64284D;WHOSIS_000002;YEAR;410;COUNTRY;PUBLISHED;Healthy life expectancy (at birth);2007;Republic of Korea;MALE;67.06990418000000
C64284DWHOSIS_000002;WHOSIS_000002;C64284D;WHOSIS_000002;YEAR;410;COUNTRY;PUBLISHED;Healthy life expectancy (at birth);2008;Republic of Korea;FEMALE;71.68241326000000
C64284DWHOSIS_000002;WHOSIS_000002;C64284D;WHOSIS_000002;YEAR;410;COUNTRY;PUBLISHED;Healthy life expectancy (at birth);2008;Republic of Korea;MALE;67.40381483000000
C64284DWHOSIS_000002;WHOSIS_000002;C64284D;WHOSIS_000002;YEAR;410;COUNTRY;PUBLISHED;Healthy life expectancy (at birth);2008;Republic of Korea;TOTAL;69.63209700000000
C64284DWHOSIS_000002;WHOSIS_000002;C64284D;WHOSIS_000002;YEAR;410;COUNTRY;PUBLISHED;Healthy life expectancy (at birth);2009;Republic of Korea;TOTAL;69.96164206000000
C64284DWHOSIS_000002;WHOSIS_000002;C64284D;WHOSIS_000002;YEAR;410;COUNTRY;PUBLISHED;Healthy life expectancy (at birth);2009;Republic of Korea;FEMALE;72.00079747000000
C64284DWHOSIS_000002;WHOSIS_000002;C64284D;WHOSIS_000002;YEAR;410;COUNTRY;PUBLISHED;Healthy life expectancy (at birth);2009;Republic of Korea;MALE;67.73872283000000
C64284DWHOSIS_000002;WHOSIS_000002;C64284D;WHOSIS_000002;YEAR;410;COUNTRY;PUBLISHED;Healthy life expectancy (at birth);2010;Republic of Korea;MALE;67.88569784000000
C64284DWHOSIS_000002;WHOSIS_000002;C64284D;WHOSIS_000002;YEAR;410;COUNTRY;PUBLISHED;Healthy life expectancy (at birth);2010;Republic of Korea;FEMALE;72.16236874000000
C64284DWHOSIS_000002;WHOSIS_000002;C64284D;WHOSIS_000002;YEAR;410;COUNTRY;PUBLISHED;Healthy life expectancy (at birth);2010;Republic of Korea;TOTAL;70.11061970000000
C64284DWHOSIS_000002;WHOSIS_000002;C64284D;WHOSIS_000002;YEAR;410;COUNTRY;PUBLISHED;Healthy life expectancy (at birth);2011;Republic of Korea;FEMALE;72.43617333000000
C64284DWHOSIS_000002;WHOSIS_000002;C64284D;WHOSIS_000002;YEAR;410;COUNTRY;PUBLISHED;Healthy life expectancy (at birth);2011;Republic of Korea;TOTAL;70.41507353000000
C64284DWHOSIS_000002;WHOSIS_000002;C64284D;WHOSIS_000002;YEAR;410;COUNTRY;PUBLISHED;Healthy life expectancy (at birth);2011;Republic of Korea;MALE;68.21768755000000
C64284DWHOSIS_000002;WHOSIS_000002;C64284D;WHOSIS_000002;YEAR;410;COUNTRY;PUBLISHED;Healthy life expectancy (at birth);2012;Republic of Korea;TOTAL;70.55709294000000
C64284DWHOSIS_000002;WHOSIS_000002;C64284D;WHOSIS_000002;YEAR;410;COUNTRY;PUBLISHED;Healthy life expectancy (at birth);2012;Republic of Korea;MALE;68.42316939000000
C64284DWHOSIS_000002;WHOSIS_000002;C64284D;WHOSIS_000002;YEAR;410;COUNTRY;PUBLISHED;Healthy life expectancy (at birth);2012;Republic of Korea;FEMALE;72.51831647000000
C64284DWHOSIS_000002;WHOSIS_000002;C64284D;WHOSIS_000002;YEAR;410;COUNTRY;PUBLISHED;Healthy life expectancy (at birth);2013;Republic of Korea;TOTAL;70.93838221000000
C64284DWHOSIS_000002;WHOSIS_000002;C64284D;WHOSIS_000002;YEAR;410;COUNTRY;PUBLISHED;Healthy life expectancy (at birth);2013;Republic of Korea;MALE;68.86011426000000
C64284DWHOSIS_000002;WHOSIS_000002;C64284D;WHOSIS_000002;YEAR;410;COUNTRY;PUBLISHED;Healthy life expectancy (at birth);2013;Republic of Korea;FEMALE;72.82530182000000
C64284DWHOSIS_000002;WHOSIS_000002;C64284D;WHOSIS_000002;YEAR;410;COUNTRY;PUBLISHED;Healthy life expectancy (at birth);2014;Republic of Korea;FEMALE;73.11212185000000
C64284DWHOSIS_000002;WHOSIS_000002;C64284D;WHOSIS_000002;YEAR;410;COUNTRY;PUBLISHED;Healthy life expectancy (at birth);2014;Republic of Korea;MALE;69.22524496000000
C64284DWHOSIS_000002;WHOSIS_000002;C64284D;WHOSIS_000002;YEAR;410;COUNTRY;PUBLISHED;Healthy life expectancy (at birth);2014;Republic of Korea;TOTAL;71.26815504000000
C64284DWHOSIS_000002;WHOSIS_000002;C64284D;WHOSIS_000002;YEAR;410;COUNTRY;PUBLISHED;Healthy life expectancy (at birth);2015;Republic of Korea;MALE;69.48949209000000
C64284DWHOSIS_000002;WHOSIS_000002;C64284D;WHOSIS_000002;YEAR;410;COUNTRY;PUBLISHED;Healthy life expectancy (at birth);2015;Republic of Korea;FEMALE;73.21460492000000
C64284DWHOSIS_000002;WHOSIS_000002;C64284D;WHOSIS_000002;YEAR;410;COUNTRY;PUBLISHED;Healthy life expectancy (at birth);2015;Republic of Korea;TOTAL;71.45146537000000
C64284DWHOSIS_000002;WHOSIS_000002;C64284D;WHOSIS_000002;YEAR;410;COUNTRY;PUBLISHED;Healthy life expectancy (at birth);2016;Republic of Korea;MALE;69.79497250000000
C64284DWHOSIS_000002;WHOSIS_000002;C64284D;WHOSIS_000002;YEAR;410;COUNTRY;PUBLISHED;Healthy life expectancy (at birth);2016;Republic of Korea;FEMALE;73.43450604000000
C64284DWHOSIS_000002;WHOSIS_000002;C64284D;WHOSIS_000002;YEAR;410;COUNTRY;PUBLISHED;Healthy life expectancy (at birth);2016;Republic of Korea;TOTAL;71.71298616000000
C64284DWHOSIS_000002;WHOSIS_000002;C64284D;WHOSIS_000002;YEAR;410;COUNTRY;PUBLISHED;Healthy life expectancy (at birth);2017;Republic of Korea;TOTAL;72.03314242000000
C64284DWHOSIS_000002;WHOSIS_000002;C64284D;WHOSIS_000002;YEAR;410;COUNTRY;PUBLISHED;Healthy life expectancy (at birth);2017;Republic of Korea;FEMALE;73.73307918000000
C64284DWHOSIS_000002;WHOSIS_000002;C64284D;WHOSIS_000002;YEAR;410;COUNTRY;PUBLISHED;Healthy life expectancy (at birth);2017;Republic of Korea;MALE;70.14515954000000
C64284DWHOSIS_000002;WHOSIS_000002;C64284D;WHOSIS_000002;YEAR;410;COUNTRY;PUBLISHED;Healthy life expectancy (at birth);2018;Republic of Korea;MALE;70.25041123000000
C64284DWHOSIS_000002;WHOSIS_000002;C64284D;WHOSIS_000002;YEAR;410;COUNTRY;PUBLISHED;Healthy life expectancy (at birth);2018;Republic of Korea;FEMALE;73.81780459000000
C64284DWHOSIS_000002;WHOSIS_000002;C64284D;WHOSIS_000002;YEAR;410;COUNTRY;PUBLISHED;Healthy life expectancy (at birth);2018;Republic of Korea;TOTAL;72.12304302000000
C64284DWHOSIS_000002;WHOSIS_000002;C64284D;WHOSIS_000002;YEAR;410;COUNTRY;PUBLISHED;Healthy life expectancy (at birth);2019;Republic of Korea;MALE;70.62432990000000
C64284DWHOSIS_000002;WHOSIS_000002;C64284D;WHOSIS_000002;YEAR;410;COUNTRY;PUBLISHED;Healthy life expectancy (at birth);2019;Republic of Korea;TOTAL;72.50021771000000
C64284DWHOSIS_000002;WHOSIS_000002;C64284D;WHOSIS_000002;YEAR;410;COUNTRY;PUBLISHED;Healthy life expectancy (at birth);2019;Republic of Korea;FEMALE;74.18892536000000
C64284DWHOSIS_000002;WHOSIS_000002;C64284D;WHOSIS_000002;YEAR;410;COUNTRY;PUBLISHED;Healthy life expectancy (at birth);2020;Republic of Korea;TOTAL;72.49856636000000
C64284DWHOSIS_000002;WHOSIS_000002;C64284D;WHOSIS_000002;YEAR;410;COUNTRY;PUBLISHED;Healthy life expectancy (at birth);2020;Republic of Korea;FEMALE;74.15522175000000
C64284DWHOSIS_000002;WHOSIS_000002;C64284D;WHOSIS_000002;YEAR;410;COUNTRY;PUBLISHED;Healthy life expectancy (at birth);2020;Republic of Korea;MALE;70.65481327000000
C64284DWHOSIS_000002;WHOSIS_000002;C64284D;WHOSIS_000002;YEAR;410;COUNTRY;PUBLISHED;Healthy life expectancy (at birth);2021;Republic of Korea;TOTAL;72.45058607000000
C64284DWHOSIS_000002;WHOSIS_000002;C64284D;WHOSIS_000002;YEAR;410;COUNTRY;PUBLISHED;Healthy life expectancy (at birth);2021;Republic of Korea;FEMALE;74.07038296000000
C64284DWHOSIS_000002;WHOSIS_000002;C64284D;WHOSIS_000002;YEAR;410;COUNTRY;PUBLISHED;Healthy life expectancy (at birth);2021;Republic of Korea;MALE;70.65580786000000
C64284DWHOSIS_000002;WHOSIS_000002;C64284D;WHOSIS_000002;YEAR;643;COUNTRY;PUBLISHED;Healthy life expectancy (at birth);2000;Russian Federation;MALE;51.90139484000000
C64284DWHOSIS_000002;WHOSIS_000002;C64284D;WHOSIS_000002;YEAR;643;COUNTRY;PUBLISHED;Healthy life expectancy (at birth);2000;Russian Federation;FEMALE;62.01327471000000
C64284DWHOSIS_000002;WHOSIS_000002;C64284D;WHOSIS_000002;YEAR;643;COUNTRY;PUBLISHED;Healthy life expectancy (at birth);2000;Russian Federation;TOTAL;56.71129914000000
C64284DWHOSIS_000002;WHOSIS_000002;C64284D;WHOSIS_000002;YEAR;643;COUNTRY;PUBLISHED;Healthy life expectancy (at birth);2001;Russian Federation;MALE;51.91452470000000
C64284DWHOSIS_000002;WHOSIS_000002;C64284D;WHOSIS_000002;YEAR;643;COUNTRY;PUBLISHED;Healthy life expectancy (at birth);2001;Russian Federation;FEMALE;61.97045636000000
C64284DWHOSIS_000002;WHOSIS_000002;C64284D;WHOSIS_000002;YEAR;643;COUNTRY;PUBLISHED;Healthy life expectancy (at birth);2001;Russian Federation;TOTAL;56.68730596000000
C64284DWHOSIS_000002;WHOSIS_000002;C64284D;WHOSIS_000002;YEAR;643;COUNTRY;PUBLISHED;Healthy life expectancy (at birth);2002;Russian Federation;FEMALE;61.80935363000000
C64284DWHOSIS_000002;WHOSIS_000002;C64284D;WHOSIS_000002;YEAR;643;COUNTRY;PUBLISHED;Healthy life expectancy (at birth);2002;Russian Federation;TOTAL;56.55989113000000
C64284DWHOSIS_000002;WHOSIS_000002;C64284D;WHOSIS_000002;YEAR;643;COUNTRY;PUBLISHED;Healthy life expectancy (at birth);2002;Russian Federation;MALE;51.85125723000000
C64284DWHOSIS_000002;WHOSIS_000002;C64284D;WHOSIS_000002;YEAR;643;COUNTRY;PUBLISHED;Healthy life expectancy (at birth);2003;Russian Federation;TOTAL;56.51064352000000
C64284DWHOSIS_000002;WHOSIS_000002;C64284D;WHOSIS_000002;YEAR;643;COUNTRY;PUBLISHED;Healthy life expectancy (at birth);2003;Russian Federation;MALE;51.79343053000000
C64284DWHOSIS_000002;WHOSIS_000002;C64284D;WHOSIS_000002;YEAR;643;COUNTRY;PUBLISHED;Healthy life expectancy (at birth);2003;Russian Federation;FEMALE;61.76914177000000
C64284DWHOSIS_000002;WHOSIS_000002;C64284D;WHOSIS_000002;YEAR;643;COUNTRY;PUBLISHED;Healthy life expectancy (at birth);2004;Russian Federation;MALE;52.12225091000000
C64284DWHOSIS_000002;WHOSIS_000002;C64284D;WHOSIS_000002;YEAR;643;COUNTRY;PUBLISHED;Healthy life expectancy (at birth);2004;Russian Federation;FEMALE;62.13049528000000
C64284DWHOSIS_000002;WHOSIS_000002;C64284D;WHOSIS_000002;YEAR;643;COUNTRY;PUBLISHED;Healthy life expectancy (at birth);2004;Russian Federation;TOTAL;56.87482296000000
C64284DWHOSIS_000002;WHOSIS_000002;C64284D;WHOSIS_000002;YEAR;643;COUNTRY;PUBLISHED;Healthy life expectancy (at birth);2005;Russian Federation;TOTAL;56.94903579000000
C64284DWHOSIS_000002;WHOSIS_000002;C64284D;WHOSIS_000002;YEAR;643;COUNTRY;PUBLISHED;Healthy life expectancy (at birth);2005;Russian Federation;FEMALE;62.21322245000000
C64284DWHOSIS_000002;WHOSIS_000002;C64284D;WHOSIS_000002;YEAR;643;COUNTRY;PUBLISHED;Healthy life expectancy (at birth);2005;Russian Federation;MALE;52.18759818000000
C64284DWHOSIS_000002;WHOSIS_000002;C64284D;WHOSIS_000002;YEAR;643;COUNTRY;PUBLISHED;Healthy life expectancy (at birth);2006;Russian Federation;TOTAL;57.99816197000000
C64284DWHOSIS_000002;WHOSIS_000002;C64284D;WHOSIS_000002;YEAR;643;COUNTRY;PUBLISHED;Healthy life expectancy (at birth);2006;Russian Federation;MALE;53.43335269000000
C64284DWHOSIS_000002;WHOSIS_000002;C64284D;WHOSIS_000002;YEAR;643;COUNTRY;PUBLISHED;Healthy life expectancy (at birth);2006;Russian Federation;FEMALE;62.88380511000000
C64284DWHOSIS_000002;WHOSIS_000002;C64284D;WHOSIS_000002;YEAR;643;COUNTRY;PUBLISHED;Healthy life expectancy (at birth);2007;Russian Federation;MALE;54.32075256000000
C64284DWHOSIS_000002;WHOSIS_000002;C64284D;WHOSIS_000002;YEAR;643;COUNTRY;PUBLISHED;Healthy life expectancy (at birth);2007;Russian Federation;TOTAL;58.76613481000000
C64284DWHOSIS_000002;WHOSIS_000002;C64284D;WHOSIS_000002;YEAR;643;COUNTRY;PUBLISHED;Healthy life expectancy (at birth);2007;Russian Federation;FEMALE;63.43486436000000
C64284DWHOSIS_000002;WHOSIS_000002;C64284D;WHOSIS_000002;YEAR;643;COUNTRY;PUBLISHED;Healthy life expectancy (at birth);2008;Russian Federation;TOTAL;59.10538754000000
C64284DWHOSIS_000002;WHOSIS_000002;C64284D;WHOSIS_000002;YEAR;643;COUNTRY;PUBLISHED;Healthy life expectancy (at birth);2008;Russian Federation;FEMALE;63.66218612000000
C64284DWHOSIS_000002;WHOSIS_000002;C64284D;WHOSIS_000002;YEAR;643;COUNTRY;PUBLISHED;Healthy life expectancy (at birth);2008;Russian Federation;MALE;54.74009726000000
C64284DWHOSIS_000002;WHOSIS_000002;C64284D;WHOSIS_000002;YEAR;643;COUNTRY;PUBLISHED;Healthy life expectancy (at birth);2009;Russian Federation;TOTAL;59.74632592000000
C64284DWHOSIS_000002;WHOSIS_000002;C64284D;WHOSIS_000002;YEAR;643;COUNTRY;PUBLISHED;Healthy life expectancy (at birth);2009;Russian Federation;FEMALE;64.05689801000000
C64284DWHOSIS_000002;WHOSIS_000002;C64284D;WHOSIS_000002;YEAR;643;COUNTRY;PUBLISHED;Healthy life expectancy (at birth);2009;Russian Federation;MALE;55.53399991000000
C64284DWHOSIS_000002;WHOSIS_000002;C64284D;WHOSIS_000002;YEAR;643;COUNTRY;PUBLISHED;Healthy life expectancy (at birth);2010;Russian Federation;MALE;55.83374614000000
C64284DWHOSIS_000002;WHOSIS_000002;C64284D;WHOSIS_000002;YEAR;643;COUNTRY;PUBLISHED;Healthy life expectancy (at birth);2010;Russian Federation;FEMALE;64.21989469000000
C64284DWHOSIS_000002;WHOSIS_000002;C64284D;WHOSIS_000002;YEAR;643;COUNTRY;PUBLISHED;Healthy life expectancy (at birth);2010;Russian Federation;TOTAL;59.99400179000000
C64284DWHOSIS_000002;WHOSIS_000002;C64284D;WHOSIS_000002;YEAR;643;COUNTRY;PUBLISHED;Healthy life expectancy (at birth);2011;Russian Federation;FEMALE;64.82515090000000
C64284DWHOSIS_000002;WHOSIS_000002;C64284D;WHOSIS_000002;YEAR;643;COUNTRY;PUBLISHED;Healthy life expectancy (at birth);2011;Russian Federation;MALE;56.68485810000000
C64284DWHOSIS_000002;WHOSIS_000002;C64284D;WHOSIS_000002;YEAR;643;COUNTRY;PUBLISHED;Healthy life expectancy (at birth);2011;Russian Federation;TOTAL;60.75641253000000
C64284DWHOSIS_000002;WHOSIS_000002;C64284D;WHOSIS_000002;YEAR;643;COUNTRY;PUBLISHED;Healthy life expectancy (at birth);2012;Russian Federation;MALE;57.15760165000000
C64284DWHOSIS_000002;WHOSIS_000002;C64284D;WHOSIS_000002;YEAR;643;COUNTRY;PUBLISHED;Healthy life expectancy (at birth);2012;Russian Federation;TOTAL;61.12499705000000
C64284DWHOSIS_000002;WHOSIS_000002;C64284D;WHOSIS_000002;YEAR;643;COUNTRY;PUBLISHED;Healthy life expectancy (at birth);2012;Russian Federation;FEMALE;65.05703468000000
C64284DWHOSIS_000002;WHOSIS_000002;C64284D;WHOSIS_000002;YEAR;643;COUNTRY;PUBLISHED;Healthy life expectancy (at birth);2013;Russian Federation;TOTAL;61.57400401000000
C64284DWHOSIS_000002;WHOSIS_000002;C64284D;WHOSIS_000002;YEAR;643;COUNTRY;PUBLISHED;Healthy life expectancy (at birth);2013;Russian Federation;MALE;57.67151350000000
C64284DWHOSIS_000002;WHOSIS_000002;C64284D;WHOSIS_000002;YEAR;643;COUNTRY;PUBLISHED;Healthy life expectancy (at birth);2013;Russian Federation;FEMALE;65.41646600000000
C64284DWHOSIS_000002;WHOSIS_000002;C64284D;WHOSIS_000002;YEAR;643;COUNTRY;PUBLISHED;Healthy life expectancy (at birth);2014;Russian Federation;FEMALE;65.46108537000000
C64284DWHOSIS_000002;WHOSIS_000002;C64284D;WHOSIS_000002;YEAR;643;COUNTRY;PUBLISHED;Healthy life expectancy (at birth);2014;Russian Federation;MALE;57.74646476000000
C64284DWHOSIS_000002;WHOSIS_000002;C64284D;WHOSIS_000002;YEAR;643;COUNTRY;PUBLISHED;Healthy life expectancy (at birth);2014;Russian Federation;TOTAL;61.62716371000000
C64284DWHOSIS_000002;WHOSIS_000002;C64284D;WHOSIS_000002;YEAR;643;COUNTRY;PUBLISHED;Healthy life expectancy (at birth);2015;Russian Federation;FEMALE;65.74797532000000
C64284DWHOSIS_000002;WHOSIS_000002;C64284D;WHOSIS_000002;YEAR;643;COUNTRY;PUBLISHED;Healthy life expectancy (at birth);2015;Russian Federation;TOTAL;62.14558969000000
C64284DWHOSIS_000002;WHOSIS_000002;C64284D;WHOSIS_000002;YEAR;643;COUNTRY;PUBLISHED;Healthy life expectancy (at birth);2015;Russian Federation;MALE;58.44291963000000
C64284DWHOSIS_000002;WHOSIS_000002;C64284D;WHOSIS_000002;YEAR;643;COUNTRY;PUBLISHED;Healthy life expectancy (at birth);2016;Russian Federation;TOTAL;62.43383170000000
C64284DWHOSIS_000002;WHOSIS_000002;C64284D;WHOSIS_000002;YEAR;643;COUNTRY;PUBLISHED;Healthy life expectancy (at birth);2016;Russian Federation;MALE;58.82244457000000
C64284DWHOSIS_000002;WHOSIS_000002;C64284D;WHOSIS_000002;YEAR;643;COUNTRY;PUBLISHED;Healthy life expectancy (at birth);2016;Russian Federation;FEMALE;65.92647711000000
C64284DWHOSIS_000002;WHOSIS_000002;C64284D;WHOSIS_000002;YEAR;643;COUNTRY;PUBLISHED;Healthy life expectancy (at birth);2017;Russian Federation;MALE;59.69077200000000
C64284DWHOSIS_000002;WHOSIS_000002;C64284D;WHOSIS_000002;YEAR;643;COUNTRY;PUBLISHED;Healthy life expectancy (at birth);2017;Russian Federation;FEMALE;66.42446186000000
C64284DWHOSIS_000002;WHOSIS_000002;C64284D;WHOSIS_000002;YEAR;643;COUNTRY;PUBLISHED;Healthy life expectancy (at birth);2017;Russian Federation;TOTAL;63.14521866000000
C64284DWHOSIS_000002;WHOSIS_000002;C64284D;WHOSIS_000002;YEAR;643;COUNTRY;PUBLISHED;Healthy life expectancy (at birth);2018;Russian Federation;FEMALE;66.52589570000000
C64284DWHOSIS_000002;WHOSIS_000002;C64284D;WHOSIS_000002;YEAR;643;COUNTRY;PUBLISHED;Healthy life expectancy (at birth);2018;Russian Federation;MALE;59.88462147000000
C64284DWHOSIS_000002;WHOSIS_000002;C64284D;WHOSIS_000002;YEAR;643;COUNTRY;PUBLISHED;Healthy life expectancy (at birth);2018;Russian Federation;TOTAL;63.29247239000000
C64284DWHOSIS_000002;WHOSIS_000002;C64284D;WHOSIS_000002;YEAR;643;COUNTRY;PUBLISHED;Healthy life expectancy (at birth);2019;Russian Federation;MALE;60.40777743000000
C64284DWHOSIS_000002;WHOSIS_000002;C64284D;WHOSIS_000002;YEAR;643;COUNTRY;PUBLISHED;Healthy life expectancy (at birth);2019;Russian Federation;FEMALE;66.84167586000000
C64284DWHOSIS_000002;WHOSIS_000002;C64284D;WHOSIS_000002;YEAR;643;COUNTRY;PUBLISHED;Healthy life expectancy (at birth);2019;Russian Federation;TOTAL;63.71704070000000
C64284DWHOSIS_000002;WHOSIS_000002;C64284D;WHOSIS_000002;YEAR;643;COUNTRY;PUBLISHED;Healthy life expectancy (at birth);2020;Russian Federation;FEMALE;65.29588508000000
C64284DWHOSIS_000002;WHOSIS_000002;C64284D;WHOSIS_000002;YEAR;643;COUNTRY;PUBLISHED;Healthy life expectancy (at birth);2020;Russian Federation;MALE;59.02108931000000
C64284DWHOSIS_000002;WHOSIS_000002;C64284D;WHOSIS_000002;YEAR;643;COUNTRY;PUBLISHED;Healthy life expectancy (at birth);2020;Russian Federation;TOTAL;62.21581425000000
C64284DWHOSIS_000002;WHOSIS_000002;C64284D;WHOSIS_000002;YEAR;643;COUNTRY;PUBLISHED;Healthy life expectancy (at birth);2021;Russian Federation;TOTAL;60.93955704000000
C64284DWHOSIS_000002;WHOSIS_000002;C64284D;WHOSIS_000002;YEAR;643;COUNTRY;PUBLISHED;Healthy life expectancy (at birth);2021;Russian Federation;MALE;58.16263545000000
C64284DWHOSIS_000002;WHOSIS_000002;C64284D;WHOSIS_000002;YEAR;643;COUNTRY;PUBLISHED;Healthy life expectancy (at birth);2021;Russian Federation;FEMALE;63.62489832000000
C64284DWHOSIS_000002;WHOSIS_000002;C64284D;WHOSIS_000002;YEAR;686;COUNTRY;PUBLISHED;Healthy life expectancy (at birth);2000;Senegal;MALE;50.56632881000000
C64284DWHOSIS_000002;WHOSIS_000002;C64284D;WHOSIS_000002;YEAR;686;COUNTRY;PUBLISHED;Healthy life expectancy (at birth);2000;Senegal;TOTAL;50.95487440000000
C64284DWHOSIS_000002;WHOSIS_000002;C64284D;WHOSIS_000002;YEAR;686;COUNTRY;PUBLISHED;Healthy life expectancy (at birth);2000;Senegal;FEMALE;51.36977265000000
C64284DWHOSIS_000002;WHOSIS_000002;C64284D;WHOSIS_000002;YEAR;686;COUNTRY;PUBLISHED;Healthy life expectancy (at birth);2001;Senegal;MALE;51.18664640000000
C64284DWHOSIS_000002;WHOSIS_000002;C64284D;WHOSIS_000002;YEAR;686;COUNTRY;PUBLISHED;Healthy life expectancy (at birth);2001;Senegal;FEMALE;51.92903407000000
C64284DWHOSIS_000002;WHOSIS_000002;C64284D;WHOSIS_000002;YEAR;686;COUNTRY;PUBLISHED;Healthy life expectancy (at birth);2001;Senegal;TOTAL;51.54522991000000
C64284DWHOSIS_000002;WHOSIS_000002;C64284D;WHOSIS_000002;YEAR;686;COUNTRY;PUBLISHED;Healthy life expectancy (at birth);2002;Senegal;MALE;51.53861457000000
C64284DWHOSIS_000002;WHOSIS_000002;C64284D;WHOSIS_000002;YEAR;686;COUNTRY;PUBLISHED;Healthy life expectancy (at birth);2002;Senegal;TOTAL;51.99575769000000
C64284DWHOSIS_000002;WHOSIS_000002;C64284D;WHOSIS_000002;YEAR;686;COUNTRY;PUBLISHED;Healthy life expectancy (at birth);2002;Senegal;FEMALE;52.47430254000000
C64284DWHOSIS_000002;WHOSIS_000002;C64284D;WHOSIS_000002;YEAR;686;COUNTRY;PUBLISHED;Healthy life expectancy (at birth);2003;Senegal;MALE;52.54167649000000
C64284DWHOSIS_000002;WHOSIS_000002;C64284D;WHOSIS_000002;YEAR;686;COUNTRY;PUBLISHED;Healthy life expectancy (at birth);2003;Senegal;FEMALE;53.16889064000000
C64284DWHOSIS_000002;WHOSIS_000002;C64284D;WHOSIS_000002;YEAR;686;COUNTRY;PUBLISHED;Healthy life expectancy (at birth);2003;Senegal;TOTAL;52.84384043000000
C64284DWHOSIS_000002;WHOSIS_000002;C64284D;WHOSIS_000002;YEAR;686;COUNTRY;PUBLISHED;Healthy life expectancy (at birth);2004;Senegal;FEMALE;53.83135763000000
C64284DWHOSIS_000002;WHOSIS_000002;C64284D;WHOSIS_000002;YEAR;686;COUNTRY;PUBLISHED;Healthy life expectancy (at birth);2004;Senegal;MALE;53.23993297000000
C64284DWHOSIS_000002;WHOSIS_000002;C64284D;WHOSIS_000002;YEAR;686;COUNTRY;PUBLISHED;Healthy life expectancy (at birth);2004;Senegal;TOTAL;53.52492769000000
C64284DWHOSIS_000002;WHOSIS_000002;C64284D;WHOSIS_000002;YEAR;686;COUNTRY;PUBLISHED;Healthy life expectancy (at birth);2005;Senegal;MALE;53.93447784000000
C64284DWHOSIS_000002;WHOSIS_000002;C64284D;WHOSIS_000002;YEAR;686;COUNTRY;PUBLISHED;Healthy life expectancy (at birth);2005;Senegal;FEMALE;54.49055308000000
C64284DWHOSIS_000002;WHOSIS_000002;C64284D;WHOSIS_000002;YEAR;686;COUNTRY;PUBLISHED;Healthy life expectancy (at birth);2005;Senegal;TOTAL;54.20246683000000
C64284DWHOSIS_000002;WHOSIS_000002;C64284D;WHOSIS_000002;YEAR;686;COUNTRY;PUBLISHED;Healthy life expectancy (at birth);2006;Senegal;MALE;54.50760432000000
C64284DWHOSIS_000002;WHOSIS_000002;C64284D;WHOSIS_000002;YEAR;686;COUNTRY;PUBLISHED;Healthy life expectancy (at birth);2006;Senegal;TOTAL;54.81079452000000
C64284DWHOSIS_000002;WHOSIS_000002;C64284D;WHOSIS_000002;YEAR;686;COUNTRY;PUBLISHED;Healthy life expectancy (at birth);2006;Senegal;FEMALE;55.13091958000000
C64284DWHOSIS_000002;WHOSIS_000002;C64284D;WHOSIS_000002;YEAR;686;COUNTRY;PUBLISHED;Healthy life expectancy (at birth);2007;Senegal;FEMALE;55.86514946000000
C64284DWHOSIS_000002;WHOSIS_000002;C64284D;WHOSIS_000002;YEAR;686;COUNTRY;PUBLISHED;Healthy life expectancy (at birth);2007;Senegal;MALE;55.19498707000000
C64284DWHOSIS_000002;WHOSIS_000002;C64284D;WHOSIS_000002;YEAR;686;COUNTRY;PUBLISHED;Healthy life expectancy (at birth);2007;Senegal;TOTAL;55.52399214000000
C64284DWHOSIS_000002;WHOSIS_000002;C64284D;WHOSIS_000002;YEAR;686;COUNTRY;PUBLISHED;Healthy life expectancy (at birth);2008;Senegal;MALE;55.76696399000000
C64284DWHOSIS_000002;WHOSIS_000002;C64284D;WHOSIS_000002;YEAR;686;COUNTRY;PUBLISHED;Healthy life expectancy (at birth);2008;Senegal;FEMALE;56.50425265000000
C64284DWHOSIS_000002;WHOSIS_000002;C64284D;WHOSIS_000002;YEAR;686;COUNTRY;PUBLISHED;Healthy life expectancy (at birth);2008;Senegal;TOTAL;56.13226963000000
C64284DWHOSIS_000002;WHOSIS_000002;C64284D;WHOSIS_000002;YEAR;686;COUNTRY;PUBLISHED;Healthy life expectancy (at birth);2009;Senegal;TOTAL;56.60626885000000
C64284DWHOSIS_000002;WHOSIS_000002;C64284D;WHOSIS_000002;YEAR;686;COUNTRY;PUBLISHED;Healthy life expectancy (at birth);2009;Senegal;FEMALE;56.97254217000000
C64284DWHOSIS_000002;WHOSIS_000002;C64284D;WHOSIS_000002;YEAR;686;COUNTRY;PUBLISHED;Healthy life expectancy (at birth);2009;Senegal;MALE;56.24330598000000
C64284DWHOSIS_000002;WHOSIS_000002;C64284D;WHOSIS_000002;YEAR;686;COUNTRY;PUBLISHED;Healthy life expectancy (at birth);2010;Senegal;FEMALE;57.34923552000000
C64284DWHOSIS_000002;WHOSIS_000002;C64284D;WHOSIS_000002;YEAR;686;COUNTRY;PUBLISHED;Healthy life expectancy (at birth);2010;Senegal;TOTAL;56.99633812000000
C64284DWHOSIS_000002;WHOSIS_000002;C64284D;WHOSIS_000002;YEAR;686;COUNTRY;PUBLISHED;Healthy life expectancy (at birth);2010;Senegal;MALE;56.64328635000000
C64284DWHOSIS_000002;WHOSIS_000002;C64284D;WHOSIS_000002;YEAR;686;COUNTRY;PUBLISHED;Healthy life expectancy (at birth);2011;Senegal;TOTAL;57.36160479000000
C64284DWHOSIS_000002;WHOSIS_000002;C64284D;WHOSIS_000002;YEAR;686;COUNTRY;PUBLISHED;Healthy life expectancy (at birth);2011;Senegal;FEMALE;57.69244326000000
C64284DWHOSIS_000002;WHOSIS_000002;C64284D;WHOSIS_000002;YEAR;686;COUNTRY;PUBLISHED;Healthy life expectancy (at birth);2011;Senegal;MALE;57.02846695000000
C64284DWHOSIS_000002;WHOSIS_000002;C64284D;WHOSIS_000002;YEAR;686;COUNTRY;PUBLISHED;Healthy life expectancy (at birth);2012;Senegal;MALE;57.38725791000000
C64284DWHOSIS_000002;WHOSIS_000002;C64284D;WHOSIS_000002;YEAR;686;COUNTRY;PUBLISHED;Healthy life expectancy (at birth);2012;Senegal;FEMALE;57.94877530000000
C64284DWHOSIS_000002;WHOSIS_000002;C64284D;WHOSIS_000002;YEAR;686;COUNTRY;PUBLISHED;Healthy life expectancy (at birth);2012;Senegal;TOTAL;57.66918000000000
C64284DWHOSIS_000002;WHOSIS_000002;C64284D;WHOSIS_000002;YEAR;686;COUNTRY;PUBLISHED;Healthy life expectancy (at birth);2013;Senegal;TOTAL;57.96403234000000
C64284DWHOSIS_000002;WHOSIS_000002;C64284D;WHOSIS_000002;YEAR;686;COUNTRY;PUBLISHED;Healthy life expectancy (at birth);2013;Senegal;MALE;57.73187721000000
C64284DWHOSIS_000002;WHOSIS_000002;C64284D;WHOSIS_000002;YEAR;686;COUNTRY;PUBLISHED;Healthy life expectancy (at birth);2013;Senegal;FEMALE;58.19502144000000
C64284DWHOSIS_000002;WHOSIS_000002;C64284D;WHOSIS_000002;YEAR;686;COUNTRY;PUBLISHED;Healthy life expectancy (at birth);2014;Senegal;FEMALE;58.53281935000000
C64284DWHOSIS_000002;WHOSIS_000002;C64284D;WHOSIS_000002;YEAR;686;COUNTRY;PUBLISHED;Healthy life expectancy (at birth);2014;Senegal;TOTAL;58.33150255000000
C64284DWHOSIS_000002;WHOSIS_000002;C64284D;WHOSIS_000002;YEAR;686;COUNTRY;PUBLISHED;Healthy life expectancy (at birth);2014;Senegal;MALE;58.12883791000000
C64284DWHOSIS_000002;WHOSIS_000002;C64284D;WHOSIS_000002;YEAR;686;COUNTRY;PUBLISHED;Healthy life expectancy (at birth);2015;Senegal;MALE;58.46902805000000
C64284DWHOSIS_000002;WHOSIS_000002;C64284D;WHOSIS_000002;YEAR;686;COUNTRY;PUBLISHED;Healthy life expectancy (at birth);2015;Senegal;TOTAL;58.67315950000000
C64284DWHOSIS_000002;WHOSIS_000002;C64284D;WHOSIS_000002;YEAR;686;COUNTRY;PUBLISHED;Healthy life expectancy (at birth);2015;Senegal;FEMALE;58.87293341000000
C64284DWHOSIS_000002;WHOSIS_000002;C64284D;WHOSIS_000002;YEAR;686;COUNTRY;PUBLISHED;Healthy life expectancy (at birth);2016;Senegal;TOTAL;59.01638150000000
C64284DWHOSIS_000002;WHOSIS_000002;C64284D;WHOSIS_000002;YEAR;686;COUNTRY;PUBLISHED;Healthy life expectancy (at birth);2016;Senegal;FEMALE;59.21163129000000
C64284DWHOSIS_000002;WHOSIS_000002;C64284D;WHOSIS_000002;YEAR;686;COUNTRY;PUBLISHED;Healthy life expectancy (at birth);2016;Senegal;MALE;58.81336709000000
C64284DWHOSIS_000002;WHOSIS_000002;C64284D;WHOSIS_000002;YEAR;686;COUNTRY;PUBLISHED;Healthy life expectancy (at birth);2017;Senegal;MALE;59.09265337000000
C64284DWHOSIS_000002;WHOSIS_000002;C64284D;WHOSIS_000002;YEAR;686;COUNTRY;PUBLISHED;Healthy life expectancy (at birth);2017;Senegal;TOTAL;59.31616584000000
C64284DWHOSIS_000002;WHOSIS_000002;C64284D;WHOSIS_000002;YEAR;686;COUNTRY;PUBLISHED;Healthy life expectancy (at birth);2017;Senegal;FEMALE;59.52727649000000
C64284DWHOSIS_000002;WHOSIS_000002;C64284D;WHOSIS_000002;YEAR;686;COUNTRY;PUBLISHED;Healthy life expectancy (at birth);2018;Senegal;MALE;59.36876638000000
C64284DWHOSIS_000002;WHOSIS_000002;C64284D;WHOSIS_000002;YEAR;686;COUNTRY;PUBLISHED;Healthy life expectancy (at birth);2018;Senegal;TOTAL;59.59378834000000
C64284DWHOSIS_000002;WHOSIS_000002;C64284D;WHOSIS_000002;YEAR;686;COUNTRY;PUBLISHED;Healthy life expectancy (at birth);2018;Senegal;FEMALE;59.80396668000000
C64284DWHOSIS_000002;WHOSIS_000002;C64284D;WHOSIS_000002;YEAR;686;COUNTRY;PUBLISHED;Healthy life expectancy (at birth);2019;Senegal;TOTAL;59.87235176000000
C64284DWHOSIS_000002;WHOSIS_000002;C64284D;WHOSIS_000002;YEAR;686;COUNTRY;PUBLISHED;Healthy life expectancy (at birth);2019;Senegal;MALE;59.62043743000000
C64284DWHOSIS_000002;WHOSIS_000002;C64284D;WHOSIS_000002;YEAR;686;COUNTRY;PUBLISHED;Healthy life expectancy (at birth);2019;Senegal;FEMALE;60.10558187000000
C64284DWHOSIS_000002;WHOSIS_000002;C64284D;WHOSIS_000002;YEAR;686;COUNTRY;PUBLISHED;Healthy life expectancy (at birth);2020;Senegal;TOTAL;59.63305896000000
C64284DWHOSIS_000002;WHOSIS_000002;C64284D;WHOSIS_000002;YEAR;686;COUNTRY;PUBLISHED;Healthy life expectancy (at birth);2020;Senegal;FEMALE;60.03114146000000
C64284DWHOSIS_000002;WHOSIS_000002;C64284D;WHOSIS_000002;YEAR;686;COUNTRY;PUBLISHED;Healthy life expectancy (at birth);2020;Senegal;MALE;59.19714305000000
C64284DWHOSIS_000002;WHOSIS_000002;C64284D;WHOSIS_000002;YEAR;686;COUNTRY;PUBLISHED;Healthy life expectancy (at birth);2021;Senegal;TOTAL;58.90300084000000
C64284DWHOSIS_000002;WHOSIS_000002;C64284D;WHOSIS_000002;YEAR;686;COUNTRY;PUBLISHED;Healthy life expectancy (at birth);2021;Senegal;FEMALE;59.18867755000000
C64284DWHOSIS_000002;WHOSIS_000002;C64284D;WHOSIS_000002;YEAR;686;COUNTRY;PUBLISHED;Healthy life expectancy (at birth);2021;Senegal;MALE;58.58459990000000
C64284DWHOSIS_000002;WHOSIS_000002;C64284D;WHOSIS_000002;YEAR;710;COUNTRY;PUBLISHED;Healthy life expectancy (at birth);2000;South Africa;TOTAL;49.40035764000000
C64284DWHOSIS_000002;WHOSIS_000002;C64284D;WHOSIS_000002;YEAR;710;COUNTRY;PUBLISHED;Healthy life expectancy (at birth);2000;South Africa;MALE;47.88619909000000
C64284DWHOSIS_000002;WHOSIS_000002;C64284D;WHOSIS_000002;YEAR;710;COUNTRY;PUBLISHED;Healthy life expectancy (at birth);2000;South Africa;FEMALE;50.63426362000000
C64284DWHOSIS_000002;WHOSIS_000002;C64284D;WHOSIS_000002;YEAR;710;COUNTRY;PUBLISHED;Healthy life expectancy (at birth);2001;South Africa;FEMALE;49.27948773000000
C64284DWHOSIS_000002;WHOSIS_000002;C64284D;WHOSIS_000002;YEAR;710;COUNTRY;PUBLISHED;Healthy life expectancy (at birth);2001;South Africa;MALE;47.13213569000000
C64284DWHOSIS_000002;WHOSIS_000002;C64284D;WHOSIS_000002;YEAR;710;COUNTRY;PUBLISHED;Healthy life expectancy (at birth);2001;South Africa;TOTAL;48.34494846000000
C64284DWHOSIS_000002;WHOSIS_000002;C64284D;WHOSIS_000002;YEAR;710;COUNTRY;PUBLISHED;Healthy life expectancy (at birth);2002;South Africa;MALE;46.15431806000000
C64284DWHOSIS_000002;WHOSIS_000002;C64284D;WHOSIS_000002;YEAR;710;COUNTRY;PUBLISHED;Healthy life expectancy (at birth);2002;South Africa;FEMALE;47.71744775000000
C64284DWHOSIS_000002;WHOSIS_000002;C64284D;WHOSIS_000002;YEAR;710;COUNTRY;PUBLISHED;Healthy life expectancy (at birth);2002;South Africa;TOTAL;47.07074324000000
C64284DWHOSIS_000002;WHOSIS_000002;C64284D;WHOSIS_000002;YEAR;710;COUNTRY;PUBLISHED;Healthy life expectancy (at birth);2003;South Africa;MALE;45.27442452000000
C64284DWHOSIS_000002;WHOSIS_000002;C64284D;WHOSIS_000002;YEAR;710;COUNTRY;PUBLISHED;Healthy life expectancy (at birth);2003;South Africa;TOTAL;45.93863664000000
C64284DWHOSIS_000002;WHOSIS_000002;C64284D;WHOSIS_000002;YEAR;710;COUNTRY;PUBLISHED;Healthy life expectancy (at birth);2003;South Africa;FEMALE;46.34014077000000
C64284DWHOSIS_000002;WHOSIS_000002;C64284D;WHOSIS_000002;YEAR;710;COUNTRY;PUBLISHED;Healthy life expectancy (at birth);2004;South Africa;FEMALE;45.57532745000000
C64284DWHOSIS_000002;WHOSIS_000002;C64284D;WHOSIS_000002;YEAR;710;COUNTRY;PUBLISHED;Healthy life expectancy (at birth);2004;South Africa;TOTAL;45.36053684000000
C64284DWHOSIS_000002;WHOSIS_000002;C64284D;WHOSIS_000002;YEAR;710;COUNTRY;PUBLISHED;Healthy life expectancy (at birth);2004;South Africa;MALE;44.88128869000000
C64284DWHOSIS_000002;WHOSIS_000002;C64284D;WHOSIS_000002;YEAR;710;COUNTRY;PUBLISHED;Healthy life expectancy (at birth);2005;South Africa;FEMALE;45.38874216000000
C64284DWHOSIS_000002;WHOSIS_000002;C64284D;WHOSIS_000002;YEAR;710;COUNTRY;PUBLISHED;Healthy life expectancy (at birth);2005;South Africa;TOTAL;45.16339037000000
C64284DWHOSIS_000002;WHOSIS_000002;C64284D;WHOSIS_000002;YEAR;710;COUNTRY;PUBLISHED;Healthy life expectancy (at birth);2005;South Africa;MALE;44.67129516000000
C64284DWHOSIS_000002;WHOSIS_000002;C64284D;WHOSIS_000002;YEAR;710;COUNTRY;PUBLISHED;Healthy life expectancy (at birth);2006;South Africa;FEMALE;45.52262122000000
C64284DWHOSIS_000002;WHOSIS_000002;C64284D;WHOSIS_000002;YEAR;710;COUNTRY;PUBLISHED;Healthy life expectancy (at birth);2006;South Africa;TOTAL;45.21049814000000
C64284DWHOSIS_000002;WHOSIS_000002;C64284D;WHOSIS_000002;YEAR;710;COUNTRY;PUBLISHED;Healthy life expectancy (at birth);2006;South Africa;MALE;44.63327506000000
C64284DWHOSIS_000002;WHOSIS_000002;C64284D;WHOSIS_000002;YEAR;710;COUNTRY;PUBLISHED;Healthy life expectancy (at birth);2007;South Africa;TOTAL;45.85225535000000
C64284DWHOSIS_000002;WHOSIS_000002;C64284D;WHOSIS_000002;YEAR;710;COUNTRY;PUBLISHED;Healthy life expectancy (at birth);2007;South Africa;MALE;45.13559818000000
C64284DWHOSIS_000002;WHOSIS_000002;C64284D;WHOSIS_000002;YEAR;710;COUNTRY;PUBLISHED;Healthy life expectancy (at birth);2007;South Africa;FEMALE;46.30399158000000
C64284DWHOSIS_000002;WHOSIS_000002;C64284D;WHOSIS_000002;YEAR;710;COUNTRY;PUBLISHED;Healthy life expectancy (at birth);2008;South Africa;TOTAL;46.66834195000000
C64284DWHOSIS_000002;WHOSIS_000002;C64284D;WHOSIS_000002;YEAR;710;COUNTRY;PUBLISHED;Healthy life expectancy (at birth);2008;South Africa;FEMALE;47.24857547000000
C64284DWHOSIS_000002;WHOSIS_000002;C64284D;WHOSIS_000002;YEAR;710;COUNTRY;PUBLISHED;Healthy life expectancy (at birth);2008;South Africa;MALE;45.82370958000000
C64284DWHOSIS_000002;WHOSIS_000002;C64284D;WHOSIS_000002;YEAR;710;COUNTRY;PUBLISHED;Healthy life expectancy (at birth);2009;South Africa;MALE;46.81966431000000
C64284DWHOSIS_000002;WHOSIS_000002;C64284D;WHOSIS_000002;YEAR;710;COUNTRY;PUBLISHED;Healthy life expectancy (at birth);2009;South Africa;FEMALE;48.45015919000000
C64284DWHOSIS_000002;WHOSIS_000002;C64284D;WHOSIS_000002;YEAR;710;COUNTRY;PUBLISHED;Healthy life expectancy (at birth);2009;South Africa;TOTAL;47.76768007000000
C64284DWHOSIS_000002;WHOSIS_000002;C64284D;WHOSIS_000002;YEAR;710;COUNTRY;PUBLISHED;Healthy life expectancy (at birth);2010;South Africa;FEMALE;49.99567027000000
C64284DWHOSIS_000002;WHOSIS_000002;C64284D;WHOSIS_000002;YEAR;710;COUNTRY;PUBLISHED;Healthy life expectancy (at birth);2010;South Africa;TOTAL;49.23620874000000
C64284DWHOSIS_000002;WHOSIS_000002;C64284D;WHOSIS_000002;YEAR;710;COUNTRY;PUBLISHED;Healthy life expectancy (at birth);2010;South Africa;MALE;48.20410570000000
C64284DWHOSIS_000002;WHOSIS_000002;C64284D;WHOSIS_000002;YEAR;710;COUNTRY;PUBLISHED;Healthy life expectancy (at birth);2011;South Africa;MALE;49.65355765000000
C64284DWHOSIS_000002;WHOSIS_000002;C64284D;WHOSIS_000002;YEAR;710;COUNTRY;PUBLISHED;Healthy life expectancy (at birth);2011;South Africa;TOTAL;50.83901213000000
C64284DWHOSIS_000002;WHOSIS_000002;C64284D;WHOSIS_000002;YEAR;710;COUNTRY;PUBLISHED;Healthy life expectancy (at birth);2011;South Africa;FEMALE;51.74941978000000
C64284DWHOSIS_000002;WHOSIS_000002;C64284D;WHOSIS_000002;YEAR;710;COUNTRY;PUBLISHED;Healthy life expectancy (at birth);2012;South Africa;FEMALE;53.40247702000000
C64284DWHOSIS_000002;WHOSIS_000002;C64284D;WHOSIS_000002;YEAR;710;COUNTRY;PUBLISHED;Healthy life expectancy (at birth);2012;South Africa;TOTAL;52.22923022000000
C64284DWHOSIS_000002;WHOSIS_000002;C64284D;WHOSIS_000002;YEAR;710;COUNTRY;PUBLISHED;Healthy life expectancy (at birth);2012;South Africa;MALE;50.78840029000000
C64284DWHOSIS_000002;WHOSIS_000002;C64284D;WHOSIS_000002;YEAR;710;COUNTRY;PUBLISHED;Healthy life expectancy (at birth);2013;South Africa;MALE;51.66265157000000
C64284DWHOSIS_000002;WHOSIS_000002;C64284D;WHOSIS_000002;YEAR;710;COUNTRY;PUBLISHED;Healthy life expectancy (at birth);2013;South Africa;TOTAL;53.26840623000000
C64284DWHOSIS_000002;WHOSIS_000002;C64284D;WHOSIS_000002;YEAR;710;COUNTRY;PUBLISHED;Healthy life expectancy (at birth);2013;South Africa;FEMALE;54.61789967000000
C64284DWHOSIS_000002;WHOSIS_000002;C64284D;WHOSIS_000002;YEAR;710;COUNTRY;PUBLISHED;Healthy life expectancy (at birth);2014;South Africa;TOTAL;53.83648312000000
C64284DWHOSIS_000002;WHOSIS_000002;C64284D;WHOSIS_000002;YEAR;710;COUNTRY;PUBLISHED;Healthy life expectancy (at birth);2014;South Africa;FEMALE;55.20921553000000
C64284DWHOSIS_000002;WHOSIS_000002;C64284D;WHOSIS_000002;YEAR;710;COUNTRY;PUBLISHED;Healthy life expectancy (at birth);2014;South Africa;MALE;52.22079358000000
C64284DWHOSIS_000002;WHOSIS_000002;C64284D;WHOSIS_000002;YEAR;710;COUNTRY;PUBLISHED;Healthy life expectancy (at birth);2015;South Africa;MALE;52.61353987000000
C64284DWHOSIS_000002;WHOSIS_000002;C64284D;WHOSIS_000002;YEAR;710;COUNTRY;PUBLISHED;Healthy life expectancy (at birth);2015;South Africa;TOTAL;54.24537473000000
C64284DWHOSIS_000002;WHOSIS_000002;C64284D;WHOSIS_000002;YEAR;710;COUNTRY;PUBLISHED;Healthy life expectancy (at birth);2015;South Africa;FEMALE;55.65311465000000
C64284DWHOSIS_000002;WHOSIS_000002;C64284D;WHOSIS_000002;YEAR;710;COUNTRY;PUBLISHED;Healthy life expectancy (at birth);2016;South Africa;TOTAL;54.74947162000000
C64284DWHOSIS_000002;WHOSIS_000002;C64284D;WHOSIS_000002;YEAR;710;COUNTRY;PUBLISHED;Healthy life expectancy (at birth);2016;South Africa;MALE;53.08098857000000
C64284DWHOSIS_000002;WHOSIS_000002;C64284D;WHOSIS_000002;YEAR;710;COUNTRY;PUBLISHED;Healthy life expectancy (at birth);2016;South Africa;FEMALE;56.20118628000000
C64284DWHOSIS_000002;WHOSIS_000002;C64284D;WHOSIS_000002;YEAR;710;COUNTRY;PUBLISHED;Healthy life expectancy (at birth);2017;South Africa;MALE;53.78171191000000
C64284DWHOSIS_000002;WHOSIS_000002;C64284D;WHOSIS_000002;YEAR;710;COUNTRY;PUBLISHED;Healthy life expectancy (at birth);2017;South Africa;FEMALE;56.89507560000000
C64284DWHOSIS_000002;WHOSIS_000002;C64284D;WHOSIS_000002;YEAR;710;COUNTRY;PUBLISHED;Healthy life expectancy (at birth);2017;South Africa;TOTAL;55.45014033000000
C64284DWHOSIS_000002;WHOSIS_000002;C64284D;WHOSIS_000002;YEAR;710;COUNTRY;PUBLISHED;Healthy life expectancy (at birth);2018;South Africa;MALE;54.24615932000000
C64284DWHOSIS_000002;WHOSIS_000002;C64284D;WHOSIS_000002;YEAR;710;COUNTRY;PUBLISHED;Healthy life expectancy (at birth);2018;South Africa;TOTAL;55.90368750000000
C64284DWHOSIS_000002;WHOSIS_000002;C64284D;WHOSIS_000002;YEAR;710;COUNTRY;PUBLISHED;Healthy life expectancy (at birth);2018;South Africa;FEMALE;57.34303467000000
C64284DWHOSIS_000002;WHOSIS_000002;C64284D;WHOSIS_000002;YEAR;710;COUNTRY;PUBLISHED;Healthy life expectancy (at birth);2019;South Africa;FEMALE;57.72860198000000
C64284DWHOSIS_000002;WHOSIS_000002;C64284D;WHOSIS_000002;YEAR;710;COUNTRY;PUBLISHED;Healthy life expectancy (at birth);2019;South Africa;MALE;54.65424951000000
C64284DWHOSIS_000002;WHOSIS_000002;C64284D;WHOSIS_000002;YEAR;710;COUNTRY;PUBLISHED;Healthy life expectancy (at birth);2019;South Africa;TOTAL;56.29404412000000
C64284DWHOSIS_000002;WHOSIS_000002;C64284D;WHOSIS_000002;YEAR;710;COUNTRY;PUBLISHED;Healthy life expectancy (at birth);2020;South Africa;FEMALE;55.91991043000000
C64284DWHOSIS_000002;WHOSIS_000002;C64284D;WHOSIS_000002;YEAR;710;COUNTRY;PUBLISHED;Healthy life expectancy (at birth);2020;South Africa;TOTAL;55.03596828000000
C64284DWHOSIS_000002;WHOSIS_000002;C64284D;WHOSIS_000002;YEAR;710;COUNTRY;PUBLISHED;Healthy life expectancy (at birth);2020;South Africa;MALE;54.08950457000000
C64284DWHOSIS_000002;WHOSIS_000002;C64284D;WHOSIS_000002;YEAR;710;COUNTRY;PUBLISHED;Healthy life expectancy (at birth);2021;South Africa;TOTAL;52.75708232000000
C64284DWHOSIS_000002;WHOSIS_000002;C64284D;WHOSIS_000002;YEAR;710;COUNTRY;PUBLISHED;Healthy life expectancy (at birth);2021;South Africa;MALE;51.66905251000000
C64284DWHOSIS_000002;WHOSIS_000002;C64284D;WHOSIS_000002;YEAR;710;COUNTRY;PUBLISHED;Healthy life expectancy (at birth);2021;South Africa;FEMALE;53.79634979000000
C64284DWHOSIS_000002;WHOSIS_000002;C64284D;WHOSIS_000002;YEAR;724;COUNTRY;PUBLISHED;Healthy life expectancy (at birth);2000;Spain;FEMALE;70.70272405000000
C64284DWHOSIS_000002;WHOSIS_000002;C64284D;WHOSIS_000002;YEAR;724;COUNTRY;PUBLISHED;Healthy life expectancy (at birth);2000;Spain;MALE;67.05005975000000
C64284DWHOSIS_000002;WHOSIS_000002;C64284D;WHOSIS_000002;YEAR;724;COUNTRY;PUBLISHED;Healthy life expectancy (at birth);2000;Spain;TOTAL;68.88623415000000
C64284DWHOSIS_000002;WHOSIS_000002;C64284D;WHOSIS_000002;YEAR;724;COUNTRY;PUBLISHED;Healthy life expectancy (at birth);2001;Spain;MALE;67.31653511000000
C64284DWHOSIS_000002;WHOSIS_000002;C64284D;WHOSIS_000002;YEAR;724;COUNTRY;PUBLISHED;Healthy life expectancy (at birth);2001;Spain;TOTAL;69.12361489000000
C64284DWHOSIS_000002;WHOSIS_000002;C64284D;WHOSIS_000002;YEAR;724;COUNTRY;PUBLISHED;Healthy life expectancy (at birth);2001;Spain;FEMALE;70.90686730000000
C64284DWHOSIS_000002;WHOSIS_000002;C64284D;WHOSIS_000002;YEAR;724;COUNTRY;PUBLISHED;Healthy life expectancy (at birth);2002;Spain;FEMALE;70.94105956000000
C64284DWHOSIS_000002;WHOSIS_000002;C64284D;WHOSIS_000002;YEAR;724;COUNTRY;PUBLISHED;Healthy life expectancy (at birth);2002;Spain;MALE;67.41804478000000
C64284DWHOSIS_000002;WHOSIS_000002;C64284D;WHOSIS_000002;YEAR;724;COUNTRY;PUBLISHED;Healthy life expectancy (at birth);2002;Spain;TOTAL;69.18915575000000
C64284DWHOSIS_000002;WHOSIS_000002;C64284D;WHOSIS_000002;YEAR;724;COUNTRY;PUBLISHED;Healthy life expectancy (at birth);2003;Spain;TOTAL;69.12644317000000
C64284DWHOSIS_000002;WHOSIS_000002;C64284D;WHOSIS_000002;YEAR;724;COUNTRY;PUBLISHED;Healthy life expectancy (at birth);2003;Spain;FEMALE;70.80510326000000
C64284DWHOSIS_000002;WHOSIS_000002;C64284D;WHOSIS_000002;YEAR;724;COUNTRY;PUBLISHED;Healthy life expectancy (at birth);2003;Spain;MALE;67.43110064000000
C64284DWHOSIS_000002;WHOSIS_000002;C64284D;WHOSIS_000002;YEAR;724;COUNTRY;PUBLISHED;Healthy life expectancy (at birth);2004;Spain;TOTAL;69.52670598000000
C64284DWHOSIS_000002;WHOSIS_000002;C64284D;WHOSIS_000002;YEAR;724;COUNTRY;PUBLISHED;Healthy life expectancy (at birth);2004;Spain;FEMALE;71.19155877000000
C64284DWHOSIS_000002;WHOSIS_000002;C64284D;WHOSIS_000002;YEAR;724;COUNTRY;PUBLISHED;Healthy life expectancy (at birth);2004;Spain;MALE;67.83483538000000
C64284DWHOSIS_000002;WHOSIS_000002;C64284D;WHOSIS_000002;YEAR;724;COUNTRY;PUBLISHED;Healthy life expectancy (at birth);2005;Spain;TOTAL;69.53403426000000
C64284DWHOSIS_000002;WHOSIS_000002;C64284D;WHOSIS_000002;YEAR;724;COUNTRY;PUBLISHED;Healthy life expectancy (at birth);2005;Spain;MALE;67.90319812000000
C64284DWHOSIS_000002;WHOSIS_000002;C64284D;WHOSIS_000002;YEAR;724;COUNTRY;PUBLISHED;Healthy life expectancy (at birth);2005;Spain;FEMALE;71.14467076000000
C64284DWHOSIS_000002;WHOSIS_000002;C64284D;WHOSIS_000002;YEAR;724;COUNTRY;PUBLISHED;Healthy life expectancy (at birth);2006;Spain;MALE;68.42812855000000
C64284DWHOSIS_000002;WHOSIS_000002;C64284D;WHOSIS_000002;YEAR;724;COUNTRY;PUBLISHED;Healthy life expectancy (at birth);2006;Spain;FEMALE;71.51087603000000
C64284DWHOSIS_000002;WHOSIS_000002;C64284D;WHOSIS_000002;YEAR;724;COUNTRY;PUBLISHED;Healthy life expectancy (at birth);2006;Spain;TOTAL;69.98733551000000
C64284DWHOSIS_000002;WHOSIS_000002;C64284D;WHOSIS_000002;YEAR;724;COUNTRY;PUBLISHED;Healthy life expectancy (at birth);2007;Spain;FEMALE;71.42855596000000
C64284DWHOSIS_000002;WHOSIS_000002;C64284D;WHOSIS_000002;YEAR;724;COUNTRY;PUBLISHED;Healthy life expectancy (at birth);2007;Spain;TOTAL;69.97839219000000
C64284DWHOSIS_000002;WHOSIS_000002;C64284D;WHOSIS_000002;YEAR;724;COUNTRY;PUBLISHED;Healthy life expectancy (at birth);2007;Spain;MALE;68.49466345000000
C64284DWHOSIS_000002;WHOSIS_000002;C64284D;WHOSIS_000002;YEAR;724;COUNTRY;PUBLISHED;Healthy life expectancy (at birth);2008;Spain;MALE;68.82187517000000
C64284DWHOSIS_000002;WHOSIS_000002;C64284D;WHOSIS_000002;YEAR;724;COUNTRY;PUBLISHED;Healthy life expectancy (at birth);2008;Spain;FEMALE;71.49510675000000
C64284DWHOSIS_000002;WHOSIS_000002;C64284D;WHOSIS_000002;YEAR;724;COUNTRY;PUBLISHED;Healthy life expectancy (at birth);2008;Spain;TOTAL;70.18015331000000
C64284DWHOSIS_000002;WHOSIS_000002;C64284D;WHOSIS_000002;YEAR;724;COUNTRY;PUBLISHED;Healthy life expectancy (at birth);2009;Spain;TOTAL;70.43269975000000
C64284DWHOSIS_000002;WHOSIS_000002;C64284D;WHOSIS_000002;YEAR;724;COUNTRY;PUBLISHED;Healthy life expectancy (at birth);2009;Spain;FEMALE;71.65692622000000
C64284DWHOSIS_000002;WHOSIS_000002;C64284D;WHOSIS_000002;YEAR;724;COUNTRY;PUBLISHED;Healthy life expectancy (at birth);2009;Spain;MALE;69.15883170000000
C64284DWHOSIS_000002;WHOSIS_000002;C64284D;WHOSIS_000002;YEAR;724;COUNTRY;PUBLISHED;Healthy life expectancy (at birth);2010;Spain;MALE;69.46050630000000
C64284DWHOSIS_000002;WHOSIS_000002;C64284D;WHOSIS_000002;YEAR;724;COUNTRY;PUBLISHED;Healthy life expectancy (at birth);2010;Spain;FEMALE;71.87050194000000
C64284DWHOSIS_000002;WHOSIS_000002;C64284D;WHOSIS_000002;YEAR;724;COUNTRY;PUBLISHED;Healthy life expectancy (at birth);2010;Spain;TOTAL;70.69261698000000
C64284DWHOSIS_000002;WHOSIS_000002;C64284D;WHOSIS_000002;YEAR;724;COUNTRY;PUBLISHED;Healthy life expectancy (at birth);2011;Spain;MALE;69.63166663000000
C64284DWHOSIS_000002;WHOSIS_000002;C64284D;WHOSIS_000002;YEAR;724;COUNTRY;PUBLISHED;Healthy life expectancy (at birth);2011;Spain;TOTAL;70.77351418000000
C64284DWHOSIS_000002;WHOSIS_000002;C64284D;WHOSIS_000002;YEAR;724;COUNTRY;PUBLISHED;Healthy life expectancy (at birth);2011;Spain;FEMALE;71.86146306000000
C64284DWHOSIS_000002;WHOSIS_000002;C64284D;WHOSIS_000002;YEAR;724;COUNTRY;PUBLISHED;Healthy life expectancy (at birth);2012;Spain;MALE;69.81188335000000
C64284DWHOSIS_000002;WHOSIS_000002;C64284D;WHOSIS_000002;YEAR;724;COUNTRY;PUBLISHED;Healthy life expectancy (at birth);2012;Spain;FEMALE;71.87993366000000
C64284DWHOSIS_000002;WHOSIS_000002;C64284D;WHOSIS_000002;YEAR;724;COUNTRY;PUBLISHED;Healthy life expectancy (at birth);2012;Spain;TOTAL;70.87500200000000
C64284DWHOSIS_000002;WHOSIS_000002;C64284D;WHOSIS_000002;YEAR;724;COUNTRY;PUBLISHED;Healthy life expectancy (at birth);2013;Spain;FEMALE;72.11668360000000
C64284DWHOSIS_000002;WHOSIS_000002;C64284D;WHOSIS_000002;YEAR;724;COUNTRY;PUBLISHED;Healthy life expectancy (at birth);2013;Spain;MALE;70.26170864000000
C64284DWHOSIS_000002;WHOSIS_000002;C64284D;WHOSIS_000002;YEAR;724;COUNTRY;PUBLISHED;Healthy life expectancy (at birth);2013;Spain;TOTAL;71.22327421000000
C64284DWHOSIS_000002;WHOSIS_000002;C64284D;WHOSIS_000002;YEAR;724;COUNTRY;PUBLISHED;Healthy life expectancy (at birth);2014;Spain;MALE;70.39057777000000
C64284DWHOSIS_000002;WHOSIS_000002;C64284D;WHOSIS_000002;YEAR;724;COUNTRY;PUBLISHED;Healthy life expectancy (at birth);2014;Spain;FEMALE;72.10824801000000
C64284DWHOSIS_000002;WHOSIS_000002;C64284D;WHOSIS_000002;YEAR;724;COUNTRY;PUBLISHED;Healthy life expectancy (at birth);2014;Spain;TOTAL;71.28222085000000
C64284DWHOSIS_000002;WHOSIS_000002;C64284D;WHOSIS_000002;YEAR;724;COUNTRY;PUBLISHED;Healthy life expectancy (at birth);2015;Spain;MALE;70.25673434000000
C64284DWHOSIS_000002;WHOSIS_000002;C64284D;WHOSIS_000002;YEAR;724;COUNTRY;PUBLISHED;Healthy life expectancy (at birth);2015;Spain;FEMALE;71.90203448000000
C64284DWHOSIS_000002;WHOSIS_000002;C64284D;WHOSIS_000002;YEAR;724;COUNTRY;PUBLISHED;Healthy life expectancy (at birth);2015;Spain;TOTAL;71.10599322000000
C64284DWHOSIS_000002;WHOSIS_000002;C64284D;WHOSIS_000002;YEAR;724;COUNTRY;PUBLISHED;Healthy life expectancy (at birth);2016;Spain;MALE;70.52945348000000
C64284DWHOSIS_000002;WHOSIS_000002;C64284D;WHOSIS_000002;YEAR;724;COUNTRY;PUBLISHED;Healthy life expectancy (at birth);2016;Spain;FEMALE;72.17664353000000
C64284DWHOSIS_000002;WHOSIS_000002;C64284D;WHOSIS_000002;YEAR;724;COUNTRY;PUBLISHED;Healthy life expectancy (at birth);2016;Spain;TOTAL;71.38142399000000
C64284DWHOSIS_000002;WHOSIS_000002;C64284D;WHOSIS_000002;YEAR;724;COUNTRY;PUBLISHED;Healthy life expectancy (at birth);2017;Spain;FEMALE;72.08609922000000
C64284DWHOSIS_000002;WHOSIS_000002;C64284D;WHOSIS_000002;YEAR;724;COUNTRY;PUBLISHED;Healthy life expectancy (at birth);2017;Spain;TOTAL;71.35132240000000
C64284DWHOSIS_000002;WHOSIS_000002;C64284D;WHOSIS_000002;YEAR;724;COUNTRY;PUBLISHED;Healthy life expectancy (at birth);2017;Spain;MALE;70.55917318000000
C64284DWHOSIS_000002;WHOSIS_000002;C64284D;WHOSIS_000002;YEAR;724;COUNTRY;PUBLISHED;Healthy life expectancy (at birth);2018;Spain;FEMALE;72.17505706000000
C64284DWHOSIS_000002;WHOSIS_000002;C64284D;WHOSIS_000002;YEAR;724;COUNTRY;PUBLISHED;Healthy life expectancy (at birth);2018;Spain;TOTAL;71.42041388000000
C64284DWHOSIS_000002;WHOSIS_000002;C64284D;WHOSIS_000002;YEAR;724;COUNTRY;PUBLISHED;Healthy life expectancy (at birth);2018;Spain;MALE;70.61259897000000
C64284DWHOSIS_000002;WHOSIS_000002;C64284D;WHOSIS_000002;YEAR;724;COUNTRY;PUBLISHED;Healthy life expectancy (at birth);2019;Spain;TOTAL;71.68925823000000
C64284DWHOSIS_000002;WHOSIS_000002;C64284D;WHOSIS_000002;YEAR;724;COUNTRY;PUBLISHED;Healthy life expectancy (at birth);2019;Spain;FEMALE;72.42053783000000
C64284DWHOSIS_000002;WHOSIS_000002;C64284D;WHOSIS_000002;YEAR;724;COUNTRY;PUBLISHED;Healthy life expectancy (at birth);2019;Spain;MALE;70.89741437000000
C64284DWHOSIS_000002;WHOSIS_000002;C64284D;WHOSIS_000002;YEAR;724;COUNTRY;PUBLISHED;Healthy life expectancy (at birth);2020;Spain;FEMALE;71.34387700000000
C64284DWHOSIS_000002;WHOSIS_000002;C64284D;WHOSIS_000002;YEAR;724;COUNTRY;PUBLISHED;Healthy life expectancy (at birth);2020;Spain;MALE;69.88416377000000
C64284DWHOSIS_000002;WHOSIS_000002;C64284D;WHOSIS_000002;YEAR;724;COUNTRY;PUBLISHED;Healthy life expectancy (at birth);2020;Spain;TOTAL;70.63086617000000
C64284DWHOSIS_000002;WHOSIS_000002;C64284D;WHOSIS_000002;YEAR;724;COUNTRY;PUBLISHED;Healthy life expectancy (at birth);2021;Spain;FEMALE;71.83391923000000
C64284DWHOSIS_000002;WHOSIS_000002;C64284D;WHOSIS_000002;YEAR;724;COUNTRY;PUBLISHED;Healthy life expectancy (at birth);2021;Spain;TOTAL;71.10701546000000
C64284DWHOSIS_000002;WHOSIS_000002;C64284D;WHOSIS_000002;YEAR;724;COUNTRY;PUBLISHED;Healthy life expectancy (at birth);2021;Spain;MALE;70.33432762000000
C64284DWHOSIS_000002;WHOSIS_000002;C64284D;WHOSIS_000002;YEAR;752;COUNTRY;PUBLISHED;Healthy life expectancy (at birth);2000;Sweden;FEMALE;69.98301409000000
C64284DWHOSIS_000002;WHOSIS_000002;C64284D;WHOSIS_000002;YEAR;752;COUNTRY;PUBLISHED;Healthy life expectancy (at birth);2000;Sweden;TOTAL;69.26424753000000
C64284DWHOSIS_000002;WHOSIS_000002;C64284D;WHOSIS_000002;YEAR;752;COUNTRY;PUBLISHED;Healthy life expectancy (at birth);2000;Sweden;MALE;68.46922759000000
C64284DWHOSIS_000002;WHOSIS_000002;C64284D;WHOSIS_000002;YEAR;752;COUNTRY;PUBLISHED;Healthy life expectancy (at birth);2001;Sweden;MALE;68.60145992000000
C64284DWHOSIS_000002;WHOSIS_000002;C64284D;WHOSIS_000002;YEAR;752;COUNTRY;PUBLISHED;Healthy life expectancy (at birth);2001;Sweden;TOTAL;69.34413770000000
C64284DWHOSIS_000002;WHOSIS_000002;C64284D;WHOSIS_000002;YEAR;752;COUNTRY;PUBLISHED;Healthy life expectancy (at birth);2001;Sweden;FEMALE;70.01738304000000
C64284DWHOSIS_000002;WHOSIS_000002;C64284D;WHOSIS_000002;YEAR;752;COUNTRY;PUBLISHED;Healthy life expectancy (at birth);2002;Sweden;MALE;68.77178661000000
C64284DWHOSIS_000002;WHOSIS_000002;C64284D;WHOSIS_000002;YEAR;752;COUNTRY;PUBLISHED;Healthy life expectancy (at birth);2002;Sweden;TOTAL;69.44076759000000
C64284DWHOSIS_000002;WHOSIS_000002;C64284D;WHOSIS_000002;YEAR;752;COUNTRY;PUBLISHED;Healthy life expectancy (at birth);2002;Sweden;FEMALE;70.04339308000000
C64284DWHOSIS_000002;WHOSIS_000002;C64284D;WHOSIS_000002;YEAR;752;COUNTRY;PUBLISHED;Healthy life expectancy (at birth);2003;Sweden;TOTAL;69.63384625000000
C64284DWHOSIS_000002;WHOSIS_000002;C64284D;WHOSIS_000002;YEAR;752;COUNTRY;PUBLISHED;Healthy life expectancy (at birth);2003;Sweden;FEMALE;70.26748985000000
C64284DWHOSIS_000002;WHOSIS_000002;C64284D;WHOSIS_000002;YEAR;752;COUNTRY;PUBLISHED;Healthy life expectancy (at birth);2003;Sweden;MALE;68.93604633000000
C64284DWHOSIS_000002;WHOSIS_000002;C64284D;WHOSIS_000002;YEAR;752;COUNTRY;PUBLISHED;Healthy life expectancy (at birth);2004;Sweden;FEMALE;70.43139127000000
C64284DWHOSIS_000002;WHOSIS_000002;C64284D;WHOSIS_000002;YEAR;752;COUNTRY;PUBLISHED;Healthy life expectancy (at birth);2004;Sweden;TOTAL;69.88844743000000
C64284DWHOSIS_000002;WHOSIS_000002;C64284D;WHOSIS_000002;YEAR;752;COUNTRY;PUBLISHED;Healthy life expectancy (at birth);2004;Sweden;MALE;69.27712935000000
C64284DWHOSIS_000002;WHOSIS_000002;C64284D;WHOSIS_000002;YEAR;752;COUNTRY;PUBLISHED;Healthy life expectancy (at birth);2005;Sweden;MALE;69.33810204000000
C64284DWHOSIS_000002;WHOSIS_000002;C64284D;WHOSIS_000002;YEAR;752;COUNTRY;PUBLISHED;Healthy life expectancy (at birth);2005;Sweden;FEMALE;70.50707109000000
C64284DWHOSIS_000002;WHOSIS_000002;C64284D;WHOSIS_000002;YEAR;752;COUNTRY;PUBLISHED;Healthy life expectancy (at birth);2005;Sweden;TOTAL;69.95589537000000
C64284DWHOSIS_000002;WHOSIS_000002;C64284D;WHOSIS_000002;YEAR;752;COUNTRY;PUBLISHED;Healthy life expectancy (at birth);2006;Sweden;MALE;69.53608156000000
C64284DWHOSIS_000002;WHOSIS_000002;C64284D;WHOSIS_000002;YEAR;752;COUNTRY;PUBLISHED;Healthy life expectancy (at birth);2006;Sweden;TOTAL;70.09858599000000
C64284DWHOSIS_000002;WHOSIS_000002;C64284D;WHOSIS_000002;YEAR;752;COUNTRY;PUBLISHED;Healthy life expectancy (at birth);2006;Sweden;FEMALE;70.59881415000000
C64284DWHOSIS_000002;WHOSIS_000002;C64284D;WHOSIS_000002;YEAR;752;COUNTRY;PUBLISHED;Healthy life expectancy (at birth);2007;Sweden;MALE;69.70259919000000
C64284DWHOSIS_000002;WHOSIS_000002;C64284D;WHOSIS_000002;YEAR;752;COUNTRY;PUBLISHED;Healthy life expectancy (at birth);2007;Sweden;TOTAL;70.20582098000000
C64284DWHOSIS_000002;WHOSIS_000002;C64284D;WHOSIS_000002;YEAR;752;COUNTRY;PUBLISHED;Healthy life expectancy (at birth);2007;Sweden;FEMALE;70.65334273000000
C64284DWHOSIS_000002;WHOSIS_000002;C64284D;WHOSIS_000002;YEAR;752;COUNTRY;PUBLISHED;Healthy life expectancy (at birth);2008;Sweden;TOTAL;70.31238468000000
C64284DWHOSIS_000002;WHOSIS_000002;C64284D;WHOSIS_000002;YEAR;752;COUNTRY;PUBLISHED;Healthy life expectancy (at birth);2008;Sweden;MALE;69.81755506000000
C64284DWHOSIS_000002;WHOSIS_000002;C64284D;WHOSIS_000002;YEAR;752;COUNTRY;PUBLISHED;Healthy life expectancy (at birth);2008;Sweden;FEMALE;70.75537727000000
C64284DWHOSIS_000002;WHOSIS_000002;C64284D;WHOSIS_000002;YEAR;752;COUNTRY;PUBLISHED;Healthy life expectancy (at birth);2009;Sweden;MALE;69.97413471000000
C64284DWHOSIS_000002;WHOSIS_000002;C64284D;WHOSIS_000002;YEAR;752;COUNTRY;PUBLISHED;Healthy life expectancy (at birth);2009;Sweden;FEMALE;70.88446241000000
C64284DWHOSIS_000002;WHOSIS_000002;C64284D;WHOSIS_000002;YEAR;752;COUNTRY;PUBLISHED;Healthy life expectancy (at birth);2009;Sweden;TOTAL;70.45845216000000
C64284DWHOSIS_000002;WHOSIS_000002;C64284D;WHOSIS_000002;YEAR;752;COUNTRY;PUBLISHED;Healthy life expectancy (at birth);2010;Sweden;FEMALE;70.98835245000000
C64284DWHOSIS_000002;WHOSIS_000002;C64284D;WHOSIS_000002;YEAR;752;COUNTRY;PUBLISHED;Healthy life expectancy (at birth);2010;Sweden;TOTAL;70.57867960000000
C64284DWHOSIS_000002;WHOSIS_000002;C64284D;WHOSIS_000002;YEAR;752;COUNTRY;PUBLISHED;Healthy life expectancy (at birth);2010;Sweden;MALE;70.11871215000000
C64284DWHOSIS_000002;WHOSIS_000002;C64284D;WHOSIS_000002;YEAR;752;COUNTRY;PUBLISHED;Healthy life expectancy (at birth);2011;Sweden;MALE;70.30542108000000
C64284DWHOSIS_000002;WHOSIS_000002;C64284D;WHOSIS_000002;YEAR;752;COUNTRY;PUBLISHED;Healthy life expectancy (at birth);2011;Sweden;FEMALE;71.09904716000000
C64284DWHOSIS_000002;WHOSIS_000002;C64284D;WHOSIS_000002;YEAR;752;COUNTRY;PUBLISHED;Healthy life expectancy (at birth);2011;Sweden;TOTAL;70.72455485000000
C64284DWHOSIS_000002;WHOSIS_000002;C64284D;WHOSIS_000002;YEAR;752;COUNTRY;PUBLISHED;Healthy life expectancy (at birth);2012;Sweden;TOTAL;70.65824332000000
C64284DWHOSIS_000002;WHOSIS_000002;C64284D;WHOSIS_000002;YEAR;752;COUNTRY;PUBLISHED;Healthy life expectancy (at birth);2012;Sweden;MALE;70.30893804000000
C64284DWHOSIS_000002;WHOSIS_000002;C64284D;WHOSIS_000002;YEAR;752;COUNTRY;PUBLISHED;Healthy life expectancy (at birth);2012;Sweden;FEMALE;70.96034770000000
C64284DWHOSIS_000002;WHOSIS_000002;C64284D;WHOSIS_000002;YEAR;752;COUNTRY;PUBLISHED;Healthy life expectancy (at birth);2013;Sweden;MALE;70.40712326000000
C64284DWHOSIS_000002;WHOSIS_000002;C64284D;WHOSIS_000002;YEAR;752;COUNTRY;PUBLISHED;Healthy life expectancy (at birth);2013;Sweden;TOTAL;70.73608162000000
C64284DWHOSIS_000002;WHOSIS_000002;C64284D;WHOSIS_000002;YEAR;752;COUNTRY;PUBLISHED;Healthy life expectancy (at birth);2013;Sweden;FEMALE;71.02318444000000
C64284DWHOSIS_000002;WHOSIS_000002;C64284D;WHOSIS_000002;YEAR;752;COUNTRY;PUBLISHED;Healthy life expectancy (at birth);2014;Sweden;MALE;70.56690212000000
C64284DWHOSIS_000002;WHOSIS_000002;C64284D;WHOSIS_000002;YEAR;752;COUNTRY;PUBLISHED;Healthy life expectancy (at birth);2014;Sweden;FEMALE;71.21421227000000
C64284DWHOSIS_000002;WHOSIS_000002;C64284D;WHOSIS_000002;YEAR;752;COUNTRY;PUBLISHED;Healthy life expectancy (at birth);2014;Sweden;TOTAL;70.90962082000000
C64284DWHOSIS_000002;WHOSIS_000002;C64284D;WHOSIS_000002;YEAR;752;COUNTRY;PUBLISHED;Healthy life expectancy (at birth);2015;Sweden;TOTAL;70.76303919000000
C64284DWHOSIS_000002;WHOSIS_000002;C64284D;WHOSIS_000002;YEAR;752;COUNTRY;PUBLISHED;Healthy life expectancy (at birth);2015;Sweden;FEMALE;71.10654755000000
C64284DWHOSIS_000002;WHOSIS_000002;C64284D;WHOSIS_000002;YEAR;752;COUNTRY;PUBLISHED;Healthy life expectancy (at birth);2015;Sweden;MALE;70.38694160000000
C64284DWHOSIS_000002;WHOSIS_000002;C64284D;WHOSIS_000002;YEAR;752;COUNTRY;PUBLISHED;Healthy life expectancy (at birth);2016;Sweden;TOTAL;70.93983827000000
C64284DWHOSIS_000002;WHOSIS_000002;C64284D;WHOSIS_000002;YEAR;752;COUNTRY;PUBLISHED;Healthy life expectancy (at birth);2016;Sweden;FEMALE;71.15725033000000
C64284DWHOSIS_000002;WHOSIS_000002;C64284D;WHOSIS_000002;YEAR;752;COUNTRY;PUBLISHED;Healthy life expectancy (at birth);2016;Sweden;MALE;70.69098184000000
C64284DWHOSIS_000002;WHOSIS_000002;C64284D;WHOSIS_000002;YEAR;752;COUNTRY;PUBLISHED;Healthy life expectancy (at birth);2017;Sweden;MALE;70.80455004000000
C64284DWHOSIS_000002;WHOSIS_000002;C64284D;WHOSIS_000002;YEAR;752;COUNTRY;PUBLISHED;Healthy life expectancy (at birth);2017;Sweden;FEMALE;71.12219710000000
C64284DWHOSIS_000002;WHOSIS_000002;C64284D;WHOSIS_000002;YEAR;752;COUNTRY;PUBLISHED;Healthy life expectancy (at birth);2017;Sweden;TOTAL;70.98174710000000
C64284DWHOSIS_000002;WHOSIS_000002;C64284D;WHOSIS_000002;YEAR;752;COUNTRY;PUBLISHED;Healthy life expectancy (at birth);2018;Sweden;TOTAL;71.05753137000000
C64284DWHOSIS_000002;WHOSIS_000002;C64284D;WHOSIS_000002;YEAR;752;COUNTRY;PUBLISHED;Healthy life expectancy (at birth);2018;Sweden;FEMALE;71.17330467000000
C64284DWHOSIS_000002;WHOSIS_000002;C64284D;WHOSIS_000002;YEAR;752;COUNTRY;PUBLISHED;Healthy life expectancy (at birth);2018;Sweden;MALE;70.90877911000000
C64284DWHOSIS_000002;WHOSIS_000002;C64284D;WHOSIS_000002;YEAR;752;COUNTRY;PUBLISHED;Healthy life expectancy (at birth);2019;Sweden;MALE;71.32730344000000
C64284DWHOSIS_000002;WHOSIS_000002;C64284D;WHOSIS_000002;YEAR;752;COUNTRY;PUBLISHED;Healthy life expectancy (at birth);2019;Sweden;FEMALE;71.46132855000000
C64284DWHOSIS_000002;WHOSIS_000002;C64284D;WHOSIS_000002;YEAR;752;COUNTRY;PUBLISHED;Healthy life expectancy (at birth);2019;Sweden;TOTAL;71.41293479000000
C64284DWHOSIS_000002;WHOSIS_000002;C64284D;WHOSIS_000002;YEAR;752;COUNTRY;PUBLISHED;Healthy life expectancy (at birth);2020;Sweden;TOTAL;70.73289273000000
C64284DWHOSIS_000002;WHOSIS_000002;C64284D;WHOSIS_000002;YEAR;752;COUNTRY;PUBLISHED;Healthy life expectancy (at birth);2020;Sweden;FEMALE;70.85142707000000
C64284DWHOSIS_000002;WHOSIS_000002;C64284D;WHOSIS_000002;YEAR;752;COUNTRY;PUBLISHED;Healthy life expectancy (at birth);2020;Sweden;MALE;70.58654386000000
C64284DWHOSIS_000002;WHOSIS_000002;C64284D;WHOSIS_000002;YEAR;752;COUNTRY;PUBLISHED;Healthy life expectancy (at birth);2021;Sweden;MALE;71.03106916000000
C64284DWHOSIS_000002;WHOSIS_000002;C64284D;WHOSIS_000002;YEAR;752;COUNTRY;PUBLISHED;Healthy life expectancy (at birth);2021;Sweden;FEMALE;71.17099204000000
C64284DWHOSIS_000002;WHOSIS_000002;C64284D;WHOSIS_000002;YEAR;752;COUNTRY;PUBLISHED;Healthy life expectancy (at birth);2021;Sweden;TOTAL;71.11832049000000
C64284DWHOSIS_000002;WHOSIS_000002;C64284D;WHOSIS_000002;YEAR;756;COUNTRY;PUBLISHED;Healthy life expectancy (at birth);2000;Switzerland;MALE;67.04195872000000
C64284DWHOSIS_000002;WHOSIS_000002;C64284D;WHOSIS_000002;YEAR;756;COUNTRY;PUBLISHED;Healthy life expectancy (at birth);2000;Switzerland;TOTAL;68.35388461000000
C64284DWHOSIS_000002;WHOSIS_000002;C64284D;WHOSIS_000002;YEAR;756;COUNTRY;PUBLISHED;Healthy life expectancy (at birth);2000;Switzerland;FEMALE;69.54125302000000
C64284DWHOSIS_000002;WHOSIS_000002;C64284D;WHOSIS_000002;YEAR;756;COUNTRY;PUBLISHED;Healthy life expectancy (at birth);2001;Switzerland;FEMALE;69.84421451000000
C64284DWHOSIS_000002;WHOSIS_000002;C64284D;WHOSIS_000002;YEAR;756;COUNTRY;PUBLISHED;Healthy life expectancy (at birth);2001;Switzerland;MALE;67.37061825000000
C64284DWHOSIS_000002;WHOSIS_000002;C64284D;WHOSIS_000002;YEAR;756;COUNTRY;PUBLISHED;Healthy life expectancy (at birth);2001;Switzerland;TOTAL;68.67026503000000
C64284DWHOSIS_000002;WHOSIS_000002;C64284D;WHOSIS_000002;YEAR;756;COUNTRY;PUBLISHED;Healthy life expectancy (at birth);2002;Switzerland;TOTAL;68.96783549000000
C64284DWHOSIS_000002;WHOSIS_000002;C64284D;WHOSIS_000002;YEAR;756;COUNTRY;PUBLISHED;Healthy life expectancy (at birth);2002;Switzerland;MALE;67.81349020000000
C64284DWHOSIS_000002;WHOSIS_000002;C64284D;WHOSIS_000002;YEAR;756;COUNTRY;PUBLISHED;Healthy life expectancy (at birth);2002;Switzerland;FEMALE;69.99545590000000
C64284DWHOSIS_000002;WHOSIS_000002;C64284D;WHOSIS_000002;YEAR;756;COUNTRY;PUBLISHED;Healthy life expectancy (at birth);2003;Switzerland;MALE;67.92871516000000
C64284DWHOSIS_000002;WHOSIS_000002;C64284D;WHOSIS_000002;YEAR;756;COUNTRY;PUBLISHED;Healthy life expectancy (at birth);2003;Switzerland;TOTAL;69.05999326000000
C64284DWHOSIS_000002;WHOSIS_000002;C64284D;WHOSIS_000002;YEAR;756;COUNTRY;PUBLISHED;Healthy life expectancy (at birth);2003;Switzerland;FEMALE;70.06954343000000
C64284DWHOSIS_000002;WHOSIS_000002;C64284D;WHOSIS_000002;YEAR;756;COUNTRY;PUBLISHED;Healthy life expectancy (at birth);2004;Switzerland;MALE;68.38704024000000
C64284DWHOSIS_000002;WHOSIS_000002;C64284D;WHOSIS_000002;YEAR;756;COUNTRY;PUBLISHED;Healthy life expectancy (at birth);2004;Switzerland;TOTAL;69.49903055000000
C64284DWHOSIS_000002;WHOSIS_000002;C64284D;WHOSIS_000002;YEAR;756;COUNTRY;PUBLISHED;Healthy life expectancy (at birth);2004;Switzerland;FEMALE;70.49380770000000
C64284DWHOSIS_000002;WHOSIS_000002;C64284D;WHOSIS_000002;YEAR;756;COUNTRY;PUBLISHED;Healthy life expectancy (at birth);2005;Switzerland;TOTAL;69.67394042000000
C64284DWHOSIS_000002;WHOSIS_000002;C64284D;WHOSIS_000002;YEAR;756;COUNTRY;PUBLISHED;Healthy life expectancy (at birth);2005;Switzerland;MALE;68.54939669000000
C64284DWHOSIS_000002;WHOSIS_000002;C64284D;WHOSIS_000002;YEAR;756;COUNTRY;PUBLISHED;Healthy life expectancy (at birth);2005;Switzerland;FEMALE;70.68063589000000
C64284DWHOSIS_000002;WHOSIS_000002;C64284D;WHOSIS_000002;YEAR;756;COUNTRY;PUBLISHED;Healthy life expectancy (at birth);2006;Switzerland;FEMALE;70.74628656000000
C64284DWHOSIS_000002;WHOSIS_000002;C64284D;WHOSIS_000002;YEAR;756;COUNTRY;PUBLISHED;Healthy life expectancy (at birth);2006;Switzerland;TOTAL;69.87433246000000
C64284DWHOSIS_000002;WHOSIS_000002;C64284D;WHOSIS_000002;YEAR;756;COUNTRY;PUBLISHED;Healthy life expectancy (at birth);2006;Switzerland;MALE;68.87588148000000
C64284DWHOSIS_000002;WHOSIS_000002;C64284D;WHOSIS_000002;YEAR;756;COUNTRY;PUBLISHED;Healthy life expectancy (at birth);2007;Switzerland;TOTAL;69.98830252000000
C64284DWHOSIS_000002;WHOSIS_000002;C64284D;WHOSIS_000002;YEAR;756;COUNTRY;PUBLISHED;Healthy life expectancy (at birth);2007;Switzerland;MALE;69.07320889000000
C64284DWHOSIS_000002;WHOSIS_000002;C64284D;WHOSIS_000002;YEAR;756;COUNTRY;PUBLISHED;Healthy life expectancy (at birth);2007;Switzerland;FEMALE;70.78783559000000
C64284DWHOSIS_000002;WHOSIS_000002;C64284D;WHOSIS_000002;YEAR;756;COUNTRY;PUBLISHED;Healthy life expectancy (at birth);2008;Switzerland;MALE;69.31133024000000
C64284DWHOSIS_000002;WHOSIS_000002;C64284D;WHOSIS_000002;YEAR;756;COUNTRY;PUBLISHED;Healthy life expectancy (at birth);2008;Switzerland;TOTAL;70.14664320000000
C64284DWHOSIS_000002;WHOSIS_000002;C64284D;WHOSIS_000002;YEAR;756;COUNTRY;PUBLISHED;Healthy life expectancy (at birth);2008;Switzerland;FEMALE;70.87200613000000
C64284DWHOSIS_000002;WHOSIS_000002;C64284D;WHOSIS_000002;YEAR;756;COUNTRY;PUBLISHED;Healthy life expectancy (at birth);2009;Switzerland;FEMALE;70.82395317000000
C64284DWHOSIS_000002;WHOSIS_000002;C64284D;WHOSIS_000002;YEAR;756;COUNTRY;PUBLISHED;Healthy life expectancy (at birth);2009;Switzerland;MALE;69.34911460000000
C64284DWHOSIS_000002;WHOSIS_000002;C64284D;WHOSIS_000002;YEAR;756;COUNTRY;PUBLISHED;Healthy life expectancy (at birth);2009;Switzerland;TOTAL;70.13482309000000
C64284DWHOSIS_000002;WHOSIS_000002;C64284D;WHOSIS_000002;YEAR;756;COUNTRY;PUBLISHED;Healthy life expectancy (at birth);2010;Switzerland;MALE;69.69496652000000
C64284DWHOSIS_000002;WHOSIS_000002;C64284D;WHOSIS_000002;YEAR;756;COUNTRY;PUBLISHED;Healthy life expectancy (at birth);2010;Switzerland;FEMALE;70.91950063000000
C64284DWHOSIS_000002;WHOSIS_000002;C64284D;WHOSIS_000002;YEAR;756;COUNTRY;PUBLISHED;Healthy life expectancy (at birth);2010;Switzerland;TOTAL;70.36015994000000
C64284DWHOSIS_000002;WHOSIS_000002;C64284D;WHOSIS_000002;YEAR;756;COUNTRY;PUBLISHED;Healthy life expectancy (at birth);2011;Switzerland;FEMALE;71.06104469000000
C64284DWHOSIS_000002;WHOSIS_000002;C64284D;WHOSIS_000002;YEAR;756;COUNTRY;PUBLISHED;Healthy life expectancy (at birth);2011;Switzerland;TOTAL;70.50295163000000
C64284DWHOSIS_000002;WHOSIS_000002;C64284D;WHOSIS_000002;YEAR;756;COUNTRY;PUBLISHED;Healthy life expectancy (at birth);2011;Switzerland;MALE;69.84432026000000
C64284DWHOSIS_000002;WHOSIS_000002;C64284D;WHOSIS_000002;YEAR;756;COUNTRY;PUBLISHED;Healthy life expectancy (at birth);2012;Switzerland;MALE;70.01097714000000
C64284DWHOSIS_000002;WHOSIS_000002;C64284D;WHOSIS_000002;YEAR;756;COUNTRY;PUBLISHED;Healthy life expectancy (at birth);2012;Switzerland;TOTAL;70.55685748000000
C64284DWHOSIS_000002;WHOSIS_000002;C64284D;WHOSIS_000002;YEAR;756;COUNTRY;PUBLISHED;Healthy life expectancy (at birth);2012;Switzerland;FEMALE;71.01608762000000
C64284DWHOSIS_000002;WHOSIS_000002;C64284D;WHOSIS_000002;YEAR;756;COUNTRY;PUBLISHED;Healthy life expectancy (at birth);2013;Switzerland;TOTAL;70.63640088000000
C64284DWHOSIS_000002;WHOSIS_000002;C64284D;WHOSIS_000002;YEAR;756;COUNTRY;PUBLISHED;Healthy life expectancy (at birth);2013;Switzerland;MALE;70.07634717000000
C64284DWHOSIS_000002;WHOSIS_000002;C64284D;WHOSIS_000002;YEAR;756;COUNTRY;PUBLISHED;Healthy life expectancy (at birth);2013;Switzerland;FEMALE;71.11899510000000
C64284DWHOSIS_000002;WHOSIS_000002;C64284D;WHOSIS_000002;YEAR;756;COUNTRY;PUBLISHED;Healthy life expectancy (at birth);2014;Switzerland;TOTAL;70.92077611000000
C64284DWHOSIS_000002;WHOSIS_000002;C64284D;WHOSIS_000002;YEAR;756;COUNTRY;PUBLISHED;Healthy life expectancy (at birth);2014;Switzerland;FEMALE;71.35062432000000
C64284DWHOSIS_000002;WHOSIS_000002;C64284D;WHOSIS_000002;YEAR;756;COUNTRY;PUBLISHED;Healthy life expectancy (at birth);2014;Switzerland;MALE;70.41463233000000
C64284DWHOSIS_000002;WHOSIS_000002;C64284D;WHOSIS_000002;YEAR;756;COUNTRY;PUBLISHED;Healthy life expectancy (at birth);2015;Switzerland;MALE;70.24974614000000
C64284DWHOSIS_000002;WHOSIS_000002;C64284D;WHOSIS_000002;YEAR;756;COUNTRY;PUBLISHED;Healthy life expectancy (at birth);2015;Switzerland;FEMALE;71.20281499000000
C64284DWHOSIS_000002;WHOSIS_000002;C64284D;WHOSIS_000002;YEAR;756;COUNTRY;PUBLISHED;Healthy life expectancy (at birth);2015;Switzerland;TOTAL;70.75694813000000
C64284DWHOSIS_000002;WHOSIS_000002;C64284D;WHOSIS_000002;YEAR;756;COUNTRY;PUBLISHED;Healthy life expectancy (at birth);2016;Switzerland;MALE;70.90788961000000
C64284DWHOSIS_000002;WHOSIS_000002;C64284D;WHOSIS_000002;YEAR;756;COUNTRY;PUBLISHED;Healthy life expectancy (at birth);2016;Switzerland;FEMALE;71.40672006000000
C64284DWHOSIS_000002;WHOSIS_000002;C64284D;WHOSIS_000002;YEAR;756;COUNTRY;PUBLISHED;Healthy life expectancy (at birth);2016;Switzerland;TOTAL;71.19516946000000
C64284DWHOSIS_000002;WHOSIS_000002;C64284D;WHOSIS_000002;YEAR;756;COUNTRY;PUBLISHED;Healthy life expectancy (at birth);2017;Switzerland;FEMALE;71.53570331000000
C64284DWHOSIS_000002;WHOSIS_000002;C64284D;WHOSIS_000002;YEAR;756;COUNTRY;PUBLISHED;Healthy life expectancy (at birth);2017;Switzerland;MALE;70.84853514000000
C64284DWHOSIS_000002;WHOSIS_000002;C64284D;WHOSIS_000002;YEAR;756;COUNTRY;PUBLISHED;Healthy life expectancy (at birth);2017;Switzerland;TOTAL;71.22011694000000
C64284DWHOSIS_000002;WHOSIS_000002;C64284D;WHOSIS_000002;YEAR;756;COUNTRY;PUBLISHED;Healthy life expectancy (at birth);2018;Switzerland;FEMALE;71.53620110000000
C64284DWHOSIS_000002;WHOSIS_000002;C64284D;WHOSIS_000002;YEAR;756;COUNTRY;PUBLISHED;Healthy life expectancy (at birth);2018;Switzerland;TOTAL;71.35828444000000
C64284DWHOSIS_000002;WHOSIS_000002;C64284D;WHOSIS_000002;YEAR;756;COUNTRY;PUBLISHED;Healthy life expectancy (at birth);2018;Switzerland;MALE;71.12289859000000
C64284DWHOSIS_000002;WHOSIS_000002;C64284D;WHOSIS_000002;YEAR;756;COUNTRY;PUBLISHED;Healthy life expectancy (at birth);2019;Switzerland;TOTAL;71.52508144000000
C64284DWHOSIS_000002;WHOSIS_000002;C64284D;WHOSIS_000002;YEAR;756;COUNTRY;PUBLISHED;Healthy life expectancy (at birth);2019;Switzerland;FEMALE;71.66858524000000
C64284DWHOSIS_000002;WHOSIS_000002;C64284D;WHOSIS_000002;YEAR;756;COUNTRY;PUBLISHED;Healthy life expectancy (at birth);2019;Switzerland;MALE;71.33081959000000
C64284DWHOSIS_000002;WHOSIS_000002;C64284D;WHOSIS_000002;YEAR;756;COUNTRY;PUBLISHED;Healthy life expectancy (at birth);2020;Switzerland;TOTAL;70.86883690000000
C64284DWHOSIS_000002;WHOSIS_000002;C64284D;WHOSIS_000002;YEAR;756;COUNTRY;PUBLISHED;Healthy life expectancy (at birth);2020;Switzerland;MALE;70.53943371000000
C64284DWHOSIS_000002;WHOSIS_000002;C64284D;WHOSIS_000002;YEAR;756;COUNTRY;PUBLISHED;Healthy life expectancy (at birth);2020;Switzerland;FEMALE;71.15009547000000
C64284DWHOSIS_000002;WHOSIS_000002;C64284D;WHOSIS_000002;YEAR;756;COUNTRY;PUBLISHED;Healthy life expectancy (at birth);2021;Switzerland;MALE;70.90932941000000
C64284DWHOSIS_000002;WHOSIS_000002;C64284D;WHOSIS_000002;YEAR;756;COUNTRY;PUBLISHED;Healthy life expectancy (at birth);2021;Switzerland;TOTAL;71.14915936000000
C64284DWHOSIS_000002;WHOSIS_000002;C64284D;WHOSIS_000002;YEAR;756;COUNTRY;PUBLISHED;Healthy life expectancy (at birth);2021;Switzerland;FEMALE;71.34745765000000
C64284DWHOSIS_000002;WHOSIS_000002;C64284D;WHOSIS_000002;YEAR;768;COUNTRY;PUBLISHED;Healthy life expectancy (at birth);2000;Togo;TOTAL;49.01759129000000
C64284DWHOSIS_000002;WHOSIS_000002;C64284D;WHOSIS_000002;YEAR;768;COUNTRY;PUBLISHED;Healthy life expectancy (at birth);2000;Togo;MALE;48.39490147000000
C64284DWHOSIS_000002;WHOSIS_000002;C64284D;WHOSIS_000002;YEAR;768;COUNTRY;PUBLISHED;Healthy life expectancy (at birth);2000;Togo;FEMALE;49.70619839000000
C64284DWHOSIS_000002;WHOSIS_000002;C64284D;WHOSIS_000002;YEAR;768;COUNTRY;PUBLISHED;Healthy life expectancy (at birth);2001;Togo;TOTAL;49.06442075000000
C64284DWHOSIS_000002;WHOSIS_000002;C64284D;WHOSIS_000002;YEAR;768;COUNTRY;PUBLISHED;Healthy life expectancy (at birth);2001;Togo;FEMALE;49.72639019000000
C64284DWHOSIS_000002;WHOSIS_000002;C64284D;WHOSIS_000002;YEAR;768;COUNTRY;PUBLISHED;Healthy life expectancy (at birth);2001;Togo;MALE;48.47026504000000
C64284DWHOSIS_000002;WHOSIS_000002;C64284D;WHOSIS_000002;YEAR;768;COUNTRY;PUBLISHED;Healthy life expectancy (at birth);2002;Togo;MALE;48.60182423000000
C64284DWHOSIS_000002;WHOSIS_000002;C64284D;WHOSIS_000002;YEAR;768;COUNTRY;PUBLISHED;Healthy life expectancy (at birth);2002;Togo;TOTAL;49.16504907000000
C64284DWHOSIS_000002;WHOSIS_000002;C64284D;WHOSIS_000002;YEAR;768;COUNTRY;PUBLISHED;Healthy life expectancy (at birth);2002;Togo;FEMALE;49.79676596000000
C64284DWHOSIS_000002;WHOSIS_000002;C64284D;WHOSIS_000002;YEAR;768;COUNTRY;PUBLISHED;Healthy life expectancy (at birth);2003;Togo;FEMALE;49.98976978000000
C64284DWHOSIS_000002;WHOSIS_000002;C64284D;WHOSIS_000002;YEAR;768;COUNTRY;PUBLISHED;Healthy life expectancy (at birth);2003;Togo;TOTAL;49.29298818000000
C64284DWHOSIS_000002;WHOSIS_000002;C64284D;WHOSIS_000002;YEAR;768;COUNTRY;PUBLISHED;Healthy life expectancy (at birth);2003;Togo;MALE;48.67948519000000
C64284DWHOSIS_000002;WHOSIS_000002;C64284D;WHOSIS_000002;YEAR;768;COUNTRY;PUBLISHED;Healthy life expectancy (at birth);2004;Togo;FEMALE;50.32447103000000
C64284DWHOSIS_000002;WHOSIS_000002;C64284D;WHOSIS_000002;YEAR;768;COUNTRY;PUBLISHED;Healthy life expectancy (at birth);2004;Togo;TOTAL;49.62557638000000
C64284DWHOSIS_000002;WHOSIS_000002;C64284D;WHOSIS_000002;YEAR;768;COUNTRY;PUBLISHED;Healthy life expectancy (at birth);2004;Togo;MALE;49.01258857000000
C64284DWHOSIS_000002;WHOSIS_000002;C64284D;WHOSIS_000002;YEAR;768;COUNTRY;PUBLISHED;Healthy life expectancy (at birth);2005;Togo;TOTAL;49.80461532000000
C64284DWHOSIS_000002;WHOSIS_000002;C64284D;WHOSIS_000002;YEAR;768;COUNTRY;PUBLISHED;Healthy life expectancy (at birth);2005;Togo;MALE;49.10527559000000
C64284DWHOSIS_000002;WHOSIS_000002;C64284D;WHOSIS_000002;YEAR;768;COUNTRY;PUBLISHED;Healthy life expectancy (at birth);2005;Togo;FEMALE;50.59737266000000
C64284DWHOSIS_000002;WHOSIS_000002;C64284D;WHOSIS_000002;YEAR;768;COUNTRY;PUBLISHED;Healthy life expectancy (at birth);2006;Togo;TOTAL;50.28476851000000
C64284DWHOSIS_000002;WHOSIS_000002;C64284D;WHOSIS_000002;YEAR;768;COUNTRY;PUBLISHED;Healthy life expectancy (at birth);2006;Togo;MALE;49.65972602000000
C64284DWHOSIS_000002;WHOSIS_000002;C64284D;WHOSIS_000002;YEAR;768;COUNTRY;PUBLISHED;Healthy life expectancy (at birth);2006;Togo;FEMALE;51.00397433000000
C64284DWHOSIS_000002;WHOSIS_000002;C64284D;WHOSIS_000002;YEAR;768;COUNTRY;PUBLISHED;Healthy life expectancy (at birth);2007;Togo;FEMALE;51.17571826000000
C64284DWHOSIS_000002;WHOSIS_000002;C64284D;WHOSIS_000002;YEAR;768;COUNTRY;PUBLISHED;Healthy life expectancy (at birth);2007;Togo;TOTAL;50.45318157000000
C64284DWHOSIS_000002;WHOSIS_000002;C64284D;WHOSIS_000002;YEAR;768;COUNTRY;PUBLISHED;Healthy life expectancy (at birth);2007;Togo;MALE;49.82889411000000
C64284DWHOSIS_000002;WHOSIS_000002;C64284D;WHOSIS_000002;YEAR;768;COUNTRY;PUBLISHED;Healthy life expectancy (at birth);2008;Togo;FEMALE;51.51416240000000
C64284DWHOSIS_000002;WHOSIS_000002;C64284D;WHOSIS_000002;YEAR;768;COUNTRY;PUBLISHED;Healthy life expectancy (at birth);2008;Togo;MALE;50.02531255000000
C64284DWHOSIS_000002;WHOSIS_000002;C64284D;WHOSIS_000002;YEAR;768;COUNTRY;PUBLISHED;Healthy life expectancy (at birth);2008;Togo;TOTAL;50.71275851000000
C64284DWHOSIS_000002;WHOSIS_000002;C64284D;WHOSIS_000002;YEAR;768;COUNTRY;PUBLISHED;Healthy life expectancy (at birth);2009;Togo;TOTAL;51.18613769000000
C64284DWHOSIS_000002;WHOSIS_000002;C64284D;WHOSIS_000002;YEAR;768;COUNTRY;PUBLISHED;Healthy life expectancy (at birth);2009;Togo;MALE;50.48324650000000
C64284DWHOSIS_000002;WHOSIS_000002;C64284D;WHOSIS_000002;YEAR;768;COUNTRY;PUBLISHED;Healthy life expectancy (at birth);2009;Togo;FEMALE;52.00348857000000
C64284DWHOSIS_000002;WHOSIS_000002;C64284D;WHOSIS_000002;YEAR;768;COUNTRY;PUBLISHED;Healthy life expectancy (at birth);2010;Togo;FEMALE;52.58593875000000
C64284DWHOSIS_000002;WHOSIS_000002;C64284D;WHOSIS_000002;YEAR;768;COUNTRY;PUBLISHED;Healthy life expectancy (at birth);2010;Togo;MALE;51.02727039000000
C64284DWHOSIS_000002;WHOSIS_000002;C64284D;WHOSIS_000002;YEAR;768;COUNTRY;PUBLISHED;Healthy life expectancy (at birth);2010;Togo;TOTAL;51.74893036000000
C64284DWHOSIS_000002;WHOSIS_000002;C64284D;WHOSIS_000002;YEAR;768;COUNTRY;PUBLISHED;Healthy life expectancy (at birth);2011;Togo;MALE;51.60273097000000
C64284DWHOSIS_000002;WHOSIS_000002;C64284D;WHOSIS_000002;YEAR;768;COUNTRY;PUBLISHED;Healthy life expectancy (at birth);2011;Togo;FEMALE;53.14104122000000
C64284DWHOSIS_000002;WHOSIS_000002;C64284D;WHOSIS_000002;YEAR;768;COUNTRY;PUBLISHED;Healthy life expectancy (at birth);2011;Togo;TOTAL;52.31667002000000
C64284DWHOSIS_000002;WHOSIS_000002;C64284D;WHOSIS_000002;YEAR;768;COUNTRY;PUBLISHED;Healthy life expectancy (at birth);2012;Togo;MALE;52.04274527000000
C64284DWHOSIS_000002;WHOSIS_000002;C64284D;WHOSIS_000002;YEAR;768;COUNTRY;PUBLISHED;Healthy life expectancy (at birth);2012;Togo;TOTAL;52.79959050000000
C64284DWHOSIS_000002;WHOSIS_000002;C64284D;WHOSIS_000002;YEAR;768;COUNTRY;PUBLISHED;Healthy life expectancy (at birth);2012;Togo;FEMALE;53.67232678000000
C64284DWHOSIS_000002;WHOSIS_000002;C64284D;WHOSIS_000002;YEAR;768;COUNTRY;PUBLISHED;Healthy life expectancy (at birth);2013;Togo;FEMALE;54.22191963000000
C64284DWHOSIS_000002;WHOSIS_000002;C64284D;WHOSIS_000002;YEAR;768;COUNTRY;PUBLISHED;Healthy life expectancy (at birth);2013;Togo;TOTAL;53.20262088000000
C64284DWHOSIS_000002;WHOSIS_000002;C64284D;WHOSIS_000002;YEAR;768;COUNTRY;PUBLISHED;Healthy life expectancy (at birth);2013;Togo;MALE;52.31853355000000
C64284DWHOSIS_000002;WHOSIS_000002;C64284D;WHOSIS_000002;YEAR;768;COUNTRY;PUBLISHED;Healthy life expectancy (at birth);2014;Togo;TOTAL;53.57856354000000
C64284DWHOSIS_000002;WHOSIS_000002;C64284D;WHOSIS_000002;YEAR;768;COUNTRY;PUBLISHED;Healthy life expectancy (at birth);2014;Togo;FEMALE;54.68856145000000
C64284DWHOSIS_000002;WHOSIS_000002;C64284D;WHOSIS_000002;YEAR;768;COUNTRY;PUBLISHED;Healthy life expectancy (at birth);2014;Togo;MALE;52.61161631000000
C64284DWHOSIS_000002;WHOSIS_000002;C64284D;WHOSIS_000002;YEAR;768;COUNTRY;PUBLISHED;Healthy life expectancy (at birth);2015;Togo;MALE;53.03079882000000
C64284DWHOSIS_000002;WHOSIS_000002;C64284D;WHOSIS_000002;YEAR;768;COUNTRY;PUBLISHED;Healthy life expectancy (at birth);2015;Togo;TOTAL;53.97696324000000
C64284DWHOSIS_000002;WHOSIS_000002;C64284D;WHOSIS_000002;YEAR;768;COUNTRY;PUBLISHED;Healthy life expectancy (at birth);2015;Togo;FEMALE;55.05854475000000
C64284DWHOSIS_000002;WHOSIS_000002;C64284D;WHOSIS_000002;YEAR;768;COUNTRY;PUBLISHED;Healthy life expectancy (at birth);2016;Togo;TOTAL;54.40971347000000
C64284DWHOSIS_000002;WHOSIS_000002;C64284D;WHOSIS_000002;YEAR;768;COUNTRY;PUBLISHED;Healthy life expectancy (at birth);2016;Togo;MALE;53.45394077000000
C64284DWHOSIS_000002;WHOSIS_000002;C64284D;WHOSIS_000002;YEAR;768;COUNTRY;PUBLISHED;Healthy life expectancy (at birth);2016;Togo;FEMALE;55.49907417000000
C64284DWHOSIS_000002;WHOSIS_000002;C64284D;WHOSIS_000002;YEAR;768;COUNTRY;PUBLISHED;Healthy life expectancy (at birth);2017;Togo;TOTAL;54.87801186000000
C64284DWHOSIS_000002;WHOSIS_000002;C64284D;WHOSIS_000002;YEAR;768;COUNTRY;PUBLISHED;Healthy life expectancy (at birth);2017;Togo;MALE;53.84090190000000
C64284DWHOSIS_000002;WHOSIS_000002;C64284D;WHOSIS_000002;YEAR;768;COUNTRY;PUBLISHED;Healthy life expectancy (at birth);2017;Togo;FEMALE;56.06081082000000
C64284DWHOSIS_000002;WHOSIS_000002;C64284D;WHOSIS_000002;YEAR;768;COUNTRY;PUBLISHED;Healthy life expectancy (at birth);2018;Togo;FEMALE;56.51002876000000
C64284DWHOSIS_000002;WHOSIS_000002;C64284D;WHOSIS_000002;YEAR;768;COUNTRY;PUBLISHED;Healthy life expectancy (at birth);2018;Togo;TOTAL;55.32478610000000
C64284DWHOSIS_000002;WHOSIS_000002;C64284D;WHOSIS_000002;YEAR;768;COUNTRY;PUBLISHED;Healthy life expectancy (at birth);2018;Togo;MALE;54.28612966000000
C64284DWHOSIS_000002;WHOSIS_000002;C64284D;WHOSIS_000002;YEAR;768;COUNTRY;PUBLISHED;Healthy life expectancy (at birth);2019;Togo;FEMALE;56.91207390000000
C64284DWHOSIS_000002;WHOSIS_000002;C64284D;WHOSIS_000002;YEAR;768;COUNTRY;PUBLISHED;Healthy life expectancy (at birth);2019;Togo;TOTAL;55.80712266000000
C64284DWHOSIS_000002;WHOSIS_000002;C64284D;WHOSIS_000002;YEAR;768;COUNTRY;PUBLISHED;Healthy life expectancy (at birth);2019;Togo;MALE;54.83284475000000
C64284DWHOSIS_000002;WHOSIS_000002;C64284D;WHOSIS_000002;YEAR;768;COUNTRY;PUBLISHED;Healthy life expectancy (at birth);2020;Togo;FEMALE;57.11258638000000
C64284DWHOSIS_000002;WHOSIS_000002;C64284D;WHOSIS_000002;YEAR;768;COUNTRY;PUBLISHED;Healthy life expectancy (at birth);2020;Togo;TOTAL;55.93008645000000
C64284DWHOSIS_000002;WHOSIS_000002;C64284D;WHOSIS_000002;YEAR;768;COUNTRY;PUBLISHED;Healthy life expectancy (at birth);2020;Togo;MALE;54.91622881000000
C64284DWHOSIS_000002;WHOSIS_000002;C64284D;WHOSIS_000002;YEAR;768;COUNTRY;PUBLISHED;Healthy life expectancy (at birth);2021;Togo;FEMALE;56.79332679000000
C64284DWHOSIS_000002;WHOSIS_000002;C64284D;WHOSIS_000002;YEAR;768;COUNTRY;PUBLISHED;Healthy life expectancy (at birth);2021;Togo;MALE;55.00928977000000
C64284DWHOSIS_000002;WHOSIS_000002;C64284D;WHOSIS_000002;YEAR;768;COUNTRY;PUBLISHED;Healthy life expectancy (at birth);2021;Togo;TOTAL;55.84901463000000
C64284DWHOSIS_000002;WHOSIS_000002;C64284D;WHOSIS_000002;YEAR;792;COUNTRY;PUBLISHED;Healthy life expectancy (at birth);2000;Türkiye;TOTAL;63.62814089000000
C64284DWHOSIS_000002;WHOSIS_000002;C64284D;WHOSIS_000002;YEAR;792;COUNTRY;PUBLISHED;Healthy life expectancy (at birth);2000;Türkiye;FEMALE;65.28109361000000
C64284DWHOSIS_000002;WHOSIS_000002;C64284D;WHOSIS_000002;YEAR;792;COUNTRY;PUBLISHED;Healthy life expectancy (at birth);2000;Türkiye;MALE;62.02082198000000
C64284DWHOSIS_000002;WHOSIS_000002;C64284D;WHOSIS_000002;YEAR;792;COUNTRY;PUBLISHED;Healthy life expectancy (at birth);2001;Türkiye;MALE;62.63158981000000
C64284DWHOSIS_000002;WHOSIS_000002;C64284D;WHOSIS_000002;YEAR;792;COUNTRY;PUBLISHED;Healthy life expectancy (at birth);2001;Türkiye;FEMALE;65.74786270000000
C64284DWHOSIS_000002;WHOSIS_000002;C64284D;WHOSIS_000002;YEAR;792;COUNTRY;PUBLISHED;Healthy life expectancy (at birth);2001;Türkiye;TOTAL;64.19016769000000
C64284DWHOSIS_000002;WHOSIS_000002;C64284D;WHOSIS_000002;YEAR;792;COUNTRY;PUBLISHED;Healthy life expectancy (at birth);2002;Türkiye;MALE;63.23021977000000
C64284DWHOSIS_000002;WHOSIS_000002;C64284D;WHOSIS_000002;YEAR;792;COUNTRY;PUBLISHED;Healthy life expectancy (at birth);2002;Türkiye;TOTAL;64.75114709000000
C64284DWHOSIS_000002;WHOSIS_000002;C64284D;WHOSIS_000002;YEAR;792;COUNTRY;PUBLISHED;Healthy life expectancy (at birth);2002;Türkiye;FEMALE;66.23384959000000
C64284DWHOSIS_000002;WHOSIS_000002;C64284D;WHOSIS_000002;YEAR;792;COUNTRY;PUBLISHED;Healthy life expectancy (at birth);2003;Türkiye;TOTAL;65.14863043000000
C64284DWHOSIS_000002;WHOSIS_000002;C64284D;WHOSIS_000002;YEAR;792;COUNTRY;PUBLISHED;Healthy life expectancy (at birth);2003;Türkiye;MALE;63.62028444000000
C64284DWHOSIS_000002;WHOSIS_000002;C64284D;WHOSIS_000002;YEAR;792;COUNTRY;PUBLISHED;Healthy life expectancy (at birth);2003;Türkiye;FEMALE;66.62768871000000
C64284DWHOSIS_000002;WHOSIS_000002;C64284D;WHOSIS_000002;YEAR;792;COUNTRY;PUBLISHED;Healthy life expectancy (at birth);2004;Türkiye;FEMALE;66.99200833000000
C64284DWHOSIS_000002;WHOSIS_000002;C64284D;WHOSIS_000002;YEAR;792;COUNTRY;PUBLISHED;Healthy life expectancy (at birth);2004;Türkiye;TOTAL;65.55093225000000
C64284DWHOSIS_000002;WHOSIS_000002;C64284D;WHOSIS_000002;YEAR;792;COUNTRY;PUBLISHED;Healthy life expectancy (at birth);2004;Türkiye;MALE;64.03707865000000
C64284DWHOSIS_000002;WHOSIS_000002;C64284D;WHOSIS_000002;YEAR;792;COUNTRY;PUBLISHED;Healthy life expectancy (at birth);2005;Türkiye;TOTAL;65.84015684000000
C64284DWHOSIS_000002;WHOSIS_000002;C64284D;WHOSIS_000002;YEAR;792;COUNTRY;PUBLISHED;Healthy life expectancy (at birth);2005;Türkiye;MALE;64.36681085000000
C64284DWHOSIS_000002;WHOSIS_000002;C64284D;WHOSIS_000002;YEAR;792;COUNTRY;PUBLISHED;Healthy life expectancy (at birth);2005;Türkiye;FEMALE;67.21779425000000
C64284DWHOSIS_000002;WHOSIS_000002;C64284D;WHOSIS_000002;YEAR;792;COUNTRY;PUBLISHED;Healthy life expectancy (at birth);2006;Türkiye;TOTAL;66.13354499000000
C64284DWHOSIS_000002;WHOSIS_000002;C64284D;WHOSIS_000002;YEAR;792;COUNTRY;PUBLISHED;Healthy life expectancy (at birth);2006;Türkiye;FEMALE;67.47099867000000
C64284DWHOSIS_000002;WHOSIS_000002;C64284D;WHOSIS_000002;YEAR;792;COUNTRY;PUBLISHED;Healthy life expectancy (at birth);2006;Türkiye;MALE;64.68779944000000
C64284DWHOSIS_000002;WHOSIS_000002;C64284D;WHOSIS_000002;YEAR;792;COUNTRY;PUBLISHED;Healthy life expectancy (at birth);2007;Türkiye;TOTAL;66.31787014000000
C64284DWHOSIS_000002;WHOSIS_000002;C64284D;WHOSIS_000002;YEAR;792;COUNTRY;PUBLISHED;Healthy life expectancy (at birth);2007;Türkiye;FEMALE;67.49255200000000
C64284DWHOSIS_000002;WHOSIS_000002;C64284D;WHOSIS_000002;YEAR;792;COUNTRY;PUBLISHED;Healthy life expectancy (at birth);2007;Türkiye;MALE;65.00367274000000
C64284DWHOSIS_000002;WHOSIS_000002;C64284D;WHOSIS_000002;YEAR;792;COUNTRY;PUBLISHED;Healthy life expectancy (at birth);2008;Türkiye;TOTAL;66.34844448000000
C64284DWHOSIS_000002;WHOSIS_000002;C64284D;WHOSIS_000002;YEAR;792;COUNTRY;PUBLISHED;Healthy life expectancy (at birth);2008;Türkiye;FEMALE;67.28705580000000
C64284DWHOSIS_000002;WHOSIS_000002;C64284D;WHOSIS_000002;YEAR;792;COUNTRY;PUBLISHED;Healthy life expectancy (at birth);2008;Türkiye;MALE;65.24769491000000
C64284DWHOSIS_000002;WHOSIS_000002;C64284D;WHOSIS_000002;YEAR;792;COUNTRY;PUBLISHED;Healthy life expectancy (at birth);2009;Türkiye;FEMALE;67.00982970000000
C64284DWHOSIS_000002;WHOSIS_000002;C64284D;WHOSIS_000002;YEAR;792;COUNTRY;PUBLISHED;Healthy life expectancy (at birth);2009;Türkiye;MALE;65.20504329000000
C64284DWHOSIS_000002;WHOSIS_000002;C64284D;WHOSIS_000002;YEAR;792;COUNTRY;PUBLISHED;Healthy life expectancy (at birth);2009;Türkiye;TOTAL;66.18292331000000
C64284DWHOSIS_000002;WHOSIS_000002;C64284D;WHOSIS_000002;YEAR;792;COUNTRY;PUBLISHED;Healthy life expectancy (at birth);2010;Türkiye;FEMALE;67.15893963000000
C64284DWHOSIS_000002;WHOSIS_000002;C64284D;WHOSIS_000002;YEAR;792;COUNTRY;PUBLISHED;Healthy life expectancy (at birth);2010;Türkiye;TOTAL;66.32822053000000
C64284DWHOSIS_000002;WHOSIS_000002;C64284D;WHOSIS_000002;YEAR;792;COUNTRY;PUBLISHED;Healthy life expectancy (at birth);2010;Türkiye;MALE;65.34189834000000
C64284DWHOSIS_000002;WHOSIS_000002;C64284D;WHOSIS_000002;YEAR;792;COUNTRY;PUBLISHED;Healthy life expectancy (at birth);2011;Türkiye;TOTAL;66.47082466000000
C64284DWHOSIS_000002;WHOSIS_000002;C64284D;WHOSIS_000002;YEAR;792;COUNTRY;PUBLISHED;Healthy life expectancy (at birth);2011;Türkiye;MALE;65.48827740000000
C64284DWHOSIS_000002;WHOSIS_000002;C64284D;WHOSIS_000002;YEAR;792;COUNTRY;PUBLISHED;Healthy life expectancy (at birth);2011;Türkiye;FEMALE;67.29744616000000
C64284DWHOSIS_000002;WHOSIS_000002;C64284D;WHOSIS_000002;YEAR;792;COUNTRY;PUBLISHED;Healthy life expectancy (at birth);2012;Türkiye;TOTAL;66.55701223000000
C64284DWHOSIS_000002;WHOSIS_000002;C64284D;WHOSIS_000002;YEAR;792;COUNTRY;PUBLISHED;Healthy life expectancy (at birth);2012;Türkiye;FEMALE;67.41402125000000
C64284DWHOSIS_000002;WHOSIS_000002;C64284D;WHOSIS_000002;YEAR;792;COUNTRY;PUBLISHED;Healthy life expectancy (at birth);2012;Türkiye;MALE;65.55338153000000
C64284DWHOSIS_000002;WHOSIS_000002;C64284D;WHOSIS_000002;YEAR;792;COUNTRY;PUBLISHED;Healthy life expectancy (at birth);2013;Türkiye;TOTAL;66.53598129000000
C64284DWHOSIS_000002;WHOSIS_000002;C64284D;WHOSIS_000002;YEAR;792;COUNTRY;PUBLISHED;Healthy life expectancy (at birth);2013;Türkiye;MALE;65.53869225000000
C64284DWHOSIS_000002;WHOSIS_000002;C64284D;WHOSIS_000002;YEAR;792;COUNTRY;PUBLISHED;Healthy life expectancy (at birth);2013;Türkiye;FEMALE;67.40818893000000
C64284DWHOSIS_000002;WHOSIS_000002;C64284D;WHOSIS_000002;YEAR;792;COUNTRY;PUBLISHED;Healthy life expectancy (at birth);2014;Türkiye;TOTAL;66.46602818000000
C64284DWHOSIS_000002;WHOSIS_000002;C64284D;WHOSIS_000002;YEAR;792;COUNTRY;PUBLISHED;Healthy life expectancy (at birth);2014;Türkiye;MALE;65.60707119000000
C64284DWHOSIS_000002;WHOSIS_000002;C64284D;WHOSIS_000002;YEAR;792;COUNTRY;PUBLISHED;Healthy life expectancy (at birth);2014;Türkiye;FEMALE;67.23017184000000
C64284DWHOSIS_000002;WHOSIS_000002;C64284D;WHOSIS_000002;YEAR;792;COUNTRY;PUBLISHED;Healthy life expectancy (at birth);2015;Türkiye;TOTAL;66.43080862000000
C64284DWHOSIS_000002;WHOSIS_000002;C64284D;WHOSIS_000002;YEAR;792;COUNTRY;PUBLISHED;Healthy life expectancy (at birth);2015;Türkiye;MALE;65.69301910000000
C64284DWHOSIS_000002;WHOSIS_000002;C64284D;WHOSIS_000002;YEAR;792;COUNTRY;PUBLISHED;Healthy life expectancy (at birth);2015;Türkiye;FEMALE;67.10691683000000
C64284DWHOSIS_000002;WHOSIS_000002;C64284D;WHOSIS_000002;YEAR;792;COUNTRY;PUBLISHED;Healthy life expectancy (at birth);2016;Türkiye;TOTAL;66.43894097000000
C64284DWHOSIS_000002;WHOSIS_000002;C64284D;WHOSIS_000002;YEAR;792;COUNTRY;PUBLISHED;Healthy life expectancy (at birth);2016;Türkiye;FEMALE;67.12387703000000
C64284DWHOSIS_000002;WHOSIS_000002;C64284D;WHOSIS_000002;YEAR;792;COUNTRY;PUBLISHED;Healthy life expectancy (at birth);2016;Türkiye;MALE;65.71686010000000
C64284DWHOSIS_000002;WHOSIS_000002;C64284D;WHOSIS_000002;YEAR;792;COUNTRY;PUBLISHED;Healthy life expectancy (at birth);2017;Türkiye;TOTAL;66.77477584000000
C64284DWHOSIS_000002;WHOSIS_000002;C64284D;WHOSIS_000002;YEAR;792;COUNTRY;PUBLISHED;Healthy life expectancy (at birth);2017;Türkiye;FEMALE;67.38128688000000
C64284DWHOSIS_000002;WHOSIS_000002;C64284D;WHOSIS_000002;YEAR;792;COUNTRY;PUBLISHED;Healthy life expectancy (at birth);2017;Türkiye;MALE;66.13612166000000
C64284DWHOSIS_000002;WHOSIS_000002;C64284D;WHOSIS_000002;YEAR;792;COUNTRY;PUBLISHED;Healthy life expectancy (at birth);2018;Türkiye;FEMALE;67.74180959000000
C64284DWHOSIS_000002;WHOSIS_000002;C64284D;WHOSIS_000002;YEAR;792;COUNTRY;PUBLISHED;Healthy life expectancy (at birth);2018;Türkiye;MALE;66.53422361000000
C64284DWHOSIS_000002;WHOSIS_000002;C64284D;WHOSIS_000002;YEAR;792;COUNTRY;PUBLISHED;Healthy life expectancy (at birth);2018;Türkiye;TOTAL;67.16130877000000
C64284DWHOSIS_000002;WHOSIS_000002;C64284D;WHOSIS_000002;YEAR;792;COUNTRY;PUBLISHED;Healthy life expectancy (at birth);2019;Türkiye;TOTAL;67.23815593000000
C64284DWHOSIS_000002;WHOSIS_000002;C64284D;WHOSIS_000002;YEAR;792;COUNTRY;PUBLISHED;Healthy life expectancy (at birth);2019;Türkiye;MALE;66.63006935000000
C64284DWHOSIS_000002;WHOSIS_000002;C64284D;WHOSIS_000002;YEAR;792;COUNTRY;PUBLISHED;Healthy life expectancy (at birth);2019;Türkiye;FEMALE;67.80004271000000
C64284DWHOSIS_000002;WHOSIS_000002;C64284D;WHOSIS_000002;YEAR;792;COUNTRY;PUBLISHED;Healthy life expectancy (at birth);2020;Türkiye;FEMALE;66.76725636000000
C64284DWHOSIS_000002;WHOSIS_000002;C64284D;WHOSIS_000002;YEAR;792;COUNTRY;PUBLISHED;Healthy life expectancy (at birth);2020;Türkiye;MALE;65.27405542000000
C64284DWHOSIS_000002;WHOSIS_000002;C64284D;WHOSIS_000002;YEAR;792;COUNTRY;PUBLISHED;Healthy life expectancy (at birth);2020;Türkiye;TOTAL;66.03379113000000
C64284DWHOSIS_000002;WHOSIS_000002;C64284D;WHOSIS_000002;YEAR;792;COUNTRY;PUBLISHED;Healthy life expectancy (at birth);2021;Türkiye;TOTAL;65.20501151000000
C64284DWHOSIS_000002;WHOSIS_000002;C64284D;WHOSIS_000002;YEAR;792;COUNTRY;PUBLISHED;Healthy life expectancy (at birth);2021;Türkiye;MALE;64.48354700000000
C64284DWHOSIS_000002;WHOSIS_000002;C64284D;WHOSIS_000002;YEAR;792;COUNTRY;PUBLISHED;Healthy life expectancy (at birth);2021;Türkiye;FEMALE;65.93575320000000
C64284DWHOSIS_000002;WHOSIS_000002;C64284D;WHOSIS_000002;YEAR;826;COUNTRY;PUBLISHED;Healthy life expectancy (at birth);2000;United Kingdom of Great Britain and Northern Ireland;MALE;66.35936978000000
C64284DWHOSIS_000002;WHOSIS_000002;C64284D;WHOSIS_000002;YEAR;826;COUNTRY;PUBLISHED;Healthy life expectancy (at birth);2000;United Kingdom of Great Britain and Northern Ireland;FEMALE;68.11415957000000
C64284DWHOSIS_000002;WHOSIS_000002;C64284D;WHOSIS_000002;YEAR;826;COUNTRY;PUBLISHED;Healthy life expectancy (at birth);2000;United Kingdom of Great Britain and Northern Ireland;TOTAL;67.27734039000000
C64284DWHOSIS_000002;WHOSIS_000002;C64284D;WHOSIS_000002;YEAR;826;COUNTRY;PUBLISHED;Healthy life expectancy (at birth);2001;United Kingdom of Great Britain and Northern Ireland;FEMALE;68.17015080000000
C64284DWHOSIS_000002;WHOSIS_000002;C64284D;WHOSIS_000002;YEAR;826;COUNTRY;PUBLISHED;Healthy life expectancy (at birth);2001;United Kingdom of Great Britain and Northern Ireland;MALE;66.44308493000000
C64284DWHOSIS_000002;WHOSIS_000002;C64284D;WHOSIS_000002;YEAR;826;COUNTRY;PUBLISHED;Healthy life expectancy (at birth);2001;United Kingdom of Great Britain and Northern Ireland;TOTAL;67.34223298000000
C64284DWHOSIS_000002;WHOSIS_000002;C64284D;WHOSIS_000002;YEAR;826;COUNTRY;PUBLISHED;Healthy life expectancy (at birth);2002;United Kingdom of Great Britain and Northern Ireland;TOTAL;67.45045469000000
C64284DWHOSIS_000002;WHOSIS_000002;C64284D;WHOSIS_000002;YEAR;826;COUNTRY;PUBLISHED;Healthy life expectancy (at birth);2002;United Kingdom of Great Britain and Northern Ireland;FEMALE;68.25951381000000
C64284DWHOSIS_000002;WHOSIS_000002;C64284D;WHOSIS_000002;YEAR;826;COUNTRY;PUBLISHED;Healthy life expectancy (at birth);2002;United Kingdom of Great Britain and Northern Ireland;MALE;66.58053875000000
C64284DWHOSIS_000002;WHOSIS_000002;C64284D;WHOSIS_000002;YEAR;826;COUNTRY;PUBLISHED;Healthy life expectancy (at birth);2003;United Kingdom of Great Britain and Northern Ireland;TOTAL;67.52331000000000
C64284DWHOSIS_000002;WHOSIS_000002;C64284D;WHOSIS_000002;YEAR;826;COUNTRY;PUBLISHED;Healthy life expectancy (at birth);2003;United Kingdom of Great Britain and Northern Ireland;MALE;66.77248594000000
C64284DWHOSIS_000002;WHOSIS_000002;C64284D;WHOSIS_000002;YEAR;826;COUNTRY;PUBLISHED;Healthy life expectancy (at birth);2003;United Kingdom of Great Britain and Northern Ireland;FEMALE;68.21703042000000
C64284DWHOSIS_000002;WHOSIS_000002;C64284D;WHOSIS_000002;YEAR;826;COUNTRY;PUBLISHED;Healthy life expectancy (at birth);2004;United Kingdom of Great Britain and Northern Ireland;FEMALE;68.58411852000000
C64284DWHOSIS_000002;WHOSIS_000002;C64284D;WHOSIS_000002;YEAR;826;COUNTRY;PUBLISHED;Healthy life expectancy (at birth);2004;United Kingdom of Great Britain and Northern Ireland;MALE;67.20184176000000
C64284DWHOSIS_000002;WHOSIS_000002;C64284D;WHOSIS_000002;YEAR;826;COUNTRY;PUBLISHED;Healthy life expectancy (at birth);2004;United Kingdom of Great Britain and Northern Ireland;TOTAL;67.92113250000000
C64284DWHOSIS_000002;WHOSIS_000002;C64284D;WHOSIS_000002;YEAR;826;COUNTRY;PUBLISHED;Healthy life expectancy (at birth);2005;United Kingdom of Great Britain and Northern Ireland;FEMALE;68.72508423000000
C64284DWHOSIS_000002;WHOSIS_000002;C64284D;WHOSIS_000002;YEAR;826;COUNTRY;PUBLISHED;Healthy life expectancy (at birth);2005;United Kingdom of Great Britain and Northern Ireland;MALE;67.42923835000000
C64284DWHOSIS_000002;WHOSIS_000002;C64284D;WHOSIS_000002;YEAR;826;COUNTRY;PUBLISHED;Healthy life expectancy (at birth);2005;United Kingdom of Great Britain and Northern Ireland;TOTAL;68.10253997000000
C64284DWHOSIS_000002;WHOSIS_000002;C64284D;WHOSIS_000002;YEAR;826;COUNTRY;PUBLISHED;Healthy life expectancy (at birth);2006;United Kingdom of Great Britain and Northern Ireland;MALE;67.64892061000000
C64284DWHOSIS_000002;WHOSIS_000002;C64284D;WHOSIS_000002;YEAR;826;COUNTRY;PUBLISHED;Healthy life expectancy (at birth);2006;United Kingdom of Great Britain and Northern Ireland;FEMALE;68.92956207000000
C64284DWHOSIS_000002;WHOSIS_000002;C64284D;WHOSIS_000002;YEAR;826;COUNTRY;PUBLISHED;Healthy life expectancy (at birth);2006;United Kingdom of Great Britain and Northern Ireland;TOTAL;68.31344755000000
C64284DWHOSIS_000002;WHOSIS_000002;C64284D;WHOSIS_000002;YEAR;826;COUNTRY;PUBLISHED;Healthy life expectancy (at birth);2007;United Kingdom of Great Britain and Northern Ireland;TOTAL;68.43733830000000
C64284DWHOSIS_000002;WHOSIS_000002;C64284D;WHOSIS_000002;YEAR;826;COUNTRY;PUBLISHED;Healthy life expectancy (at birth);2007;United Kingdom of Great Britain and Northern Ireland;FEMALE;69.02322156000000
C64284DWHOSIS_000002;WHOSIS_000002;C64284D;WHOSIS_000002;YEAR;826;COUNTRY;PUBLISHED;Healthy life expectancy (at birth);2007;United Kingdom of Great Britain and Northern Ireland;MALE;67.81115520000000
C64284DWHOSIS_000002;WHOSIS_000002;C64284D;WHOSIS_000002;YEAR;826;COUNTRY;PUBLISHED;Healthy life expectancy (at birth);2008;United Kingdom of Great Britain and Northern Ireland;MALE;67.94048354000000
C64284DWHOSIS_000002;WHOSIS_000002;C64284D;WHOSIS_000002;YEAR;826;COUNTRY;PUBLISHED;Healthy life expectancy (at birth);2008;United Kingdom of Great Britain and Northern Ireland;TOTAL;68.50792523000000
C64284DWHOSIS_000002;WHOSIS_000002;C64284D;WHOSIS_000002;YEAR;826;COUNTRY;PUBLISHED;Healthy life expectancy (at birth);2008;United Kingdom of Great Britain and Northern Ireland;FEMALE;69.04183684000000
C64284DWHOSIS_000002;WHOSIS_000002;C64284D;WHOSIS_000002;YEAR;826;COUNTRY;PUBLISHED;Healthy life expectancy (at birth);2009;United Kingdom of Great Britain and Northern Ireland;MALE;68.27217522000000
C64284DWHOSIS_000002;WHOSIS_000002;C64284D;WHOSIS_000002;YEAR;826;COUNTRY;PUBLISHED;Healthy life expectancy (at birth);2009;United Kingdom of Great Britain and Northern Ireland;FEMALE;69.37988708000000
C64284DWHOSIS_000002;WHOSIS_000002;C64284D;WHOSIS_000002;YEAR;826;COUNTRY;PUBLISHED;Healthy life expectancy (at birth);2009;United Kingdom of Great Britain and Northern Ireland;TOTAL;68.84473139000000
C64284DWHOSIS_000002;WHOSIS_000002;C64284D;WHOSIS_000002;YEAR;826;COUNTRY;PUBLISHED;Healthy life expectancy (at birth);2010;United Kingdom of Great Britain and Northern Ireland;FEMALE;69.46645691000000
C64284DWHOSIS_000002;WHOSIS_000002;C64284D;WHOSIS_000002;YEAR;826;COUNTRY;PUBLISHED;Healthy life expectancy (at birth);2010;United Kingdom of Great Britain and Northern Ireland;TOTAL;69.00570097000000
C64284DWHOSIS_000002;WHOSIS_000002;C64284D;WHOSIS_000002;YEAR;826;COUNTRY;PUBLISHED;Healthy life expectancy (at birth);2010;United Kingdom of Great Britain and Northern Ireland;MALE;68.51433702000000
C64284DWHOSIS_000002;WHOSIS_000002;C64284D;WHOSIS_000002;YEAR;826;COUNTRY;PUBLISHED;Healthy life expectancy (at birth);2011;United Kingdom of Great Britain and Northern Ireland;TOTAL;69.28706317000000
C64284DWHOSIS_000002;WHOSIS_000002;C64284D;WHOSIS_000002;YEAR;826;COUNTRY;PUBLISHED;Healthy life expectancy (at birth);2011;United Kingdom of Great Britain and Northern Ireland;MALE;68.82022979000000
C64284DWHOSIS_000002;WHOSIS_000002;C64284D;WHOSIS_000002;YEAR;826;COUNTRY;PUBLISHED;Healthy life expectancy (at birth);2011;United Kingdom of Great Britain and Northern Ireland;FEMALE;69.72352740000000
C64284DWHOSIS_000002;WHOSIS_000002;C64284D;WHOSIS_000002;YEAR;826;COUNTRY;PUBLISHED;Healthy life expectancy (at birth);2012;United Kingdom of Great Britain and Northern Ireland;TOTAL;69.31050261000000
C64284DWHOSIS_000002;WHOSIS_000002;C64284D;WHOSIS_000002;YEAR;826;COUNTRY;PUBLISHED;Healthy life expectancy (at birth);2012;United Kingdom of Great Britain and Northern Ireland;FEMALE;69.66408131000000
C64284DWHOSIS_000002;WHOSIS_000002;C64284D;WHOSIS_000002;YEAR;826;COUNTRY;PUBLISHED;Healthy life expectancy (at birth);2012;United Kingdom of Great Britain and Northern Ireland;MALE;68.92432130000000
C64284DWHOSIS_000002;WHOSIS_000002;C64284D;WHOSIS_000002;YEAR;826;COUNTRY;PUBLISHED;Healthy life expectancy (at birth);2013;United Kingdom of Great Britain and Northern Ireland;FEMALE;69.72613833000000
C64284DWHOSIS_000002;WHOSIS_000002;C64284D;WHOSIS_000002;YEAR;826;COUNTRY;PUBLISHED;Healthy life expectancy (at birth);2013;United Kingdom of Great Britain and Northern Ireland;TOTAL;69.34533083000000
C64284DWHOSIS_000002;WHOSIS_000002;C64284D;WHOSIS_000002;YEAR;826;COUNTRY;PUBLISHED;Healthy life expectancy (at birth);2013;United Kingdom of Great Britain and Northern Ireland;MALE;68.93635990000000
C64284DWHOSIS_000002;WHOSIS_000002;C64284D;WHOSIS_000002;YEAR;826;COUNTRY;PUBLISHED;Healthy life expectancy (at birth);2014;United Kingdom of Great Britain and Northern Ireland;FEMALE;69.88727004000000
C64284DWHOSIS_000002;WHOSIS_000002;C64284D;WHOSIS_000002;YEAR;826;COUNTRY;PUBLISHED;Healthy life expectancy (at birth);2014;United Kingdom of Great Britain and Northern Ireland;MALE;69.12090385000000
C64284DWHOSIS_000002;WHOSIS_000002;C64284D;WHOSIS_000002;YEAR;826;COUNTRY;PUBLISHED;Healthy life expectancy (at birth);2014;United Kingdom of Great Britain and Northern Ireland;TOTAL;69.51872089000000
C64284DWHOSIS_000002;WHOSIS_000002;C64284D;WHOSIS_000002;YEAR;826;COUNTRY;PUBLISHED;Healthy life expectancy (at birth);2015;United Kingdom of Great Britain and Northern Ireland;MALE;68.95208085000000
C64284DWHOSIS_000002;WHOSIS_000002;C64284D;WHOSIS_000002;YEAR;826;COUNTRY;PUBLISHED;Healthy life expectancy (at birth);2015;United Kingdom of Great Britain and Northern Ireland;FEMALE;69.69634418000000
C64284DWHOSIS_000002;WHOSIS_000002;C64284D;WHOSIS_000002;YEAR;826;COUNTRY;PUBLISHED;Healthy life expectancy (at birth);2015;United Kingdom of Great Britain and Northern Ireland;TOTAL;69.33389781000000
C64284DWHOSIS_000002;WHOSIS_000002;C64284D;WHOSIS_000002;YEAR;826;COUNTRY;PUBLISHED;Healthy life expectancy (at birth);2016;United Kingdom of Great Britain and Northern Ireland;TOTAL;69.43578812000000
C64284DWHOSIS_000002;WHOSIS_000002;C64284D;WHOSIS_000002;YEAR;826;COUNTRY;PUBLISHED;Healthy life expectancy (at birth);2016;United Kingdom of Great Britain and Northern Ireland;FEMALE;69.78599986000000
C64284DWHOSIS_000002;WHOSIS_000002;C64284D;WHOSIS_000002;YEAR;826;COUNTRY;PUBLISHED;Healthy life expectancy (at birth);2016;United Kingdom of Great Britain and Northern Ireland;MALE;69.06428264000000
C64284DWHOSIS_000002;WHOSIS_000002;C64284D;WHOSIS_000002;YEAR;826;COUNTRY;PUBLISHED;Healthy life expectancy (at birth);2017;United Kingdom of Great Britain and Northern Ireland;TOTAL;69.53511162000000
C64284DWHOSIS_000002;WHOSIS_000002;C64284D;WHOSIS_000002;YEAR;826;COUNTRY;PUBLISHED;Healthy life expectancy (at birth);2017;United Kingdom of Great Britain and Northern Ireland;FEMALE;69.88904423000000
C64284DWHOSIS_000002;WHOSIS_000002;C64284D;WHOSIS_000002;YEAR;826;COUNTRY;PUBLISHED;Healthy life expectancy (at birth);2017;United Kingdom of Great Britain and Northern Ireland;MALE;69.16392130000000
C64284DWHOSIS_000002;WHOSIS_000002;C64284D;WHOSIS_000002;YEAR;826;COUNTRY;PUBLISHED;Healthy life expectancy (at birth);2018;United Kingdom of Great Britain and Northern Ireland;FEMALE;69.67764262000000
C64284DWHOSIS_000002;WHOSIS_000002;C64284D;WHOSIS_000002;YEAR;826;COUNTRY;PUBLISHED;Healthy life expectancy (at birth);2018;United Kingdom of Great Britain and Northern Ireland;MALE;68.93805124000000
C64284DWHOSIS_000002;WHOSIS_000002;C64284D;WHOSIS_000002;YEAR;826;COUNTRY;PUBLISHED;Healthy life expectancy (at birth);2018;United Kingdom of Great Britain and Northern Ireland;TOTAL;69.31454909000000
C64284DWHOSIS_000002;WHOSIS_000002;C64284D;WHOSIS_000002;YEAR;826;COUNTRY;PUBLISHED;Healthy life expectancy (at birth);2019;United Kingdom of Great Britain and Northern Ireland;FEMALE;70.07471052000000
C64284DWHOSIS_000002;WHOSIS_000002;C64284D;WHOSIS_000002;YEAR;826;COUNTRY;PUBLISHED;Healthy life expectancy (at birth);2019;United Kingdom of Great Britain and Northern Ireland;MALE;69.38015713000000
C64284DWHOSIS_000002;WHOSIS_000002;C64284D;WHOSIS_000002;YEAR;826;COUNTRY;PUBLISHED;Healthy life expectancy (at birth);2019;United Kingdom of Great Britain and Northern Ireland;TOTAL;69.73674837000000
C64284DWHOSIS_000002;WHOSIS_000002;C64284D;WHOSIS_000002;YEAR;826;COUNTRY;PUBLISHED;Healthy life expectancy (at birth);2020;United Kingdom of Great Britain and Northern Ireland;MALE;68.29655109000000
C64284DWHOSIS_000002;WHOSIS_000002;C64284D;WHOSIS_000002;YEAR;826;COUNTRY;PUBLISHED;Healthy life expectancy (at birth);2020;United Kingdom of Great Britain and Northern Ireland;TOTAL;68.75005014000000
C64284DWHOSIS_000002;WHOSIS_000002;C64284D;WHOSIS_000002;YEAR;826;COUNTRY;PUBLISHED;Healthy life expectancy (at birth);2020;United Kingdom of Great Britain and Northern Ireland;FEMALE;69.19881042000000
C64284DWHOSIS_000002;WHOSIS_000002;C64284D;WHOSIS_000002;YEAR;826;COUNTRY;PUBLISHED;Healthy life expectancy (at birth);2021;United Kingdom of Great Britain and Northern Ireland;MALE;68.23656929000000
C64284DWHOSIS_000002;WHOSIS_000002;C64284D;WHOSIS_000002;YEAR;826;COUNTRY;PUBLISHED;Healthy life expectancy (at birth);2021;United Kingdom of Great Britain and Northern Ireland;TOTAL;68.63631371000000
C64284DWHOSIS_000002;WHOSIS_000002;C64284D;WHOSIS_000002;YEAR;826;COUNTRY;PUBLISHED;Healthy life expectancy (at birth);2021;United Kingdom of Great Britain and Northern Ireland;FEMALE;69.02959379000000
C64284DWHOSIS_000002;WHOSIS_000002;C64284D;WHOSIS_000002;YEAR;840;COUNTRY;PUBLISHED;Healthy life expectancy (at birth);2000;United States of America;MALE;64.19437823000000
C64284DWHOSIS_000002;WHOSIS_000002;C64284D;WHOSIS_000002;YEAR;840;COUNTRY;PUBLISHED;Healthy life expectancy (at birth);2000;United States of America;TOTAL;65.32207274000000
C64284DWHOSIS_000002;WHOSIS_000002;C64284D;WHOSIS_000002;YEAR;840;COUNTRY;PUBLISHED;Healthy life expectancy (at birth);2000;United States of America;FEMALE;66.38481773000000
C64284DWHOSIS_000002;WHOSIS_000002;C64284D;WHOSIS_000002;YEAR;840;COUNTRY;PUBLISHED;Healthy life expectancy (at birth);2001;United States of America;MALE;64.24406806000000
C64284DWHOSIS_000002;WHOSIS_000002;C64284D;WHOSIS_000002;YEAR;840;COUNTRY;PUBLISHED;Healthy life expectancy (at birth);2001;United States of America;TOTAL;65.36243672000000
C64284DWHOSIS_000002;WHOSIS_000002;C64284D;WHOSIS_000002;YEAR;840;COUNTRY;PUBLISHED;Healthy life expectancy (at birth);2001;United States of America;FEMALE;66.41973532000000
C64284DWHOSIS_000002;WHOSIS_000002;C64284D;WHOSIS_000002;YEAR;840;COUNTRY;PUBLISHED;Healthy life expectancy (at birth);2002;United States of America;MALE;64.31583697000000
C64284DWHOSIS_000002;WHOSIS_000002;C64284D;WHOSIS_000002;YEAR;840;COUNTRY;PUBLISHED;Healthy life expectancy (at birth);2002;United States of America;TOTAL;65.43271002000000
C64284DWHOSIS_000002;WHOSIS_000002;C64284D;WHOSIS_000002;YEAR;840;COUNTRY;PUBLISHED;Healthy life expectancy (at birth);2002;United States of America;FEMALE;66.49152957000000
C64284DWHOSIS_000002;WHOSIS_000002;C64284D;WHOSIS_000002;YEAR;840;COUNTRY;PUBLISHED;Healthy life expectancy (at birth);2003;United States of America;TOTAL;65.53086007000000
C64284DWHOSIS_000002;WHOSIS_000002;C64284D;WHOSIS_000002;YEAR;840;COUNTRY;PUBLISHED;Healthy life expectancy (at birth);2003;United States of America;FEMALE;66.59464353000000
C64284DWHOSIS_000002;WHOSIS_000002;C64284D;WHOSIS_000002;YEAR;840;COUNTRY;PUBLISHED;Healthy life expectancy (at birth);2003;United States of America;MALE;64.41363117000000
C64284DWHOSIS_000002;WHOSIS_000002;C64284D;WHOSIS_000002;YEAR;840;COUNTRY;PUBLISHED;Healthy life expectancy (at birth);2004;United States of America;MALE;64.71736882000000
C64284DWHOSIS_000002;WHOSIS_000002;C64284D;WHOSIS_000002;YEAR;840;COUNTRY;PUBLISHED;Healthy life expectancy (at birth);2004;United States of America;FEMALE;66.86590903000000
C64284DWHOSIS_000002;WHOSIS_000002;C64284D;WHOSIS_000002;YEAR;840;COUNTRY;PUBLISHED;Healthy life expectancy (at birth);2004;United States of America;TOTAL;65.81921487000000
C64284DWHOSIS_000002;WHOSIS_000002;C64284D;WHOSIS_000002;YEAR;840;COUNTRY;PUBLISHED;Healthy life expectancy (at birth);2005;United States of America;MALE;64.68768591000000
C64284DWHOSIS_000002;WHOSIS_000002;C64284D;WHOSIS_000002;YEAR;840;COUNTRY;PUBLISHED;Healthy life expectancy (at birth);2005;United States of America;TOTAL;65.80625867000000
C64284DWHOSIS_000002;WHOSIS_000002;C64284D;WHOSIS_000002;YEAR;840;COUNTRY;PUBLISHED;Healthy life expectancy (at birth);2005;United States of America;FEMALE;66.87921687000000
C64284DWHOSIS_000002;WHOSIS_000002;C64284D;WHOSIS_000002;YEAR;840;COUNTRY;PUBLISHED;Healthy life expectancy (at birth);2006;United States of America;MALE;64.88246017000000
C64284DWHOSIS_000002;WHOSIS_000002;C64284D;WHOSIS_000002;YEAR;840;COUNTRY;PUBLISHED;Healthy life expectancy (at birth);2006;United States of America;FEMALE;67.06578579000000
C64284DWHOSIS_000002;WHOSIS_000002;C64284D;WHOSIS_000002;YEAR;840;COUNTRY;PUBLISHED;Healthy life expectancy (at birth);2006;United States of America;TOTAL;65.99705176000000
C64284DWHOSIS_000002;WHOSIS_000002;C64284D;WHOSIS_000002;YEAR;840;COUNTRY;PUBLISHED;Healthy life expectancy (at birth);2007;United States of America;MALE;65.06104137000000
C64284DWHOSIS_000002;WHOSIS_000002;C64284D;WHOSIS_000002;YEAR;840;COUNTRY;PUBLISHED;Healthy life expectancy (at birth);2007;United States of America;FEMALE;67.20843177000000
C64284DWHOSIS_000002;WHOSIS_000002;C64284D;WHOSIS_000002;YEAR;840;COUNTRY;PUBLISHED;Healthy life expectancy (at birth);2007;United States of America;TOTAL;66.15695082000000
C64284DWHOSIS_000002;WHOSIS_000002;C64284D;WHOSIS_000002;YEAR;840;COUNTRY;PUBLISHED;Healthy life expectancy (at birth);2008;United States of America;FEMALE;67.22994019000000
C64284DWHOSIS_000002;WHOSIS_000002;C64284D;WHOSIS_000002;YEAR;840;COUNTRY;PUBLISHED;Healthy life expectancy (at birth);2008;United States of America;TOTAL;66.21892585000000
C64284DWHOSIS_000002;WHOSIS_000002;C64284D;WHOSIS_000002;YEAR;840;COUNTRY;PUBLISHED;Healthy life expectancy (at birth);2008;United States of America;MALE;65.16948794000000
C64284DWHOSIS_000002;WHOSIS_000002;C64284D;WHOSIS_000002;YEAR;840;COUNTRY;PUBLISHED;Healthy life expectancy (at birth);2009;United States of America;FEMALE;67.42677741000000
C64284DWHOSIS_000002;WHOSIS_000002;C64284D;WHOSIS_000002;YEAR;840;COUNTRY;PUBLISHED;Healthy life expectancy (at birth);2009;United States of America;TOTAL;66.44310028000000
C64284DWHOSIS_000002;WHOSIS_000002;C64284D;WHOSIS_000002;YEAR;840;COUNTRY;PUBLISHED;Healthy life expectancy (at birth);2009;United States of America;MALE;65.41915635000000
C64284DWHOSIS_000002;WHOSIS_000002;C64284D;WHOSIS_000002;YEAR;840;COUNTRY;PUBLISHED;Healthy life expectancy (at birth);2010;United States of America;MALE;65.55914247000000
C64284DWHOSIS_000002;WHOSIS_000002;C64284D;WHOSIS_000002;YEAR;840;COUNTRY;PUBLISHED;Healthy life expectancy (at birth);2010;United States of America;FEMALE;67.51606335000000
C64284DWHOSIS_000002;WHOSIS_000002;C64284D;WHOSIS_000002;YEAR;840;COUNTRY;PUBLISHED;Healthy life expectancy (at birth);2010;United States of America;TOTAL;66.55658322000000
C64284DWHOSIS_000002;WHOSIS_000002;C64284D;WHOSIS_000002;YEAR;840;COUNTRY;PUBLISHED;Healthy life expectancy (at birth);2011;United States of America;FEMALE;67.48479146000000
C64284DWHOSIS_000002;WHOSIS_000002;C64284D;WHOSIS_000002;YEAR;840;COUNTRY;PUBLISHED;Healthy life expectancy (at birth);2011;United States of America;MALE;65.60183355000000
C64284DWHOSIS_000002;WHOSIS_000002;C64284D;WHOSIS_000002;YEAR;840;COUNTRY;PUBLISHED;Healthy life expectancy (at birth);2011;United States of America;TOTAL;66.55993182000000
C64284DWHOSIS_000002;WHOSIS_000002;C64284D;WHOSIS_000002;YEAR;840;COUNTRY;PUBLISHED;Healthy life expectancy (at birth);2012;United States of America;MALE;65.64825498000000
C64284DWHOSIS_000002;WHOSIS_000002;C64284D;WHOSIS_000002;YEAR;840;COUNTRY;PUBLISHED;Healthy life expectancy (at birth);2012;United States of America;FEMALE;67.50919225000000
C64284DWHOSIS_000002;WHOSIS_000002;C64284D;WHOSIS_000002;YEAR;840;COUNTRY;PUBLISHED;Healthy life expectancy (at birth);2012;United States of America;TOTAL;66.59242010000000
C64284DWHOSIS_000002;WHOSIS_000002;C64284D;WHOSIS_000002;YEAR;840;COUNTRY;PUBLISHED;Healthy life expectancy (at birth);2013;United States of America;TOTAL;66.53189596000000
C64284DWHOSIS_000002;WHOSIS_000002;C64284D;WHOSIS_000002;YEAR;840;COUNTRY;PUBLISHED;Healthy life expectancy (at birth);2013;United States of America;FEMALE;67.44114438000000
C64284DWHOSIS_000002;WHOSIS_000002;C64284D;WHOSIS_000002;YEAR;840;COUNTRY;PUBLISHED;Healthy life expectancy (at birth);2013;United States of America;MALE;65.60267172000000
C64284DWHOSIS_000002;WHOSIS_000002;C64284D;WHOSIS_000002;YEAR;840;COUNTRY;PUBLISHED;Healthy life expectancy (at birth);2014;United States of America;MALE;65.58693156000000
C64284DWHOSIS_000002;WHOSIS_000002;C64284D;WHOSIS_000002;YEAR;840;COUNTRY;PUBLISHED;Healthy life expectancy (at birth);2014;United States of America;FEMALE;67.39484893000000
C64284DWHOSIS_000002;WHOSIS_000002;C64284D;WHOSIS_000002;YEAR;840;COUNTRY;PUBLISHED;Healthy life expectancy (at birth);2014;United States of America;TOTAL;66.49773950000000
C64284DWHOSIS_000002;WHOSIS_000002;C64284D;WHOSIS_000002;YEAR;840;COUNTRY;PUBLISHED;Healthy life expectancy (at birth);2015;United States of America;MALE;65.39346072000000
C64284DWHOSIS_000002;WHOSIS_000002;C64284D;WHOSIS_000002;YEAR;840;COUNTRY;PUBLISHED;Healthy life expectancy (at birth);2015;United States of America;TOTAL;66.30626019000000
C64284DWHOSIS_000002;WHOSIS_000002;C64284D;WHOSIS_000002;YEAR;840;COUNTRY;PUBLISHED;Healthy life expectancy (at birth);2015;United States of America;FEMALE;67.21480395000000
C64284DWHOSIS_000002;WHOSIS_000002;C64284D;WHOSIS_000002;YEAR;840;COUNTRY;PUBLISHED;Healthy life expectancy (at birth);2016;United States of America;MALE;65.22738668000000
C64284DWHOSIS_000002;WHOSIS_000002;C64284D;WHOSIS_000002;YEAR;840;COUNTRY;PUBLISHED;Healthy life expectancy (at birth);2016;United States of America;FEMALE;67.11027511000000
C64284DWHOSIS_000002;WHOSIS_000002;C64284D;WHOSIS_000002;YEAR;840;COUNTRY;PUBLISHED;Healthy life expectancy (at birth);2016;United States of America;TOTAL;66.16788375000000
C64284DWHOSIS_000002;WHOSIS_000002;C64284D;WHOSIS_000002;YEAR;840;COUNTRY;PUBLISHED;Healthy life expectancy (at birth);2017;United States of America;TOTAL;66.02778237000000
C64284DWHOSIS_000002;WHOSIS_000002;C64284D;WHOSIS_000002;YEAR;840;COUNTRY;PUBLISHED;Healthy life expectancy (at birth);2017;United States of America;FEMALE;66.95622792000000
C64284DWHOSIS_000002;WHOSIS_000002;C64284D;WHOSIS_000002;YEAR;840;COUNTRY;PUBLISHED;Healthy life expectancy (at birth);2017;United States of America;MALE;65.10429992000000
C64284DWHOSIS_000002;WHOSIS_000002;C64284D;WHOSIS_000002;YEAR;840;COUNTRY;PUBLISHED;Healthy life expectancy (at birth);2018;United States of America;FEMALE;66.92330701000000
C64284DWHOSIS_000002;WHOSIS_000002;C64284D;WHOSIS_000002;YEAR;840;COUNTRY;PUBLISHED;Healthy life expectancy (at birth);2018;United States of America;TOTAL;66.02103921000000
C64284DWHOSIS_000002;WHOSIS_000002;C64284D;WHOSIS_000002;YEAR;840;COUNTRY;PUBLISHED;Healthy life expectancy (at birth);2018;United States of America;MALE;65.12514580000000
C64284DWHOSIS_000002;WHOSIS_000002;C64284D;WHOSIS_000002;YEAR;840;COUNTRY;PUBLISHED;Healthy life expectancy (at birth);2019;United States of America;MALE;65.12712594000000
C64284DWHOSIS_000002;WHOSIS_000002;C64284D;WHOSIS_000002;YEAR;840;COUNTRY;PUBLISHED;Healthy life expectancy (at birth);2019;United States of America;FEMALE;66.92790292000000
C64284DWHOSIS_000002;WHOSIS_000002;C64284D;WHOSIS_000002;YEAR;840;COUNTRY;PUBLISHED;Healthy life expectancy (at birth);2019;United States of America;TOTAL;66.02389880000000
C64284DWHOSIS_000002;WHOSIS_000002;C64284D;WHOSIS_000002;YEAR;840;COUNTRY;PUBLISHED;Healthy life expectancy (at birth);2020;United States of America;TOTAL;64.43125830000000
C64284DWHOSIS_000002;WHOSIS_000002;C64284D;WHOSIS_000002;YEAR;840;COUNTRY;PUBLISHED;Healthy life expectancy (at birth);2020;United States of America;MALE;63.36901010000000
C64284DWHOSIS_000002;WHOSIS_000002;C64284D;WHOSIS_000002;YEAR;840;COUNTRY;PUBLISHED;Healthy life expectancy (at birth);2020;United States of America;FEMALE;65.53542240000000
C64284DWHOSIS_000002;WHOSIS_000002;C64284D;WHOSIS_000002;YEAR;840;COUNTRY;PUBLISHED;Healthy life expectancy (at birth);2021;United States of America;TOTAL;63.91495735000000
C64284DWHOSIS_000002;WHOSIS_000002;C64284D;WHOSIS_000002;YEAR;840;COUNTRY;PUBLISHED;Healthy life expectancy (at birth);2021;United States of America;FEMALE;65.11705338000000
C64284DWHOSIS_000002;WHOSIS_000002;C64284D;WHOSIS_000002;YEAR;840;COUNTRY;PUBLISHED;Healthy life expectancy (at birth);2021;United States of America;MALE;62.76627405000000
